Fecha,Hora,Potencia [kW],Insolacion [W/m2],Temperatura de modulos [C],Temperatura Ambiente [C]
11/12/2019,12:00:00 AM,x,1.01,12.73,12.09067083
11/12/2019,12:05:00 AM,x,1.01,12.19,12.0616
11/12/2019,12:10:00 AM,x,1,12.04,12.04479688
11/12/2019,12:15:00 AM,x,1,11.85,12.03839444
11/12/2019,12:20:00 AM,x,1.01,11.95,12.01177955
11/12/2019,12:25:00 AM,x,1,11.98,11.9830625
11/12/2019,12:30:00 AM,x,1.01,11.92,11.89889583
11/12/2019,12:35:00 AM,x,1.01,11.96,11.85295417
11/12/2019,12:40:00 AM,x,1.01,12.02,11.80709375
11/12/2019,12:45:00 AM,x,1.01,11.98,11.77373333
11/12/2019,12:50:00 AM,x,1.02,11.87,11.74456667
11/12/2019,12:55:00 AM,x,1.01,11.7,11.73117917
11/12/2019,01:00:00 AM,x,1.01,11.72,11.74281875
11/12/2019,01:05:00 AM,x,1.05,11.64,11.751125
11/12/2019,01:10:00 AM,x,1.01,11.49,11.74776458
11/12/2019,01:15:00 AM,x,1.01,11.45,11.7477375
11/12/2019,01:20:00 AM,x,1.01,11.6,11.74607083
11/12/2019,01:25:00 AM,x,1.02,11.82,11.76021042
11/12/2019,01:30:00 AM,x,1.02,12.06,11.77685
11/12/2019,01:35:00 AM,x,1.02,12.06,11.79443125
11/12/2019,01:40:00 AM,x,1.02,11.98,11.82609792
11/12/2019,01:45:00 AM,x,1.02,11.98,11.86357083
11/12/2019,01:50:00 AM,x,1.02,11.85,11.88857083
11/12/2019,01:55:00 AM,x,1.02,11.87,11.89859792
11/12/2019,02:00:00 AM,x,1.02,11.92,11.88943125
11/12/2019,02:05:00 AM,x,1.02,11.85,11.88859792
11/12/2019,02:10:00 AM,x,1.01,11.87,11.89029167
11/12/2019,02:15:00 AM,x,1.02,11.9,11.89615208
11/12/2019,02:20:00 AM,x,1.01,11.9,11.89617917
11/12/2019,02:25:00 AM,x,1.01,11.94,11.89203958
11/12/2019,02:30:00 AM,x,1.02,11.95,11.8854
11/12/2019,02:35:00 AM,x,1.02,12.05,11.89709375
11/12/2019,02:40:00 AM,x,1.01,12,11.87876042
11/12/2019,02:45:00 AM,x,1.01,12.05,11.82712083
11/12/2019,02:50:00 AM,x,1.01,11.85,11.77462083
11/12/2019,02:55:00 AM,x,1.01,11.82,11.7137875
11/12/2019,03:00:00 AM,x,1.01,11.84,11.65214792
11/12/2019,03:05:00 AM,x,1.01,11.99,11.59050833
11/12/2019,03:10:00 AM,x,1.01,11.65,11.52631458
11/12/2019,03:15:00 AM,x,1.01,11.28,11.45714792
11/12/2019,03:20:00 AM,x,1.01,11.27,11.41798125
11/12/2019,03:25:00 AM,x,1.01,11.21,11.39712083
11/12/2019,03:30:00 AM,x,1.01,11.21,11.38209375
11/12/2019,03:35:00 AM,x,1.01,11.31,11.35623333
11/12/2019,03:40:00 AM,x,1.02,11.23,11.35537292
11/12/2019,03:45:00 AM,x,1.01,11.22,11.38867917
11/12/2019,03:50:00 AM,x,1.01,11.38,11.42948542
11/12/2019,03:55:00 AM,x,1.02,11.57,11.471125
11/12/2019,04:00:00 AM,x,1.02,11.66,11.53526458
11/12/2019,04:05:00 AM,x,1.02,11.68,11.60107083
11/12/2019,04:10:00 AM,x,1.02,11.64,11.63940417
11/12/2019,04:15:00 AM,x,1.02,11.68,11.64190417
11/12/2019,04:20:00 AM,x,1.02,11.76,11.6127375
11/12/2019,04:25:00 AM,x,1.02,11.71,11.56276458
11/12/2019,04:30:00 AM,x,1.02,11.98,11.49945833
11/12/2019,04:35:00 AM,x,1.02,12.1,11.43198542
11/12/2019,04:40:00 AM,x,1.02,11.69,11.36867917
11/12/2019,04:45:00 AM,x,1.01,11.25,11.30787292
11/12/2019,04:50:00 AM,x,1.01,11.03,11.24787292
11/12/2019,04:55:00 AM,x,1.01,10.97,11.20037292
11/12/2019,05:00:00 AM,x,1.01,10.9,11.14037292
11/12/2019,05:05:00 AM,x,1.01,10.87,11.08531875
11/12/2019,05:10:00 AM,x,1.01,10.88,11.079025
11/12/2019,05:15:00 AM,x,1.01,10.95,11.11782708
11/12/2019,05:20:00 AM,x,1.02,11.04,11.17865833
11/12/2019,05:25:00 AM,x,1.02,11.14,11.23989583
11/12/2019,05:30:00 AM,x,1.02,11.26,11.29782917
11/12/2019,05:35:00 AM,x,1.04,11.44,11.34953958
11/12/2019,05:40:00 AM,0,1.19,11.62,11.3916
11/12/2019,05:45:00 AM,0,1.76,11.74,11.39662708
11/12/2019,05:50:00 AM,0.02,3.78,11.85,11.38991458
11/12/2019,05:55:00 AM,0.2,7.63,11.92,11.36699792
11/12/2019,06:00:00 AM,0.59,12.85,11.98,11.31968333
11/12/2019,06:05:00 AM,1.04,18.84,12.07,11.24980625
11/12/2019,06:10:00 AM,1.56,25.48,12.18,11.16609583
11/12/2019,06:15:00 AM,2.16,33,12.05,11.09913125
11/12/2019,06:20:00 AM,2.84,41.96,12.29,11.06721458
11/12/2019,06:25:00 AM,3.59,51.02,12.49,11.04220208
11/12/2019,06:30:00 AM,4.49,62.49,12.69,11.07962083
11/12/2019,06:35:00 AM,5.42,73.61,12.96,11.16175208
11/12/2019,06:40:00 AM,6.29,82.56,13.26,11.25873958
11/12/2019,06:45:00 AM,7.01,89.87,13.8,11.39349375
11/12/2019,06:50:00 AM,7.87,100.18,14.6,11.56429375
11/12/2019,06:55:00 AM,9.17,116.25,15.15,11.76948542
11/12/2019,07:00:00 AM,10.24,128.88,16.2,12.01136667
11/12/2019,07:05:00 AM,10.92,137.13,16.9,12.33728958
11/12/2019,07:10:00 AM,11.72,146.9,17.29,12.69828125
11/12/2019,07:15:00 AM,12.78,159.86,17.79,13.11148958
11/12/2019,07:20:00 AM,13.37,166.28,18.38,13.48285833
11/12/2019,07:25:00 AM,13.62,168.18,18.76,13.83027292
11/12/2019,07:30:00 AM,13.81,169.18,19.06,14.11775417
11/12/2019,07:35:00 AM,12.4,150.5,19.37,14.32515417
11/12/2019,07:40:00 AM,10.8,132.04,19.2,14.47714375
11/12/2019,07:45:00 AM,7.98,100.07,19.09,14.58606667
11/12/2019,07:50:00 AM,6.38,80.29,18.41,14.69485417
11/12/2019,07:55:00 AM,6.13,77.82,18.07,14.80793125
11/12/2019,08:00:00 AM,5.35,69.81,17.73,14.90060625
11/12/2019,08:05:00 AM,5.39,70.09,17.21,14.76814375
11/12/2019,08:10:00 AM,6.3,81.55,16.99,14.54364375
11/12/2019,08:15:00 AM,8.11,103.95,17.28,14.08607292
11/12/2019,08:20:00 AM,9,114.42,18,13.48357292
11/12/2019,08:25:00 AM,9.22,116.89,18.45,13.10928125
11/12/2019,08:30:00 AM,9.85,124.5,18.72,13.06152917
11/12/2019,08:35:00 AM,13.79,168.64,18.37,13.14052083
11/12/2019,08:40:00 AM,16.82,203.24,18.82,13.3159
11/12/2019,08:45:00 AM,22.06,274.25,19.26,13.66078542
11/12/2019,08:50:00 AM,29.39,364.29,20.41,14.05004167
11/12/2019,08:55:00 AM,29.68,352.02,22.49,14.37602083
11/12/2019,09:00:00 AM,26.6,312.98,25.06,14.52957708
11/12/2019,09:05:00 AM,26.21,314.77,26.11,14.81104375
11/12/2019,09:10:00 AM,27.74,341.41,27.54,14.878375
11/12/2019,09:15:00 AM,26.17,320.3,28.45,15.13082292
11/12/2019,09:20:00 AM,25.3,311.31,29.07,15.70980833
11/12/2019,09:25:00 AM,25.37,306.99,28.54,16.141775
11/12/2019,09:30:00 AM,27.55,332.11,27.31,15.79605833
11/12/2019,09:35:00 AM,28.58,346.56,27.53,15.7434375
11/12/2019,09:40:00 AM,39.82,523.61,30.04,15.60669375
11/12/2019,09:45:00 AM,50.92,667.5,35.07,15.3849875
11/12/2019,09:50:00 AM,51.38,673.28,37.4,15.02485208
11/12/2019,09:55:00 AM,42.89,553.14,34.21,14.71385833
11/12/2019,10:00:00 AM,54.83,713.86,33.94,14.52944375
11/12/2019,10:05:00 AM,39.82,507.43,31.74,14.51463333
11/12/2019,10:10:00 AM,37.07,471.9,30.14,14.92841458
11/12/2019,10:15:00 AM,31.46,392.93,28.15,15.32740208
11/12/2019,10:20:00 AM,29.78,367.36,26.57,15.7147875
11/12/2019,10:25:00 AM,28.99,356.28,26.41,16.14910417
11/12/2019,10:30:00 AM,30.48,377.74,26.58,17.07565417
11/12/2019,10:35:00 AM,31.73,394.49,28.91,17.5743375
11/12/2019,10:40:00 AM,31.97,384.06,30.47,18.06495208
11/12/2019,10:45:00 AM,33.13,389.72,30.83,18.47204167
11/12/2019,10:50:00 AM,32.42,381.63,32.57,18.83052708
11/12/2019,10:55:00 AM,28.16,329.7,32.16,19.09076458
11/12/2019,11:00:00 AM,21.65,248.98,29.95,19.27033125
11/12/2019,11:05:00 AM,17.23,194.07,27.54,19.19906458
11/12/2019,11:10:00 AM,16.01,174.75,26.37,19.02858125
11/12/2019,11:15:00 AM,15.88,166.62,25.68,18.90080625
11/12/2019,11:20:00 AM,17.62,181.15,24.82,18.6122125
11/12/2019,11:25:00 AM,21.14,220.5,25.12,18.13151042
11/12/2019,11:30:00 AM,29.09,317.9,26.79,17.63107708
11/12/2019,11:35:00 AM,39.53,458.65,30.14,17.24868125
11/12/2019,11:40:00 AM,40.21,462.7,30.98,16.88730208
11/12/2019,11:45:00 AM,36.77,419.36,30.26,16.42932917
11/12/2019,11:50:00 AM,33.78,387.88,29.31,16.03402083
11/12/2019,11:55:00 AM,31.91,367.19,27.61,15.72078125
11/12/2019,12:00:00 PM,32.06,361.14,27.59,15.50299375
11/12/2019,12:05:00 PM,27.89,319.57,27.03,15.43468542
11/12/2019,12:10:00 PM,27.29,324.49,26.9,15.32610625
11/12/2019,12:15:00 PM,29.38,359.41,26.45,15.15857083
11/12/2019,12:20:00 PM,31.2,375.11,26.38,15.06598125
11/12/2019,12:25:00 PM,32.76,395.85,27.06,15.12788958
11/12/2019,12:30:00 PM,32.99,408.16,27.11,15.16953125
11/12/2019,12:35:00 PM,29.88,369.41,26.42,15.18611875
11/12/2019,12:40:00 PM,27.78,341.56,25.74,15.23587083
11/12/2019,12:45:00 PM,25.72,314.45,24.84,15.43836875
11/12/2019,12:50:00 PM,22.19,274.99,24.53,15.73461458
11/12/2019,12:55:00 PM,19.36,241.87,24.28,16.02625625
11/12/2019,01:00:00 PM,18.38,230.38,23.84,16.33768542
11/12/2019,01:05:00 PM,15.98,200.83,23.37,16.67611042
11/12/2019,01:10:00 PM,15.82,198.12,23.39,17.03480625
11/12/2019,01:15:00 PM,17.17,214.18,24.16,17.49691042
11/12/2019,01:20:00 PM,19.36,242.65,25.63,17.96488958
11/12/2019,01:25:00 PM,18.86,237.09,25.4,18.31189375
11/12/2019,01:30:00 PM,19.3,243.94,25.51,18.64517708
11/12/2019,01:35:00 PM,19.39,243.53,26.39,18.90873542
11/12/2019,01:40:00 PM,17.93,219.58,26.08,19.08519375
11/12/2019,01:45:00 PM,16.88,196.75,26.56,19.18305
11/12/2019,01:50:00 PM,14.57,173.89,26.86,19.2626375
11/12/2019,01:55:00 PM,14.92,177.13,26.34,19.4615125
11/12/2019,02:00:00 PM,16.1,184.86,26.36,19.6796625
11/12/2019,02:05:00 PM,17.74,197.67,26.43,19.84098542
11/12/2019,02:10:00 PM,19.32,211.12,25.93,20.02460833
11/12/2019,02:15:00 PM,22.97,244.51,26.32,20.11889167
11/12/2019,02:20:00 PM,28.32,259.11,27.12,20.09311458
11/12/2019,02:25:00 PM,47.6,264.89,28.69,20.07130417
11/12/2019,02:30:00 PM,45.11,267.7,28.9,20.00164792
11/12/2019,02:35:00 PM,36.67,268.58,29.14,20.02814167
11/12/2019,02:40:00 PM,29.54,226.55,28.51,20.11812292
11/12/2019,02:45:00 PM,15.66,169.63,26.81,20.2529625
11/12/2019,02:50:00 PM,11.83,131.1,25.16,20.30006667
11/12/2019,02:55:00 PM,12.2,132.26,24.62,20.19355
11/12/2019,03:00:00 PM,12.9,131.81,23.8,20.05474792
11/12/2019,03:05:00 PM,9.1,95.58,23.43,19.85469375
11/12/2019,03:10:00 PM,6.68,76.05,22.62,19.56318333
11/12/2019,03:15:00 PM,5.65,61.8,22,19.25717292
11/12/2019,03:20:00 PM,5.94,53.41,21,18.95168125
11/12/2019,03:25:00 PM,4.99,49.45,20.41,18.649625
11/12/2019,03:30:00 PM,5.05,46.95,20.06,18.42465625
11/12/2019,03:35:00 PM,4.94,48.6,19.59,18.13460833
11/12/2019,03:40:00 PM,4.25,46.8,19.17,17.89298125
11/12/2019,03:45:00 PM,3.73,45.08,19.09,17.68549375
11/12/2019,03:50:00 PM,4.1,52.82,18.95,17.54281667
11/12/2019,03:55:00 PM,4.82,62.25,18.72,17.40456458
11/12/2019,04:00:00 PM,5.29,70.26,19.1,17.31513333
11/12/2019,04:05:00 PM,5.6,75.29,19.29,17.24211042
11/12/2019,04:10:00 PM,5.35,71.42,19.57,17.18156042
11/12/2019,04:15:00 PM,4.66,61.18,19.49,17.12235833
11/12/2019,04:20:00 PM,4.43,56.86,19.4,17.06270417
11/12/2019,04:25:00 PM,3.31,45.42,18.62,16.98129792
11/12/2019,04:30:00 PM,1.97,30.74,18.46,16.85448958
11/12/2019,04:35:00 PM,1.08,19.87,17.78,16.69225833
11/12/2019,04:40:00 PM,0.64,14.08,17.38,16.43364375
11/12/2019,04:45:00 PM,0.23,8.17,17.18,16.11028333
11/12/2019,04:50:00 PM,0.06,5,16.68,15.79457917
11/12/2019,04:55:00 PM,0.02,4,15.85,15.45869792
11/12/2019,05:00:00 PM,0,2.62,15.38,15.08639167
11/12/2019,05:05:00 PM,0,1.96,14.96,14.71978125
11/12/2019,05:10:00 PM,0,1.37,14.19,14.33095833
11/12/2019,05:15:00 PM,0,1.19,13.66,13.93698958
11/12/2019,05:20:00 PM,0,1.12,13.8,13.58776875
11/12/2019,05:25:00 PM,0,1.13,13.15,13.32495208
11/12/2019,05:30:00 PM,0,1.13,13.03,13.10173125
11/12/2019,05:35:00 PM,0,1.08,12.77,12.92755625
11/12/2019,05:40:00 PM,0,1.03,12.29,12.83678333
11/12/2019,05:45:00 PM,0,1.02,12.22,12.79552292
11/12/2019,05:50:00 PM,0,1.02,12.36,12.72240625
11/12/2019,05:55:00 PM,x,1.04,12.6,12.70765
11/12/2019,06:00:00 PM,x,1.04,12.65,12.70292083
11/12/2019,06:05:00 PM,x,1.04,12.84,12.74302917
11/12/2019,06:10:00 PM,x,1.04,13.09,12.82716875
11/12/2019,06:15:00 PM,x,1.04,13.16,12.902975
11/12/2019,06:20:00 PM,x,1.04,12.92,12.97542083
11/12/2019,06:25:00 PM,x,1.04,12.97,13.03625417
11/12/2019,06:30:00 PM,x,1.03,12.97,13.08044792
11/12/2019,06:35:00 PM,x,1.04,13.25,13.08044792
11/12/2019,06:40:00 PM,x,1.04,13.3,13.070475
11/12/2019,06:45:00 PM,x,1.03,13.13,13.07050208
11/12/2019,06:50:00 PM,x,1.04,13.23,13.0913625
11/12/2019,06:55:00 PM,x,1.04,13.33,13.08388958
11/12/2019,07:00:00 PM,x,1.03,13.18,13.07388958
11/12/2019,07:05:00 PM,x,1.04,12.84,13.05641667
11/12/2019,07:10:00 PM,x,1.03,12.97,13.04311042
11/12/2019,07:15:00 PM,x,1.03,13.16,13.04644375
11/12/2019,07:20:00 PM,x,1.03,13.17,13.04730417
11/12/2019,07:25:00 PM,x,1.03,12.88,13.05149792
11/12/2019,07:30:00 PM,x,1.03,12.85,13.08816458
11/12/2019,07:35:00 PM,x,1.03,13.04,13.15066458
11/12/2019,07:40:00 PM,x,1.03,13.14,13.2056375
11/12/2019,07:45:00 PM,x,1.03,13.17,13.2506375
11/12/2019,07:50:00 PM,x,1.03,13.24,13.2981375
11/12/2019,07:55:00 PM,x,1.03,13.38,13.3706375
11/12/2019,08:00:00 PM,x,1.03,13.62,13.4456375
11/12/2019,08:05:00 PM,x,1.04,13.59,13.50147083
11/12/2019,08:10:00 PM,x,1.04,13.63,13.5456375
11/12/2019,08:15:00 PM,x,1.03,13.7,13.58480417
11/12/2019,08:20:00 PM,x,1.03,13.74,13.61316458
11/12/2019,08:25:00 PM,x,1.03,13.75,13.63316458
11/12/2019,08:30:00 PM,x,1.03,13.75,13.63399792
11/12/2019,08:35:00 PM,x,1.03,13.71,13.636525
11/12/2019,08:40:00 PM,x,1.03,13.67,13.63821875
11/12/2019,08:45:00 PM,x,1.03,13.64,13.63074583
11/12/2019,08:50:00 PM,x,1.02,13.58,13.61160625
11/12/2019,08:55:00 PM,x,1.03,13.62,13.5783
11/12/2019,09:00:00 PM,x,1.03,13.63,13.54082708
11/12/2019,09:05:00 PM,x,1.03,13.62,13.50252083
11/12/2019,09:10:00 PM,x,1.03,13.65,13.46754792
11/12/2019,09:15:00 PM,x,1.02,13.61,13.43174167
11/12/2019,09:20:00 PM,x,1.02,13.51,13.39840833
11/12/2019,09:25:00 PM,x,1.02,13.35,13.36843542
11/12/2019,09:30:00 PM,x,1.02,13.3,13.34760208
11/12/2019,09:35:00 PM,x,1.02,13.25,13.33343542
11/12/2019,09:40:00 PM,x,1.02,13.25,13.32176875
11/12/2019,09:45:00 PM,x,1.02,13.21,13.307575
11/12/2019,09:50:00 PM,x,1.02,13.18,13.29674167
11/12/2019,09:55:00 PM,x,1.02,13.26,13.30754792
11/12/2019,10:00:00 PM,x,1.03,13.38,13.32085417
11/12/2019,10:05:00 PM,x,1.03,13.45,13.34332708
11/12/2019,10:10:00 PM,x,1.03,13.51,13.35582708
11/12/2019,10:15:00 PM,x,1.03,13.44,13.37496667
11/12/2019,10:20:00 PM,x,1.02,13.38,13.39663333
11/12/2019,10:25:00 PM,x,1.03,13.48,13.41996667
11/12/2019,10:30:00 PM,x,1.03,13.46,13.42916042
11/12/2019,10:35:00 PM,x,1.03,13.52,13.42335417
11/12/2019,10:40:00 PM,x,1.02,13.4,13.41504792
11/12/2019,10:45:00 PM,x,1.03,13.44,13.41924167
11/12/2019,10:50:00 PM,x,1.02,13.44,13.41424167
11/12/2019,10:55:00 PM,x,1.02,13.54,13.39760208
11/12/2019,11:00:00 PM,x,1.02,13.49,13.3709625
11/12/2019,11:05:00 PM,x,1.02,13.38,13.32265625
11/12/2019,11:10:00 PM,x,1.02,13.41,13.27851667
11/12/2019,11:15:00 PM,x,1.02,13.49,13.24104375
11/12/2019,11:20:00 PM,x,1.02,13.32,13.20687708
11/12/2019,11:25:00 PM,x,1.02,13.28,13.15937708
11/12/2019,11:30:00 PM,x,1.02,13.14,13.09437708
11/12/2019,11:35:00 PM,x,1.02,12.94,13.00607083
11/12/2019,11:40:00 PM,x,1.01,12.87,12.86526458
11/12/2019,11:45:00 PM,x,1.02,12.99,12.70279167
11/12/2019,11:50:00 PM,x,1.02,13.03,12.56198542
11/12/2019,11:55:00 PM,x,1.02,12.97,12.4195125
11/13/2019,12:00:00 AM,x,1.02,12.71,12.29703958
11/13/2019,12:05:00 AM,x,1.01,12.32,12.21123333
11/13/2019,12:10:00 AM,x,1.01,11.72,12.12873333
11/13/2019,12:15:00 AM,x,1.01,11.54,12.02876042
11/13/2019,12:20:00 AM,x,1.01,11.63,11.9187875
11/13/2019,12:25:00 AM,x,1.01,11.57,11.81464792
11/13/2019,12:30:00 AM,x,1.01,11.67,11.72884167
11/13/2019,12:35:00 AM,x,1.01,11.91,11.68384167
11/13/2019,12:40:00 AM,x,1.01,11.88,11.69300833
11/13/2019,12:45:00 AM,x,1.01,11.79,11.72214792
11/13/2019,12:50:00 AM,x,1.01,11.71,11.75462083
11/13/2019,12:55:00 AM,x,1.01,11.72,11.80042708
11/13/2019,01:00:00 AM,x,1.01,11.68,11.84373333
11/13/2019,01:05:00 AM,x,1.01,11.78,11.87037292
11/13/2019,01:10:00 AM,x,1.01,11.83,11.9020125
11/13/2019,01:15:00 AM,x,1.02,11.89,11.95531875
11/13/2019,01:20:00 AM,x,1.02,12.02,12.021125
11/13/2019,01:25:00 AM,x,1.02,12.12,12.09276458
11/13/2019,01:30:00 AM,x,1.02,12.19,12.18857083
11/13/2019,01:35:00 AM,x,1.02,12.23,12.26937708
11/13/2019,01:40:00 AM,x,1.02,12.26,12.33021042
11/13/2019,01:45:00 AM,x,1.02,12.43,12.39440417
11/13/2019,01:50:00 AM,x,1.02,12.5,12.45607083
11/13/2019,01:55:00 AM,x,1.02,12.58,12.51607083
11/13/2019,02:00:00 AM,x,1.02,12.83,12.56607083
11/13/2019,02:05:00 AM,x,1.02,12.75,12.59857083
11/13/2019,02:10:00 AM,x,1.01,12.56,12.62857083
11/13/2019,02:15:00 AM,x,1.01,12.66,12.6477375
11/13/2019,02:20:00 AM,x,1.02,12.76,12.66526458
11/13/2019,02:25:00 AM,x,1.02,12.84,12.67776458
11/13/2019,02:30:00 AM,x,1.02,12.79,12.663625
11/13/2019,02:35:00 AM,x,1.02,12.62,12.64945833
11/13/2019,02:40:00 AM,x,1.02,12.62,12.64693125
11/13/2019,02:45:00 AM,x,1.02,12.66,12.63276458
11/13/2019,02:50:00 AM,x,1.01,12.71,12.603625
11/13/2019,02:55:00 AM,x,1.02,12.73,12.55365208
11/13/2019,03:00:00 AM,x,1.01,12.66,12.50617917
11/13/2019,03:05:00 AM,x,1.02,12.58,12.46870625
11/13/2019,03:10:00 AM,x,1.02,12.53,12.42623333
11/13/2019,03:15:00 AM,x,1.01,12.49,12.37542708
11/13/2019,03:20:00 AM,x,1.01,12.41,12.30959375
11/13/2019,03:25:00 AM,x,1.01,12.24,12.2362875
11/13/2019,03:30:00 AM,x,1.01,12.22,12.17045417
11/13/2019,03:35:00 AM,x,1.01,12.17,12.10714792
11/13/2019,03:40:00 AM,x,1.01,12.11,12.04800833
11/13/2019,03:45:00 AM,x,1.01,12.05,12.00634167
11/13/2019,03:50:00 AM,x,1.01,11.92,11.96550833
11/13/2019,03:55:00 AM,x,1.01,11.85,11.942175
11/13/2019,04:00:00 AM,x,1.01,11.87,11.93550833
11/13/2019,04:05:00 AM,x,1.01,11.82,11.932175
11/13/2019,04:10:00 AM,x,1.01,11.82,11.922175
11/13/2019,04:15:00 AM,x,1.01,11.99,11.909675
11/13/2019,04:20:00 AM,x,1.01,11.92,11.904675
11/13/2019,04:25:00 AM,x,1.01,11.96,11.90384167
11/13/2019,04:30:00 AM,x,1.01,12.14,11.89884167
11/13/2019,04:35:00 AM,x,1.01,12.13,11.90800833
11/13/2019,04:40:00 AM,x,1.01,11.99,11.929675
11/13/2019,04:45:00 AM,x,1.01,11.9,11.944675
11/13/2019,04:50:00 AM,x,1.01,11.86,11.96384167
11/13/2019,04:55:00 AM,x,1.01,11.84,11.98884167
11/13/2019,05:00:00 AM,x,1.01,11.81,12.00048125
11/13/2019,05:05:00 AM,x,1.01,11.93,12.00698542
11/13/2019,05:10:00 AM,x,1.01,12.08,12.01872708
11/13/2019,05:15:00 AM,x,1.01,12.17,12.03251667
11/13/2019,05:20:00 AM,x,1.01,12.15,12.0530375
11/13/2019,05:25:00 AM,x,1.01,12.26,12.07415208
11/13/2019,05:30:00 AM,x,1.02,12.28,12.097625
11/13/2019,05:35:00 AM,x,1.07,12.21,12.10136458
11/13/2019,05:40:00 AM,0,1.29,12.14,12.09777708
11/13/2019,05:45:00 AM,0,2.38,12.11,12.08288542
11/13/2019,05:50:00 AM,0.05,4.51,12.22,12.06448125
11/13/2019,05:55:00 AM,0.18,7.06,12.29,12.03833125
11/13/2019,06:00:00 AM,0.5,11.42,12.43,12.01318333
11/13/2019,06:05:00 AM,0.94,16.86,12.49,12.00011458
11/13/2019,06:10:00 AM,1.45,22.95,12.75,12.00480833
11/13/2019,06:15:00 AM,1.9,28.97,12.9,12.009275
11/13/2019,06:20:00 AM,1.72,27.19,12.78,12.00112708
11/13/2019,06:25:00 AM,1.64,26.05,12.76,11.98459583
11/13/2019,06:30:00 AM,1.92,29.69,12.91,11.968875
11/13/2019,06:35:00 AM,2.21,33.28,13.1,11.97846667
11/13/2019,06:40:00 AM,2.48,36.48,13.34,12.02205833
11/13/2019,06:45:00 AM,2.72,39.5,13.37,12.10470833
11/13/2019,06:50:00 AM,3.28,45.98,13.47,12.20807083
11/13/2019,06:55:00 AM,4.01,55.01,13.65,12.31990208
11/13/2019,07:00:00 AM,4.6,61.84,13.88,12.44564375
11/13/2019,07:05:00 AM,4.84,63.78,14.13,12.5916875
11/13/2019,07:10:00 AM,4.49,59.47,14.46,12.74778333
11/13/2019,07:15:00 AM,4.3,57.53,14.82,12.95074792
11/13/2019,07:20:00 AM,4.86,64.41,15.23,13.17038125
11/13/2019,07:25:00 AM,5.74,75.22,15.7,13.39384167
11/13/2019,07:30:00 AM,6.16,79.57,16.04,13.61159167
11/13/2019,07:35:00 AM,6.74,85.51,16.55,13.77375208
11/13/2019,07:40:00 AM,7.22,91.46,17,13.91124792
11/13/2019,07:45:00 AM,7.03,89.79,17.44,14.030625
11/13/2019,07:50:00 AM,6.74,85.5,17.39,14.11907292
11/13/2019,07:55:00 AM,7.12,90.04,17.47,14.2019375
11/13/2019,08:00:00 AM,7.62,93.44,17.52,14.24003542
11/13/2019,08:05:00 AM,8.3,103.29,17.36,14.13819583
11/13/2019,08:10:00 AM,9.1,113.01,17.85,14.10852292
11/13/2019,08:15:00 AM,10.01,125.76,18.47,14.13448333
11/13/2019,08:20:00 AM,12.77,160.06,19.4,14.29824375
11/13/2019,08:25:00 AM,16.12,202.47,20.83,14.65582917
11/13/2019,08:30:00 AM,20.36,260.58,22.38,14.91814167
11/13/2019,08:35:00 AM,28.67,371.42,24.62,15.20156875
11/13/2019,08:40:00 AM,33.26,440.57,27.99,15.46114792
11/13/2019,08:45:00 AM,34.2,468.82,30.07,15.7428375
11/13/2019,08:50:00 AM,32.08,429.65,30.54,15.96716667
11/13/2019,08:55:00 AM,28.81,388.47,31.46,16.03723958
11/13/2019,09:00:00 AM,29.02,390.74,30.33,16.25108958
11/13/2019,09:05:00 AM,28.78,382.64,29.84,16.71669375
11/13/2019,09:10:00 AM,31.18,404.55,30.44,16.99104167
11/13/2019,09:15:00 AM,27.89,355.29,29.31,17.18904583
11/13/2019,09:20:00 AM,28.69,368,28.85,17.22117083
11/13/2019,09:25:00 AM,32.47,409.52,28.4,16.99276667
11/13/2019,09:30:00 AM,33.7,409.62,29.79,16.89494583
11/13/2019,09:35:00 AM,24.89,308.12,28.15,16.78700417
11/13/2019,09:40:00 AM,20.16,251.58,25.14,16.66474792
11/13/2019,09:45:00 AM,13.8,178.48,23.01,16.46293958
11/13/2019,09:50:00 AM,9.13,120.25,20.87,16.16355833
11/13/2019,09:55:00 AM,6.31,86.65,18.91,15.95383125
11/13/2019,10:00:00 AM,3.65,53.32,18.19,15.6319875
11/13/2019,10:05:00 AM,1.76,29.88,17.08,15.16589375
11/13/2019,10:10:00 AM,0.78,16.46,16.36,14.79685833
11/13/2019,10:15:00 AM,0.7,15.65,15.85,14.41242083
11/13/2019,10:20:00 AM,0.77,17.31,13.86,14.04793125
11/13/2019,10:25:00 AM,0.65,14.65,13.05,13.74030417
11/13/2019,10:30:00 AM,0.55,13.07,13.04,13.39252917
11/13/2019,10:35:00 AM,0.64,14.37,13.01,13.08138125
11/13/2019,10:40:00 AM,0.82,17.07,13.09,12.802
11/13/2019,10:45:00 AM,0.92,18.58,13.2,12.56556458
11/13/2019,10:50:00 AM,1.18,21.6,13.29,12.50196875
11/13/2019,10:55:00 AM,1.63,27.62,13.3,12.52025833
11/13/2019,11:00:00 AM,2.15,34.96,13.42,12.56605833
11/13/2019,11:05:00 AM,2.77,44.15,13.81,12.63895
11/13/2019,11:10:00 AM,3.8,57.77,14.35,12.68464375
11/13/2019,11:15:00 AM,5.26,76.18,14.98,12.83475417
11/13/2019,11:20:00 AM,7.51,102.33,15.86,13.11087292
11/13/2019,11:25:00 AM,10.25,132.82,17.11,13.37608333
11/13/2019,11:30:00 AM,12.73,157.39,18.28,13.64125208
11/13/2019,11:35:00 AM,14.72,173.61,19.06,13.89594375
11/13/2019,11:40:00 AM,16.18,190.66,19.28,14.11465625
11/13/2019,11:45:00 AM,13,155.77,19.46,14.26578542
11/13/2019,11:50:00 AM,7.43,82.11,18.57,14.30276458
11/13/2019,11:55:00 AM,6.44,75.85,18.05,14.33777917
11/13/2019,12:00:00 PM,5.51,62.59,17.5,14.36121875
11/13/2019,12:05:00 PM,4.45,50.11,17.06,14.34528333
11/13/2019,12:10:00 PM,2.92,33.63,16.19,14.32760417
11/13/2019,12:15:00 PM,2.12,26.84,15.19,14.1949
11/13/2019,12:20:00 PM,2.15,30.83,13.98,13.94833333
11/13/2019,12:25:00 PM,1.68,25.43,14.04,13.75697292
11/13/2019,12:30:00 PM,0.86,16.12,13.97,13.59844167
11/13/2019,12:35:00 PM,1.24,21.34,13.92,13.43231667
11/13/2019,12:40:00 PM,1.45,24.88,13.68,13.26960625
11/13/2019,12:45:00 PM,1.56,27.23,13.69,13.13340625
11/13/2019,12:50:00 PM,2.32,37.15,14.15,13.13192708
11/13/2019,12:55:00 PM,2.93,44.66,14.74,13.16755833
11/13/2019,01:00:00 PM,2.14,33.74,14.66,13.11284792
11/13/2019,01:05:00 PM,2.18,33.91,14.54,13.03659583
11/13/2019,01:10:00 PM,3.44,49.4,14.75,13.01373333
11/13/2019,01:15:00 PM,5.06,66.36,14.84,13.09867917
11/13/2019,01:20:00 PM,5.52,73.53,15.35,13.17062917
11/13/2019,01:25:00 PM,4.58,62.12,15.66,13.19781667
11/13/2019,01:30:00 PM,6.55,83.09,15.49,13.27419583
11/13/2019,01:35:00 PM,9.86,118.11,16.15,13.34377083
11/13/2019,01:40:00 PM,11.38,130.86,16.85,13.37794375
11/13/2019,01:45:00 PM,8.04,95.25,16.92,13.42415833
11/13/2019,01:50:00 PM,6.97,84.43,16.55,13.4418625
11/13/2019,01:55:00 PM,7.82,92.16,16.61,13.41399792
11/13/2019,02:00:00 PM,6.59,76,16.95,13.55804583
11/13/2019,02:05:00 PM,7.31,82.99,16.97,13.85605833
11/13/2019,02:10:00 PM,9.62,93.09,16.58,14.07017917
11/13/2019,02:15:00 PM,11.06,111.45,16.86,14.14918542
11/13/2019,02:20:00 PM,12.1,134.07,17.53,14.228025
11/13/2019,02:25:00 PM,13,150.87,18.21,14.3140625
11/13/2019,02:30:00 PM,12.77,140.98,19.1,14.33398333
11/13/2019,02:35:00 PM,7,72.69,18.25,14.39797083
11/13/2019,02:40:00 PM,5.11,55.8,16.98,14.52405625
11/13/2019,02:45:00 PM,5.21,52.54,16.48,14.66260625
11/13/2019,02:50:00 PM,4.8,51.32,16.42,14.80951667
11/13/2019,02:55:00 PM,4.97,56.7,16.49,14.97794792
11/13/2019,03:00:00 PM,4.5,53.26,16.45,15.06437708
11/13/2019,03:05:00 PM,3.96,49.21,16.64,15.05319583
11/13/2019,03:10:00 PM,3.05,37.92,16.3,15.07108333
11/13/2019,03:15:00 PM,2.94,39.37,16.18,15.10939375
11/13/2019,03:20:00 PM,3.4,45.98,16.43,15.14180833
11/13/2019,03:25:00 PM,2.59,36.68,16.52,15.17401875
11/13/2019,03:30:00 PM,2.34,32.76,16.62,15.20147708
11/13/2019,03:35:00 PM,1.57,23.28,16.51,15.17125833
11/13/2019,03:40:00 PM,1.3,20.58,16.05,15.08660625
11/13/2019,03:45:00 PM,0.77,15.01,15.72,14.97180208
11/13/2019,03:50:00 PM,0.32,8.89,15.43,14.81575417
11/13/2019,03:55:00 PM,0.12,5.73,15.22,14.61674167
11/13/2019,04:00:00 PM,0.07,4.66,15.2,14.40149167
11/13/2019,04:05:00 PM,0.04,4.06,14.81,14.14770208
11/13/2019,04:10:00 PM,0.01,3.33,14.16,13.90920625
11/13/2019,04:15:00 PM,0,2.99,13.62,13.68214792
11/13/2019,04:20:00 PM,0,3.29,13.17,13.4806375
11/13/2019,04:25:00 PM,0.02,3.7,13.06,13.32687917
11/13/2019,04:30:00 PM,0.1,5.16,13.14,13.17163542
11/13/2019,04:35:00 PM,0.73,13.91,13.16,13.04667083
11/13/2019,04:40:00 PM,1.57,24.64,13.32,12.9934
11/13/2019,04:45:00 PM,1.51,23.77,13.28,12.97892917
11/13/2019,04:50:00 PM,1.51,25.14,13.54,13.00711042
11/13/2019,04:55:00 PM,0.98,18.81,13.8,13.043925
11/13/2019,05:00:00 PM,0.83,16.75,13.73,13.09063333
11/13/2019,05:05:00 PM,0.86,16.97,13.73,13.16280417
11/13/2019,05:10:00 PM,0.53,12.23,13.81,13.26805625
11/13/2019,05:15:00 PM,0.49,11.41,13.72,13.38464375
11/13/2019,05:20:00 PM,0.34,9.5,13.71,13.48746875
11/13/2019,05:25:00 PM,0.18,7.03,13.61,13.53809583
11/13/2019,05:30:00 PM,0.12,5.76,13.72,13.58397708
11/13/2019,05:35:00 PM,0.02,3.57,13.69,13.62212083
11/13/2019,05:40:00 PM,0,1.47,13.83,13.64159375
11/13/2019,05:45:00 PM,0,1.03,13.94,13.66720625
11/13/2019,05:50:00 PM,0,1.02,13.99,13.68595208
11/13/2019,05:55:00 PM,x,1.04,13.83,13.69553542
11/13/2019,06:00:00 PM,x,1.04,13.77,13.6900125
11/13/2019,06:05:00 PM,x,1.04,13.67,13.692725
11/13/2019,06:10:00 PM,x,1.04,13.68,13.69308333
11/13/2019,06:15:00 PM,x,1.03,13.69,13.68308333
11/13/2019,06:20:00 PM,x,1.04,13.66,13.66722292
11/13/2019,06:25:00 PM,x,1.03,13.53,13.66891667
11/13/2019,06:30:00 PM,x,1.03,13.5,13.68227708
11/13/2019,06:35:00 PM,x,1.03,13.64,13.70730417
11/13/2019,06:40:00 PM,x,1.03,13.82,13.74149792
11/13/2019,06:45:00 PM,x,1.03,13.82,13.77399792
11/13/2019,06:50:00 PM,x,1.03,13.8,13.796525
11/13/2019,06:55:00 PM,x,1.03,13.85,13.819025
11/13/2019,07:00:00 PM,x,1.03,13.93,13.849025
11/13/2019,07:05:00 PM,x,1.03,13.97,13.886525
11/13/2019,07:10:00 PM,x,1.03,14.09,13.89569167
11/13/2019,07:15:00 PM,x,1.03,14.08,13.89069167
11/13/2019,07:20:00 PM,x,1.03,13.93,13.871525
11/13/2019,07:25:00 PM,x,1.03,13.8,13.83819167
11/13/2019,07:30:00 PM,x,1.03,13.86,13.79235833
11/13/2019,07:35:00 PM,x,1.03,14.09,13.73488542
11/13/2019,07:40:00 PM,x,1.03,13.93,13.66488542
11/13/2019,07:45:00 PM,x,1.03,13.76,13.58407917
11/13/2019,07:50:00 PM,x,1.03,13.57,13.51074583
11/13/2019,07:55:00 PM,x,1.03,13.45,13.45324583
11/13/2019,08:00:00 PM,x,1.03,13.38,13.39243958
11/13/2019,08:05:00 PM,x,1.02,13.28,13.30996667
11/13/2019,08:10:00 PM,x,1.03,13.25,13.23663333
11/13/2019,08:15:00 PM,x,1.02,13.11,13.16996667
11/13/2019,08:20:00 PM,x,1.03,13.05,13.11749375
11/13/2019,08:25:00 PM,x,1.03,13.11,13.0766875
11/13/2019,08:30:00 PM,x,1.02,13.13,13.04004792
11/13/2019,08:35:00 PM,x,1.02,13.1,13.03338125
11/13/2019,08:40:00 PM,x,1.03,13.05,13.03590833
11/13/2019,08:45:00 PM,x,1.03,12.96,13.052575
11/13/2019,08:50:00 PM,x,1.02,12.94,13.09674167
11/13/2019,08:55:00 PM,x,1.02,12.96,13.15674167
11/13/2019,09:00:00 PM,x,1.02,12.94,13.20924167
11/13/2019,09:05:00 PM,x,1.02,13.2,13.26254792
11/13/2019,09:10:00 PM,x,1.02,13.28,13.32171458
11/13/2019,09:15:00 PM,x,1.02,13.31,13.38004792
11/13/2019,09:20:00 PM,x,1.03,13.58,13.42671458
11/13/2019,09:25:00 PM,x,1.03,13.83,13.46254792
11/13/2019,09:30:00 PM,x,1.02,13.76,13.49504792
11/13/2019,09:35:00 PM,x,1.03,13.74,13.48754792
11/13/2019,09:40:00 PM,x,1.03,13.76,13.48088125
11/13/2019,09:45:00 PM,x,1.03,13.66,13.46254792
11/13/2019,09:50:00 PM,x,1.02,13.5,13.41424167
11/13/2019,09:55:00 PM,x,1.02,13.39,13.34176875
11/13/2019,10:00:00 PM,x,1.02,13.33,13.26760208
11/13/2019,10:05:00 PM,x,1.02,13.11,13.18762917
11/13/2019,10:10:00 PM,x,1.02,13.2,13.09935
11/13/2019,10:15:00 PM,x,1.02,13.09,13.01771042
11/13/2019,10:20:00 PM,x,1.02,13,12.96271042
11/13/2019,10:25:00 PM,x,1.02,12.96,12.94271042
11/13/2019,10:30:00 PM,x,1.02,12.87,12.92354375
11/13/2019,10:35:00 PM,x,1.02,12.78,12.91854375
11/13/2019,10:40:00 PM,x,1.01,12.7,12.90604375
11/13/2019,10:45:00 PM,x,1.02,12.68,12.90437708
11/13/2019,10:50:00 PM,x,1.02,12.84,12.90937708
11/13/2019,10:55:00 PM,x,1.02,13.15,12.92937708
11/13/2019,11:00:00 PM,x,1.02,13.1,12.96437708
11/13/2019,11:05:00 PM,x,1.02,13.05,13.01271042
11/13/2019,11:10:00 PM,x,1.02,13.05,13.07685
11/13/2019,11:15:00 PM,x,1.02,13.07,13.14768333
11/13/2019,11:20:00 PM,x,1.02,13.06,13.21101667
11/13/2019,11:25:00 PM,x,1.02,13.2,13.24601667
11/13/2019,11:30:00 PM,x,1.02,13.29,13.28351667
11/13/2019,11:35:00 PM,x,1.02,13.36,13.33101667
11/13/2019,11:40:00 PM,x,1.02,13.47,13.38351667
11/13/2019,11:45:00 PM,x,1.02,13.53,13.43435
11/13/2019,11:50:00 PM,x,1.02,13.6,13.48851667
11/13/2019,11:55:00 PM,x,1.02,13.57,13.52935
11/14/2019,12:00:00 AM,x,1.02,13.55,13.55685
11/14/2019,12:05:00 AM,x,1.02,13.62,13.56185
11/14/2019,12:10:00 AM,x,1.02,13.68,13.52687708
11/14/2019,12:15:00 AM,x,1.02,13.68,13.4652375
11/14/2019,12:20:00 AM,x,1.02,13.71,13.39190417
11/14/2019,12:25:00 AM,x,1.02,13.69,13.31443125
11/14/2019,12:30:00 AM,x,1.02,13.62,13.21445833
11/14/2019,12:35:00 AM,x,1.02,13.42,13.09448542
11/14/2019,12:40:00 AM,x,1.01,13.05,12.94867917
11/14/2019,12:45:00 AM,x,1.01,12.79,12.79203958
11/14/2019,12:50:00 AM,x,1.02,12.72,12.63206667
11/14/2019,12:55:00 AM,x,1.01,12.64,12.45959375
11/14/2019,01:00:00 AM,x,1.01,12.35,12.28212083
11/14/2019,01:05:00 AM,x,1.01,12.18,12.12548125
11/14/2019,01:10:00 AM,x,1.01,11.93,12.02381458
11/14/2019,01:15:00 AM,x,1.01,11.8,11.96131458
11/14/2019,01:20:00 AM,x,1.01,11.79,11.91300833
11/14/2019,01:25:00 AM,x,1.01,11.62,11.88214792
11/14/2019,01:30:00 AM,x,1.01,11.49,11.87462083
11/14/2019,01:35:00 AM,x,1.01,11.54,11.87126042
11/14/2019,01:40:00 AM,x,1.01,11.83,11.88706667
11/14/2019,01:45:00 AM,x,1.01,12.04,11.93370625
11/14/2019,01:50:00 AM,x,1.01,12.14,11.97867917
11/14/2019,01:55:00 AM,x,1.02,12.27,12.04448542
11/14/2019,02:00:00 AM,x,1.02,12.26,12.12529167
11/14/2019,02:05:00 AM,x,1.02,12.14,12.17109792
11/14/2019,02:10:00 AM,x,1.02,12.12,12.18276458
11/14/2019,02:15:00 AM,x,1.02,12.36,12.17440417
11/14/2019,02:20:00 AM,x,1.02,12.33,12.16107083
11/14/2019,02:25:00 AM,x,1.02,12.41,12.13859792
11/14/2019,02:30:00 AM,x,1.02,12.46,12.13445833
11/14/2019,02:35:00 AM,x,1.02,12.09,12.14865208
11/14/2019,02:40:00 AM,x,1.01,11.97,12.16198542
11/14/2019,02:45:00 AM,x,1.02,11.94,12.13698542
11/14/2019,02:50:00 AM,x,1.01,11.98,12.10034583
11/14/2019,02:55:00 AM,x,1.01,12,12.05703958
11/14/2019,03:00:00 AM,x,1.01,12.21,11.99956667
11/14/2019,03:05:00 AM,x,1.01,12.31,11.95545417
11/14/2019,03:10:00 AM,x,1.02,12.28,11.9137875
11/14/2019,03:15:00 AM,x,1.02,12.06,11.86214792
11/14/2019,03:20:00 AM,x,1.01,11.89,11.78714792
11/14/2019,03:25:00 AM,x,1.01,11.89,11.69300833
11/14/2019,03:30:00 AM,x,1.01,11.77,11.57136875
11/14/2019,03:35:00 AM,x,1,11.56,11.43636875
11/14/2019,03:40:00 AM,x,1.01,11.47,11.3030625
11/14/2019,03:45:00 AM,x,1.01,11.32,11.18728333
11/14/2019,03:50:00 AM,x,1.01,11.08,11.07895
11/14/2019,03:55:00 AM,x,1,10.87,10.95895
11/14/2019,04:00:00 AM,x,1,10.75,10.83978333
11/14/2019,04:05:00 AM,x,1.01,10.69,10.73558958
11/14/2019,04:10:00 AM,x,1.01,10.68,10.64228333
11/14/2019,04:15:00 AM,x,1,10.67,10.57897708
11/14/2019,04:20:00 AM,x,1.01,10.59,10.56900417
11/14/2019,04:25:00 AM,x,1.01,10.45,10.5948375
11/14/2019,04:30:00 AM,x,1.01,10.34,10.64317083
11/14/2019,04:35:00 AM,x,1.01,10.31,10.70653125
11/14/2019,04:40:00 AM,x,1,10.35,10.775725
11/14/2019,04:45:00 AM,x,1,10.56,10.850725
11/14/2019,04:50:00 AM,x,1,10.96,10.94241875
11/14/2019,04:55:00 AM,x,1,11.18,11.03494583
11/14/2019,05:00:00 AM,x,1,11.33,11.13577917
11/14/2019,05:05:00 AM,x,1,11.45,11.23569792
11/14/2019,05:10:00 AM,x,1,11.51,11.32533958
11/14/2019,05:15:00 AM,x,1,11.57,11.3865625
11/14/2019,05:20:00 AM,x,1,11.69,11.40365
11/14/2019,05:25:00 AM,x,1,11.56,11.37789167
11/14/2019,05:30:00 AM,x,1.01,11.55,11.31552083
11/14/2019,05:35:00 AM,x,1.04,11.51,11.2343625
11/14/2019,05:40:00 AM,0,1.44,11.44,11.137175
11/14/2019,05:45:00 AM,0,3.01,11.36,11.02245
11/14/2019,05:50:00 AM,0.07,5.46,11.31,10.89287292
11/14/2019,05:55:00 AM,0.3,9.28,11.14,10.77991875
11/14/2019,06:00:00 AM,0.58,13.26,10.98,10.5764875
11/14/2019,06:05:00 AM,0.84,17.12,11,10.39778958
11/14/2019,06:10:00 AM,1.14,21.5,11.01,10.17750208
11/14/2019,06:15:00 AM,1.52,27.36,11.05,10.06593333
11/14/2019,06:20:00 AM,2.02,34.69,11.23,10.1561
11/14/2019,06:25:00 AM,2.12,36.86,11.37,10.17688333
11/14/2019,06:30:00 AM,3.31,79.2,11.65,10.23368333
11/14/2019,06:35:00 AM,4.57,113.79,13.03,10.28371042
11/14/2019,06:40:00 AM,6.3,139.7,13.29,10.32390833
11/14/2019,06:45:00 AM,7.39,168.82,15.41,10.26475417
11/14/2019,06:50:00 AM,5.17,79.86,14.81,9.990002083
11/14/2019,06:55:00 AM,7.12,99.76,14.33,10.08022917
11/14/2019,07:00:00 AM,8.23,111.98,14.87,10.29664583
11/14/2019,07:05:00 AM,9.86,133.11,15.37,10.61829375
11/14/2019,07:10:00 AM,11.52,158.35,15.94,11.37674167
11/14/2019,07:15:00 AM,13.85,214.74,16.43,11.9720875
11/14/2019,07:20:00 AM,23.69,441.06,21.14,12.15659583
11/14/2019,07:25:00 AM,21.8,410.93,24.61,12.35296667
11/14/2019,07:30:00 AM,23.4,435.6,25.83,12.59794583
11/14/2019,07:35:00 AM,22.9,406.72,26.41,12.92411458
11/14/2019,07:40:00 AM,14.92,255.35,26.15,13.30187708
11/14/2019,07:45:00 AM,11.32,185,23.08,13.82711458
11/14/2019,07:50:00 AM,12.91,185.58,20.46,14.56808958
11/14/2019,07:55:00 AM,15.29,201.1,19.98,14.8846125
11/14/2019,08:00:00 AM,16.32,203.68,20.79,15.31281667
11/14/2019,08:05:00 AM,16.09,195.14,21.3,15.65920208
11/14/2019,08:10:00 AM,16.48,201.33,21.87,15.56137292
11/14/2019,08:15:00 AM,15.73,198.96,22.22,15.54193542
11/14/2019,08:20:00 AM,16.24,200.7,22.22,15.68748958
11/14/2019,08:25:00 AM,19.94,250.06,23.18,15.80755625
11/14/2019,08:30:00 AM,17.78,219.34,23.94,15.80972917
11/14/2019,08:35:00 AM,14.92,184.67,23.35,15.82786042
11/14/2019,08:40:00 AM,14.3,173.01,22.3,15.85728333
11/14/2019,08:45:00 AM,12.44,153.1,21.81,15.9150125
11/14/2019,08:50:00 AM,11.75,144.76,20.88,16.07150208
11/14/2019,08:55:00 AM,14.16,176.46,20.62,16.28939167
11/14/2019,09:00:00 AM,18.83,238.57,21.95,16.37962083
11/14/2019,09:05:00 AM,19.69,247.83,23.23,16.53754583
11/14/2019,09:10:00 AM,22.92,284.62,24.93,16.79764375
11/14/2019,09:15:00 AM,23.76,290.26,25.88,16.99464792
11/14/2019,09:20:00 AM,22.85,280.15,26.68,17.25795417
11/14/2019,09:25:00 AM,23,284.07,26.9,17.71713333
11/14/2019,09:30:00 AM,25.2,310.64,27.99,18.25969583
11/14/2019,09:35:00 AM,24.25,295.59,28.85,18.71216042
11/14/2019,09:40:00 AM,23.46,286.82,29.12,19.101775
11/14/2019,09:45:00 AM,25.19,312.36,29.35,19.3764875
11/14/2019,09:50:00 AM,26.6,340.77,30.41,19.509575
11/14/2019,09:55:00 AM,22.86,295.84,30.01,19.61397708
11/14/2019,10:00:00 AM,19.88,255.47,29.01,19.78960625
11/14/2019,10:05:00 AM,18.58,238.92,28.37,19.75767708
11/14/2019,10:10:00 AM,19.99,249.07,28.45,19.56413958
11/14/2019,10:15:00 AM,23.63,292.52,29.25,19.61366458
11/14/2019,10:20:00 AM,28.57,359.01,30.84,19.63078958
11/14/2019,10:25:00 AM,32.57,407.06,32.15,18.60989583
11/14/2019,10:30:00 AM,32.34,406.1,33.2,18.61265625
11/14/2019,10:35:00 AM,33.74,424.61,32.66,18.43475417
11/14/2019,10:40:00 AM,39.47,498.28,33.67,18.79743958
11/14/2019,10:45:00 AM,34.57,435.92,33.96,18.76707083
11/14/2019,10:50:00 AM,37.69,475.37,34.99,18.44939583
11/14/2019,10:55:00 AM,66.29,972.17,39.74,18.61646667
11/14/2019,11:00:00 AM,58.73,801.22,46.78,19.43065208
11/14/2019,11:05:00 AM,70.34,993.53,50.76,20.44999583
11/14/2019,11:10:00 AM,63.42,906.54,54.17,21.01954375
11/14/2019,11:15:00 AM,73.42,1054.81,53.66,21.28156458
11/14/2019,11:20:00 AM,79.61,1295.69,57.47,21.54241875
11/14/2019,11:25:00 AM,75.64,1237.68,61.15,22.76077083
11/14/2019,11:30:00 AM,55.13,773.17,54.9,22.88807708
11/14/2019,11:35:00 AM,28.57,389.16,43.74,23.04123125
11/14/2019,11:40:00 AM,18.58,247.37,32.35,22.63203958
11/14/2019,11:45:00 AM,13.97,185.02,28.95,22.63494375
11/14/2019,11:50:00 AM,10.78,139.67,27.21,22.7578875
11/14/2019,11:55:00 AM,7.6,99.24,25.99,22.2389125
11/14/2019,12:00:00 PM,3.8,54.83,24.05,20.84483542
11/14/2019,12:05:00 PM,2.69,39.75,21.6,19.283175
11/14/2019,12:10:00 PM,1.79,27.78,20.7,18.24440208
11/14/2019,12:15:00 PM,0.72,13.43,19.85,17.30736458
11/14/2019,12:20:00 PM,1.55,21.68,17.54,16.37550417
11/14/2019,12:25:00 PM,2.47,30.84,15.7,15.43346875
11/14/2019,12:30:00 PM,2.12,26.06,13.89,14.4850125
11/14/2019,12:35:00 PM,2.4,28.85,13.29,13.67798125
11/14/2019,12:40:00 PM,2.36,31.84,12.88,12.90250625
11/14/2019,12:45:00 PM,2.36,34.08,12.8,12.13749583
11/14/2019,12:50:00 PM,2.47,33.28,12.57,11.59422917
11/14/2019,12:55:00 PM,2.17,29.53,12.42,11.24732292
11/14/2019,01:00:00 PM,2.14,30.26,11.87,11.07127917
11/14/2019,01:05:00 PM,2.2,32.5,11.68,10.96702917
11/14/2019,01:10:00 PM,2.36,35.34,11.64,10.93904583
11/14/2019,01:15:00 PM,2.69,39.28,11.51,10.92905625
11/14/2019,01:20:00 PM,2.77,41.04,11.65,10.89511042
11/14/2019,01:25:00 PM,2.8,41.39,11.88,10.88285625
11/14/2019,01:30:00 PM,2.59,37.83,12.16,10.93658958
11/14/2019,01:35:00 PM,2.12,31.65,12.13,11.03929583
11/14/2019,01:40:00 PM,1.36,22.48,12.24,11.1722375
11/14/2019,01:45:00 PM,1.86,28.23,12.49,11.31961042
11/14/2019,01:50:00 PM,2.47,35.66,12.24,11.42360625
11/14/2019,01:55:00 PM,1.73,26.67,12.18,11.51402708
11/14/2019,02:00:00 PM,1.7,26.42,12.39,11.57681042
11/14/2019,02:05:00 PM,1.37,22.27,12.58,11.61648958
11/14/2019,02:10:00 PM,0.53,12.1,12.48,11.6199875
11/14/2019,02:15:00 PM,0.28,8.25,12.27,11.59935208
11/14/2019,02:20:00 PM,0.89,16.18,12.09,11.60081875
11/14/2019,02:25:00 PM,0.98,17.85,12.2,11.57353958
11/14/2019,02:30:00 PM,0.95,17.11,12.24,11.50555833
11/14/2019,02:35:00 PM,1.31,22.23,12.3,11.3809125
11/14/2019,02:40:00 PM,2.08,31.65,12.58,11.18320625
11/14/2019,02:45:00 PM,2.28,33.08,12.4,11.02114167
11/14/2019,02:50:00 PM,3.1,41.58,12.45,10.94476042
11/14/2019,02:55:00 PM,3.84,49.05,12.58,10.95621458
11/14/2019,03:00:00 PM,4.66,58.29,12.61,11.02237917
11/14/2019,03:05:00 PM,6.62,79.37,12.94,11.10680833
11/14/2019,03:10:00 PM,8.33,106.33,13.17,11.14784583
11/14/2019,03:15:00 PM,8.42,101.32,13.35,11.26630417
11/14/2019,03:20:00 PM,7.21,92.69,13.66,11.40212083
11/14/2019,03:25:00 PM,4.37,60.39,13.72,11.54738125
11/14/2019,03:30:00 PM,3.05,40.68,13.8,11.75202917
11/14/2019,03:35:00 PM,3.98,49.21,14.19,12.01901458
11/14/2019,03:40:00 PM,5.93,68.19,14.26,12.31461458
11/14/2019,03:45:00 PM,4.8,58.88,14.66,12.60948542
11/14/2019,03:50:00 PM,5.21,63.74,14.8,12.91678542
11/14/2019,03:55:00 PM,6.04,74.8,15.16,13.15481458
11/14/2019,04:00:00 PM,4.58,62.42,15.2,13.32566667
11/14/2019,04:05:00 PM,3.47,47.56,15.11,13.45310833
11/14/2019,04:10:00 PM,5.05,64.57,15.36,13.6008375
11/14/2019,04:15:00 PM,5.08,65.06,15.71,13.68662292
11/14/2019,04:20:00 PM,2.64,38.61,15.59,13.77263958
11/14/2019,04:25:00 PM,1.27,20.81,15.29,13.90447083
11/14/2019,04:30:00 PM,0.7,11.75,14.91,14.0123875
11/14/2019,04:35:00 PM,0.88,14.77,14.6,14.08403333
11/14/2019,04:40:00 PM,1.28,19.49,14.45,14.17312917
11/14/2019,04:45:00 PM,1.14,18.59,14.38,14.19783958
11/14/2019,04:50:00 PM,1.3,19.98,14.41,14.11673333
11/14/2019,04:55:00 PM,0.62,11.97,14.7,13.98497292
11/14/2019,05:00:00 PM,0.06,4.42,14.61,13.86010417
11/14/2019,05:05:00 PM,0.01,3.26,14.53,13.77228958
11/14/2019,05:10:00 PM,0,2.75,14.42,13.71483958
11/14/2019,05:15:00 PM,0,2.09,13.96,13.63914583
11/14/2019,05:20:00 PM,0,1.48,13.41,13.55630208
11/14/2019,05:25:00 PM,0,1.46,13.08,13.44676458
11/14/2019,05:30:00 PM,0,1.24,13.07,13.3376125
11/14/2019,05:35:00 PM,0,1.04,13.1,13.25281875
11/14/2019,05:40:00 PM,0,1.01,13.16,13.18664375
11/14/2019,05:45:00 PM,0,1,12.9,13.15701458
11/14/2019,05:50:00 PM,x,1.03,12.8,13.17323333
11/14/2019,05:55:00 PM,x,1.03,13.03,13.19939792
11/14/2019,06:00:00 PM,x,1.03,13.19,13.2208
11/14/2019,06:05:00 PM,x,1.03,13.44,13.23252083
11/14/2019,06:10:00 PM,x,1.03,13.57,13.23082708
11/14/2019,06:15:00 PM,x,1.03,13.57,13.24327292
11/14/2019,06:20:00 PM,x,1.03,13.59,13.27577292
11/14/2019,06:25:00 PM,x,1.03,13.38,13.30410625
11/14/2019,06:30:00 PM,x,1.03,13.32,13.31410625
11/14/2019,06:35:00 PM,x,1.02,13.24,13.29913333
11/14/2019,06:40:00 PM,x,1.02,13.14,13.26913333
11/14/2019,06:45:00 PM,x,1.02,13.05,13.23332708
11/14/2019,06:50:00 PM,x,1.03,13.19,13.18085417
11/14/2019,06:55:00 PM,x,1.03,13.37,13.14338125
11/14/2019,07:00:00 PM,x,1.03,13.31,13.117575
11/14/2019,07:05:00 PM,x,1.02,13.26,13.11174167
11/14/2019,07:10:00 PM,x,1.03,13.21,13.105075
11/14/2019,07:15:00 PM,x,1.02,13.14,13.08840833
11/14/2019,07:20:00 PM,x,1.02,12.96,13.06176875
11/14/2019,07:25:00 PM,x,1.02,12.93,13.02262917
11/14/2019,07:30:00 PM,x,1.02,13.01,12.98848958
11/14/2019,07:35:00 PM,x,1.02,13.17,12.96351667
11/14/2019,07:40:00 PM,x,1.02,13.06,12.97354375
11/14/2019,07:45:00 PM,x,1.02,12.85,13.00271042
11/14/2019,07:50:00 PM,x,1.02,12.87,13.04187708
11/14/2019,07:55:00 PM,x,1.02,12.9,13.09771042
11/14/2019,08:00:00 PM,x,1.02,12.9,13.16187708
11/14/2019,08:05:00 PM,x,1.01,12.96,13.22021042
11/14/2019,08:10:00 PM,x,1.02,13.33,13.28771042
11/14/2019,08:15:00 PM,x,1.02,13.49,13.37437708
11/14/2019,08:20:00 PM,x,1.02,13.43,13.46021042
11/14/2019,08:25:00 PM,x,1.02,13.6,13.54521042
11/14/2019,08:30:00 PM,x,1.02,13.78,13.63354375
11/14/2019,08:35:00 PM,x,1.02,13.87,13.72268333
11/14/2019,08:40:00 PM,x,1.02,13.87,13.78185
11/14/2019,08:45:00 PM,x,1.02,13.89,13.82185
11/14/2019,08:50:00 PM,x,1.02,13.9,13.88018333
11/14/2019,08:55:00 PM,x,1.02,13.92,13.92685
11/14/2019,09:00:00 PM,x,1.02,13.96,13.95018333
11/14/2019,09:05:00 PM,x,1.02,14.03,13.96768333
11/14/2019,09:10:00 PM,x,1.02,14.04,13.98601667
11/14/2019,09:15:00 PM,x,1.02,13.97,13.99018333
11/14/2019,09:20:00 PM,x,1.02,14.13,13.98851667
11/14/2019,09:25:00 PM,x,1.02,14.16,13.98768333
11/14/2019,09:30:00 PM,x,1.02,14.06,13.97854375
11/14/2019,09:35:00 PM,x,1.02,14.08,13.95357083
11/14/2019,09:40:00 PM,x,1.02,14.09,13.9252375
11/14/2019,09:45:00 PM,x,1.02,13.94,13.90193125
11/14/2019,09:50:00 PM,x,1.02,13.88,13.86109792
11/14/2019,09:55:00 PM,x,1.02,13.91,13.81943125
11/14/2019,10:00:00 PM,x,1.01,13.85,13.788625
11/14/2019,10:05:00 PM,x,1.01,13.73,13.75945833
11/14/2019,10:10:00 PM,x,1.02,13.7,13.73029167
11/14/2019,10:15:00 PM,x,1.01,13.69,13.71281875
11/14/2019,10:20:00 PM,x,1.02,13.64,13.70031875
11/14/2019,10:25:00 PM,x,1.02,13.66,13.67781875
11/14/2019,10:30:00 PM,x,1.01,13.69,13.65448542
11/14/2019,10:35:00 PM,x,1.02,13.73,13.64115208
11/14/2019,10:40:00 PM,x,1.02,13.74,13.62367917
11/14/2019,10:45:00 PM,x,1.01,13.73,13.59698542
11/14/2019,10:50:00 PM,x,1.02,13.73,13.57034583
11/14/2019,10:55:00 PM,x,1.02,13.64,13.5520125
11/14/2019,11:00:00 PM,x,1.01,13.57,13.52034583
11/14/2019,11:05:00 PM,x,1.01,13.57,13.49534583
11/14/2019,11:10:00 PM,x,1.01,13.49,13.47703958
11/14/2019,11:15:00 PM,x,1.02,13.37,13.4620125
11/14/2019,11:20:00 PM,x,1.01,13.32,13.4395125
11/14/2019,11:25:00 PM,x,1.02,13.44,13.4195125
11/14/2019,11:30:00 PM,x,1.01,13.31,13.38784583
11/14/2019,11:35:00 PM,x,1.02,13.43,13.35365208
11/14/2019,11:40:00 PM,x,1.01,13.52,13.338625
11/14/2019,11:45:00 PM,x,1.02,13.55,13.33031875
11/14/2019,11:50:00 PM,x,1.02,13.46,13.30865208
11/14/2019,11:55:00 PM,x,1.02,13.4,13.25117917
11/15/2019,12:00:00 AM,x,1.01,13.19,13.17367917
11/15/2019,12:05:00 AM,x,1.02,13.16,13.06873333
11/15/2019,12:10:00 AM,x,1.02,13.31,12.93126042
11/15/2019,12:15:00 AM,x,1.01,13.27,12.76295417
11/15/2019,12:20:00 AM,x,1.01,13.06,12.58300833
11/15/2019,12:25:00 AM,x,1.01,12.75,12.40472917
11/15/2019,12:30:00 AM,x,1.01,12.38,12.23225625
11/15/2019,12:35:00 AM,x,1,12.17,12.05647708
11/15/2019,12:40:00 AM,x,1,11.87,11.8548375
11/15/2019,12:45:00 AM,x,1.01,11.53,11.67069792
11/15/2019,12:50:00 AM,x,1,11.3,11.51069792
11/15/2019,12:55:00 AM,x,1,11.26,11.355725
11/15/2019,01:00:00 AM,x,1,11.12,11.218225
11/15/2019,01:05:00 AM,x,1,11.05,11.10069792
11/15/2019,01:10:00 AM,x,1.01,10.89,11.02567083
11/15/2019,01:15:00 AM,x,1,11.06,11.01150417
11/15/2019,01:20:00 AM,x,1.01,11.14,11.04395
11/15/2019,01:25:00 AM,x,1,10.89,11.09972917
11/15/2019,01:30:00 AM,x,1.01,10.73,11.169675
11/15/2019,01:35:00 AM,x,1.01,10.76,11.23962083
11/15/2019,01:40:00 AM,x,1.01,10.97,11.31959375
11/15/2019,01:45:00 AM,x,1.01,11.36,11.38534583
11/15/2019,01:50:00 AM,x,1.02,11.69,11.453625
11/15/2019,01:55:00 AM,x,1.02,11.93,11.57021042
11/15/2019,02:00:00 AM,x,1.02,11.96,11.71598958
11/15/2019,02:05:00 AM,x,1.02,11.89,11.83093542
11/15/2019,02:10:00 AM,x,1.02,11.85,11.910075
11/15/2019,02:15:00 AM,x,1.03,11.85,11.95671458
11/15/2019,02:20:00 AM,x,1.03,11.96,11.98338125
11/15/2019,02:25:00 AM,x,1.03,12.29,12.00171458
11/15/2019,02:30:00 AM,x,1.03,12.48,12.03921458
11/15/2019,02:35:00 AM,x,1.03,12.14,12.0841875
11/15/2019,02:40:00 AM,x,1.02,11.92,12.13416042
11/15/2019,02:45:00 AM,x,1.02,11.92,12.18335417
11/15/2019,02:50:00 AM,x,1.02,12.01,12.24504792
11/15/2019,02:55:00 AM,x,1.02,12.15,12.290075
11/15/2019,03:00:00 AM,x,1.02,12.41,12.32343542
11/15/2019,03:05:00 AM,x,1.03,12.43,12.38929583
11/15/2019,03:10:00 AM,x,1.03,12.45,12.48510208
11/15/2019,03:15:00 AM,x,1.02,12.44,12.58760208
11/15/2019,03:20:00 AM,x,1.02,12.7,12.68343542
11/15/2019,03:25:00 AM,x,1.02,12.83,12.75510208
11/15/2019,03:30:00 AM,x,1.02,12.88,12.79260208
11/15/2019,03:35:00 AM,x,1.02,12.93,12.8334625
11/15/2019,03:40:00 AM,x,1.03,13.07,12.86598958
11/15/2019,03:45:00 AM,x,1.02,13.15,12.90348958
11/15/2019,03:50:00 AM,x,1.02,13.16,12.93515625
11/15/2019,03:55:00 AM,x,1.02,13.01,12.94515625
11/15/2019,04:00:00 AM,x,1.02,12.86,12.94348958
11/15/2019,04:05:00 AM,x,1.02,12.92,12.93351667
11/15/2019,04:10:00 AM,x,1.02,12.84,12.89940417
11/15/2019,04:15:00 AM,x,1.02,12.89,12.84026458
11/15/2019,04:20:00 AM,x,1.02,13.08,12.768625
11/15/2019,04:25:00 AM,x,1.02,12.95,12.69948542
11/15/2019,04:30:00 AM,x,1.02,12.86,12.62534583
11/15/2019,04:35:00 AM,x,1.01,12.81,12.54206667
11/15/2019,04:40:00 AM,x,1.01,12.66,12.4862875
11/15/2019,04:45:00 AM,x,1.01,12.44,12.43214792
11/15/2019,04:50:00 AM,x,1.01,12.3,12.339675
11/15/2019,04:55:00 AM,x,1.01,12.18,12.21722917
11/15/2019,05:00:00 AM,x,1.01,11.97,12.06311667
11/15/2019,05:05:00 AM,x,1,11.92,11.8905625
11/15/2019,05:10:00 AM,x,1,12.17,11.73117292
11/15/2019,05:15:00 AM,x,1.01,12.24,11.61847917
11/15/2019,05:20:00 AM,x,1.01,11.97,11.54211875
11/15/2019,05:25:00 AM,x,1,11.48,11.4882125
11/15/2019,05:30:00 AM,x,1,11.01,11.47586667
11/15/2019,05:35:00 AM,x,1.03,10.74,11.48087708
11/15/2019,05:40:00 AM,0,1.4,10.76,11.46311667
11/15/2019,05:45:00 AM,0,2.62,11.14,11.43794167
11/15/2019,05:50:00 AM,0.1,5.82,11.54,11.43653125
11/15/2019,05:55:00 AM,0.42,10.76,11.85,11.49263542
11/15/2019,06:00:00 AM,0.83,16.03,12.31,11.60287917
11/15/2019,06:05:00 AM,1.4,23.15,12.7,11.76137708
11/15/2019,06:10:00 AM,1.72,27.25,12.81,11.89610417
11/15/2019,06:15:00 AM,1.93,29.69,12.87,11.96304167
11/15/2019,06:20:00 AM,2.5,36.3,13.1,11.99747083
11/15/2019,06:25:00 AM,2.94,40.9,13.45,12.08831458
11/15/2019,06:30:00 AM,3.28,44.91,13.76,12.2350625
11/15/2019,06:35:00 AM,3.83,50.2,14.24,12.39171667
11/15/2019,06:40:00 AM,5.17,64.27,14.42,12.54873125
11/15/2019,06:45:00 AM,6.4,78.52,14.41,12.73315833
11/15/2019,06:50:00 AM,6.94,84.8,14.52,12.9542125
11/15/2019,06:55:00 AM,6.29,76.91,15.09,13.15414583
11/15/2019,07:00:00 AM,5.18,64,15.63,13.32412083
11/15/2019,07:05:00 AM,5.42,67.77,16.03,13.44746458
11/15/2019,07:10:00 AM,6.4,80.66,16.43,13.59828958
11/15/2019,07:15:00 AM,6.55,83.44,16.83,13.7485
11/15/2019,07:20:00 AM,5.48,70.68,16.87,13.87102083
11/15/2019,07:25:00 AM,5.11,65.54,16.65,13.9416625
11/15/2019,07:30:00 AM,4.81,62.15,16.36,13.96659167
11/15/2019,07:35:00 AM,5.03,64.35,16.18,14.03419167
11/15/2019,07:40:00 AM,4.91,63.35,16.2,14.18533125
11/15/2019,07:45:00 AM,6.55,82.75,16.35,14.34037083
11/15/2019,07:50:00 AM,9.46,117.1,17.04,14.49351458
11/15/2019,07:55:00 AM,12.05,147.75,18.24,14.71748125
11/15/2019,08:00:00 AM,14.63,178.18,19.64,15.00656875
11/15/2019,08:05:00 AM,16.1,198.81,21.1,15.25595625
11/15/2019,08:10:00 AM,16.27,201.47,22.17,15.47474792
11/15/2019,08:15:00 AM,17.69,218.81,23.09,15.67128542
11/15/2019,08:20:00 AM,18.3,222.75,23.65,15.95830833
11/15/2019,08:25:00 AM,15.54,187.46,23.3,16.39958125
11/15/2019,08:30:00 AM,13.73,163.41,23.12,16.81677917
11/15/2019,08:35:00 AM,15.19,182.73,23.02,17.10208542
11/15/2019,08:40:00 AM,18.06,217.95,23.85,17.31164167
11/15/2019,08:45:00 AM,23.33,290.49,25.46,17.71108333
11/15/2019,08:50:00 AM,26.65,335.43,27.58,17.92276667
11/15/2019,08:55:00 AM,24.98,307.28,28.72,17.93881875
11/15/2019,09:00:00 AM,24.67,303.83,28.73,17.8025375
11/15/2019,09:05:00 AM,25.92,319.62,28.45,18.12232917
11/15/2019,09:10:00 AM,27.73,351.48,29.56,17.97532083
11/15/2019,09:15:00 AM,21.84,273.17,29.65,17.87993958
11/15/2019,09:20:00 AM,22.42,284.59,28.2,17.95267917
11/15/2019,09:25:00 AM,29.64,376.61,29.64,17.96635
11/15/2019,09:30:00 AM,39.2,514.96,32.91,18.53614167
11/15/2019,09:35:00 AM,31.57,415.73,34.43,18.08627083
11/15/2019,09:40:00 AM,48.76,652.23,36.2,18.37655833
11/15/2019,09:45:00 AM,58.56,805.4,41.05,18.51634375
11/15/2019,09:50:00 AM,56.36,776.88,42.8,18.75648125
11/15/2019,09:55:00 AM,49.06,674.54,40.82,18.94412708
11/15/2019,10:00:00 AM,26.02,356.83,37.29,19.2178125
11/15/2019,10:05:00 AM,49.52,655.88,33.98,19.09300625
11/15/2019,10:10:00 AM,38.81,529.22,38.82,18.88332083
11/15/2019,10:15:00 AM,25.57,310.48,32.54,19.35840625
11/15/2019,10:20:00 AM,25.98,329.77,32.55,18.87335417
11/15/2019,10:25:00 AM,25.86,318.71,30.01,18.80127083
11/15/2019,10:30:00 AM,24.01,294.83,29.04,19.07360625
11/15/2019,10:35:00 AM,25.74,322.12,29.89,19.58509583
11/15/2019,10:40:00 AM,51.91,677.96,34.52,19.92279583
11/15/2019,10:45:00 AM,40.03,527.83,37.73,20.03109375
11/15/2019,10:50:00 AM,70.93,946.13,42.48,20.10090417
11/15/2019,10:55:00 AM,64.96,884.54,46.78,20.47065208
11/15/2019,11:00:00 AM,39.5,515.66,45.72,20.60849792
11/15/2019,11:05:00 AM,60.5,787.33,44.39,20.11760625
11/15/2019,11:10:00 AM,40.44,535.3,43.07,20.19810625
11/15/2019,11:15:00 AM,25.75,333.57,34.59,20.1902625
11/15/2019,11:20:00 AM,24.02,313.84,32.87,21.83795833
11/15/2019,11:25:00 AM,16.73,221.88,31.3,22.54758542
11/15/2019,11:30:00 AM,23.27,279.01,30.18,21.99445833
11/15/2019,11:35:00 AM,51.67,627.68,33.93,22.10754167
11/15/2019,11:40:00 AM,72.16,953.16,44.43,21.41083125
11/15/2019,11:45:00 AM,66.62,892.88,49.5,20.84287083
11/15/2019,11:50:00 AM,30.28,401.75,44.56,20.74827917
11/15/2019,11:55:00 AM,21.34,280.37,35.66,20.18225625
11/15/2019,12:00:00 PM,19.58,249.43,30.43,20.098375
11/15/2019,12:05:00 PM,19.8,247.73,28.21,20.676725
11/15/2019,12:10:00 PM,28.64,333.47,28.15,21.15512083
11/15/2019,12:15:00 PM,36.71,437.74,31.16,21.1293125
11/15/2019,12:20:00 PM,24.41,306.92,31.51,19.96543542
11/15/2019,12:25:00 PM,31.09,361.95,29.06,19.50242292
11/15/2019,12:30:00 PM,25.79,315.52,30.36,19.48148333
11/15/2019,12:35:00 PM,22.02,277.52,29.49,19.57676875
11/15/2019,12:40:00 PM,21.23,266.06,27.84,19.70024167
11/15/2019,12:45:00 PM,18.04,227.64,27.57,19.88601667
11/15/2019,12:50:00 PM,27.32,308.72,27.57,19.67709375
11/15/2019,12:55:00 PM,19.72,241.79,28.85,19.84966042
11/15/2019,01:00:00 PM,10.55,130.7,26.32,19.74142292
11/15/2019,01:05:00 PM,6.86,76.24,23.78,19.5870375
11/15/2019,01:10:00 PM,9.23,91.88,21.78,19.57024583
11/15/2019,01:15:00 PM,6.08,67.3,21.35,19.53088125
11/15/2019,01:20:00 PM,7.18,78.83,21.59,19.6169125
11/15/2019,01:25:00 PM,7.02,81.31,22.01,19.36164583
11/15/2019,01:30:00 PM,9.07,88.1,21.67,19.00384375
11/15/2019,01:35:00 PM,12.31,100.37,21.88,18.70890208
11/15/2019,01:40:00 PM,9.96,100.26,22.25,18.67600833
11/15/2019,01:45:00 PM,5.74,54.79,21.48,18.65655833
11/15/2019,01:50:00 PM,4.48,45.57,20.05,18.60382708
11/15/2019,01:55:00 PM,4.57,52.35,19.63,18.49385
11/15/2019,02:00:00 PM,6.19,64.35,19.87,18.55208542
11/15/2019,02:05:00 PM,9.06,90.68,20.71,18.69384167
11/15/2019,02:10:00 PM,9.14,95.41,21.5,18.68937708
11/15/2019,02:15:00 PM,9.38,88.02,21.79,18.68654167
11/15/2019,02:20:00 PM,10.57,98.3,21.59,18.66351875
11/15/2019,02:25:00 PM,11.92,130.84,22.3,18.6774125
11/15/2019,02:30:00 PM,8.32,102.29,22.83,18.63433542
11/15/2019,02:35:00 PM,4.97,49.26,21.92,18.47417917
11/15/2019,02:40:00 PM,8.15,84.37,21.68,18.20245
11/15/2019,02:45:00 PM,2.54,32.76,20.73,17.85871042
11/15/2019,02:50:00 PM,3.61,44.84,19.75,17.74922917
11/15/2019,02:55:00 PM,5.08,47.22,19.63,17.69733958
11/15/2019,03:00:00 PM,5.69,67.64,19.46,17.50174167
11/15/2019,03:05:00 PM,9.28,118.43,19.69,17.33239792
11/15/2019,03:10:00 PM,13.32,166.51,20.55,17.26285
11/15/2019,03:15:00 PM,16.33,196.17,21.18,17.1560875
11/15/2019,03:20:00 PM,11.39,132.57,21.39,17.12131667
11/15/2019,03:25:00 PM,7.74,99.23,20.65,17.06773333
11/15/2019,03:30:00 PM,6.52,85.28,19.93,17.04938333
11/15/2019,03:35:00 PM,2.87,40.71,19.61,17.14910833
11/15/2019,03:40:00 PM,2.36,35.28,19.25,17.30946875
11/15/2019,03:45:00 PM,0.6,12.18,18.78,17.52587083
11/15/2019,03:50:00 PM,0.71,12.14,18.27,17.54946875
11/15/2019,03:55:00 PM,1.33,15.62,17.96,17.53988958
11/15/2019,04:00:00 PM,3.41,33.8,18.14,17.48436042
11/15/2019,04:05:00 PM,4.12,40.07,18.34,17.35162917
11/15/2019,04:10:00 PM,3.25,39.3,18.34,17.15771042
11/15/2019,04:15:00 PM,1.3,19.96,18.05,16.93256458
11/15/2019,04:20:00 PM,1.1,16.78,17.91,16.77714167
11/15/2019,04:25:00 PM,0.91,15.69,17.82,16.66613125
11/15/2019,04:30:00 PM,3.22,44.86,17.95,16.60866042
11/15/2019,04:35:00 PM,2.09,32.18,17.74,16.55539792
11/15/2019,04:40:00 PM,4.13,53.65,17.52,16.49907292
11/15/2019,04:45:00 PM,4.82,62.08,17.7,16.41671458
11/15/2019,04:50:00 PM,3.84,50.45,17.65,16.32500208
11/15/2019,04:55:00 PM,3.32,47.07,17.65,16.21184375
11/15/2019,05:00:00 PM,2.32,35.02,17.49,16.1511125
11/15/2019,05:05:00 PM,1.94,29.89,17.37,16.06579167
11/15/2019,05:10:00 PM,0.97,17.02,16.94,16.04256667
11/15/2019,05:15:00 PM,0.26,7.6,16.66,16.0276125
11/15/2019,05:20:00 PM,0.14,5.72,16.45,15.97476458
11/15/2019,05:25:00 PM,0.23,7.01,16.18,15.90692917
11/15/2019,05:30:00 PM,0.07,5.13,15.93,15.80976458
11/15/2019,05:35:00 PM,0,2.76,15.76,15.70287292
11/15/2019,05:40:00 PM,0,1.61,15.55,15.616125
11/15/2019,05:45:00 PM,0,1.14,15.54,15.54303125
11/15/2019,05:50:00 PM,0,1.04,15.41,15.4915125
11/15/2019,05:55:00 PM,0,1.04,15.34,15.47265417
11/15/2019,06:00:00 PM,x,1.05,15.22,15.45537083
11/15/2019,06:05:00 PM,x,1.05,15.15,15.43583542
11/15/2019,06:10:00 PM,x,1.05,15.38,15.43651875
11/15/2019,06:15:00 PM,x,1.05,15.57,15.43095625
11/15/2019,06:20:00 PM,x,1.05,15.68,15.4392625
11/15/2019,06:25:00 PM,x,1.05,15.76,15.46173542
11/15/2019,06:30:00 PM,x,1.05,15.59,15.49842917
11/15/2019,06:35:00 PM,x,1.05,15.47,15.53759583
11/15/2019,06:40:00 PM,x,1.05,15.54,15.53845625
11/15/2019,06:45:00 PM,x,1.04,15.47,15.51928958
11/15/2019,06:50:00 PM,x,1.05,15.51,15.49598333
11/15/2019,06:55:00 PM,x,1.05,15.61,15.46934375
11/15/2019,07:00:00 PM,x,1.04,15.66,15.46017708
11/15/2019,07:05:00 PM,x,1.05,15.62,15.44601042
11/15/2019,07:10:00 PM,x,1.04,15.39,15.41770417
11/15/2019,07:15:00 PM,x,1.05,15.34,15.4010375
11/15/2019,07:20:00 PM,x,1.04,15.4,15.38023125
11/15/2019,07:25:00 PM,x,1.04,15.44,15.36525833
11/15/2019,07:30:00 PM,x,1.05,15.48,15.354425
11/15/2019,07:35:00 PM,x,1.05,15.3,15.33361875
11/15/2019,07:40:00 PM,x,1.04,15.2,15.31528542
11/15/2019,07:45:00 PM,x,1.04,15.27,15.27364583
11/15/2019,07:50:00 PM,x,1.04,15.26,15.18867292
11/15/2019,07:55:00 PM,x,1.04,15.43,15.08453333
11/15/2019,08:00:00 PM,x,1.04,15.53,14.9595875
11/15/2019,08:05:00 PM,x,1.04,15.37,14.84383542
11/15/2019,08:10:00 PM,x,1.04,15.17,14.73969583
11/15/2019,08:15:00 PM,x,1.04,14.84,14.63805625
11/15/2019,08:20:00 PM,x,1.03,14.38,14.55308333
11/15/2019,08:25:00 PM,x,1.03,14.19,14.45727708
11/15/2019,08:30:00 PM,x,1.03,13.98,14.35730417
11/15/2019,08:35:00 PM,x,1.02,13.91,14.27983125
11/15/2019,08:40:00 PM,x,1.03,13.95,14.219025
11/15/2019,08:45:00 PM,x,1.03,14.05,14.18905208
11/15/2019,08:50:00 PM,x,1.03,14.24,14.21571875
11/15/2019,08:55:00 PM,x,1.03,14.28,14.27821875
11/15/2019,09:00:00 PM,x,1.03,14.33,14.37319167
11/15/2019,09:05:00 PM,x,1.03,14.44,14.4706375
11/15/2019,09:10:00 PM,x,1.03,14.44,14.54644375
11/15/2019,09:15:00 PM,x,1.03,14.48,14.59808333
11/15/2019,09:20:00 PM,x,1.03,14.7,14.63475
11/15/2019,09:25:00 PM,x,1.03,14.94,14.66808333
11/15/2019,09:30:00 PM,x,1.04,15.12,14.69475
11/15/2019,09:35:00 PM,x,1.04,15.08,14.70641667
11/15/2019,09:40:00 PM,x,1.04,14.86,14.71225
11/15/2019,09:45:00 PM,x,1.04,14.67,14.72225
11/15/2019,09:50:00 PM,x,1.03,14.68,14.71641667
11/15/2019,09:55:00 PM,x,1.03,14.68,14.69141667
11/15/2019,10:00:00 PM,x,1.03,14.65,14.63561042
11/15/2019,10:05:00 PM,x,1.03,14.58,14.57230417
11/15/2019,10:10:00 PM,x,1.03,14.51,14.53149792
11/15/2019,10:15:00 PM,x,1.03,14.6,14.50819167
11/15/2019,10:20:00 PM,x,1.03,14.63,14.46819167
11/15/2019,10:25:00 PM,x,1.03,14.64,14.41405208
11/15/2019,10:30:00 PM,x,1.03,14.45,14.35907917
11/15/2019,10:35:00 PM,x,1.03,14.32,14.30577292
11/15/2019,10:40:00 PM,x,1.03,14.37,14.25743958
11/15/2019,10:45:00 PM,x,1.03,14.39,14.20413333
11/15/2019,10:50:00 PM,x,1.03,14.2,14.15332708
11/15/2019,10:55:00 PM,x,1.02,14.03,14.09752083
11/15/2019,11:00:00 PM,x,1.02,13.99,14.06252083
11/15/2019,11:05:00 PM,x,1.02,13.94,14.05002083
11/15/2019,11:10:00 PM,x,1.03,13.93,14.03752083
11/15/2019,11:15:00 PM,x,1.02,13.96,14.03335417
11/15/2019,11:20:00 PM,x,1.02,14.02,14.05085417
11/15/2019,11:25:00 PM,x,1.02,13.97,14.07416042
11/15/2019,11:30:00 PM,x,1.03,14.03,14.07913333
11/15/2019,11:35:00 PM,x,1.03,14.17,14.06827292
11/15/2019,11:40:00 PM,x,1.03,14.22,14.05577292
11/15/2019,11:45:00 PM,x,1.03,14.34,14.01327292
11/15/2019,11:50:00 PM,x,1.03,14.41,13.97410625
11/15/2019,11:55:00 PM,x,1.03,14.31,13.94827292
11/16/2019,12:00:00 AM,x,1.03,14.05,13.90996667
11/16/2019,12:05:00 AM,x,1.03,13.81,13.84999375
11/16/2019,12:10:00 AM,x,1.03,13.78,13.77335417
11/16/2019,12:15:00 AM,x,1.02,13.45,13.65671458
11/16/2019,12:20:00 AM,x,1.02,13.55,13.53924167
11/16/2019,12:25:00 AM,x,1.02,13.66,13.43760208
11/16/2019,12:30:00 AM,x,1.02,13.57,13.3509625
11/16/2019,12:35:00 AM,x,1.02,13.45,13.29598958
11/16/2019,12:40:00 AM,x,1.02,13.3,13.24435
11/16/2019,12:45:00 AM,x,1.02,12.94,13.22851667
11/16/2019,12:50:00 AM,x,1.02,13,13.20851667
11/16/2019,12:55:00 AM,x,1.02,13.09,13.18685
11/16/2019,01:00:00 AM,x,1.02,13.01,13.17768333
11/16/2019,01:05:00 AM,x,1.02,13.15,13.17435
11/16/2019,01:10:00 AM,x,1.02,13.16,13.16685
11/16/2019,01:15:00 AM,x,1.02,13.26,13.16518333
11/16/2019,01:20:00 AM,x,1.02,13.31,13.14435
11/16/2019,01:25:00 AM,x,1.02,13.4,13.10518333
11/16/2019,01:30:00 AM,x,1.02,13.46,13.06935
11/16/2019,01:35:00 AM,x,1.02,13.41,13.02521042
11/16/2019,01:40:00 AM,x,1.02,13.21,12.95271042
11/16/2019,01:45:00 AM,x,1.02,12.92,12.84607083
11/16/2019,01:50:00 AM,x,1.02,12.75,12.72359792
11/16/2019,01:55:00 AM,x,1.02,12.62,12.57445833
11/16/2019,02:00:00 AM,x,1.02,12.58,12.40031875
11/16/2019,02:05:00 AM,x,1.01,12.62,12.2370125
11/16/2019,02:10:00 AM,x,1.02,12.29,12.14287292
11/16/2019,02:15:00 AM,x,1.01,11.98,12.0854
11/16/2019,02:20:00 AM,x,1.01,11.84,11.99626042
11/16/2019,02:25:00 AM,x,1.01,11.61,11.87462083
11/16/2019,02:30:00 AM,x,1.01,11.37,11.72134167
11/16/2019,02:35:00 AM,x,1.01,11.45,11.54303542
11/16/2019,02:40:00 AM,x,1.01,12.08,11.39475625
11/16/2019,02:45:00 AM,x,1.01,12.23,11.28311667
11/16/2019,02:50:00 AM,x,1.01,11.68,11.17564375
11/16/2019,02:55:00 AM,x,1.01,11.16,11.07567083
11/16/2019,03:00:00 AM,x,1,10.74,10.97736458
11/16/2019,03:05:00 AM,x,1,10.48,10.87486458
11/16/2019,03:10:00 AM,x,1,10.51,10.71569792
11/16/2019,03:15:00 AM,x,1,10.64,10.53569792
11/16/2019,03:20:00 AM,x,1,10.55,10.40403125
11/16/2019,03:25:00 AM,x,1,10.41,10.31403125
11/16/2019,03:30:00 AM,x,1,10.19,10.26567083
11/16/2019,03:35:00 AM,x,1.01,10.22,10.23231042
11/16/2019,03:40:00 AM,x,1.01,10.17,10.19228333
11/16/2019,03:45:00 AM,x,1.01,10.07,10.13975625
11/16/2019,03:50:00 AM,x,1.01,10.1,10.08972917
11/16/2019,03:55:00 AM,x,1.01,10.08,10.04470208
11/16/2019,04:00:00 AM,x,1.01,10.16,10.017175
11/16/2019,04:05:00 AM,x,1.01,10.08,9.995508333
11/16/2019,04:10:00 AM,x,1.01,10.03,9.977147917
11/16/2019,04:15:00 AM,x,1.01,10.01,9.9637875
11/16/2019,04:20:00 AM,x,1.01,9.95,9.946260417
11/16/2019,04:25:00 AM,x,1.01,9.87,9.927066667
11/16/2019,04:30:00 AM,x,1.01,9.86,9.897039583
11/16/2019,04:35:00 AM,x,1.01,9.96,9.872845833
11/16/2019,04:40:00 AM,x,1.02,9.95,9.846152083
11/16/2019,04:45:00 AM,x,1.02,9.91,9.811958333
11/16/2019,04:50:00 AM,x,1.02,9.89,9.777764583
11/16/2019,04:55:00 AM,x,1.02,9.85,9.758570833
11/16/2019,05:00:00 AM,x,1.02,9.8,9.743516667
11/16/2019,05:05:00 AM,x,1.02,9.79,9.711979167
11/16/2019,05:10:00 AM,x,1.02,9.71,9.675729167
11/16/2019,05:15:00 AM,x,1.02,9.6,9.638508333
11/16/2019,05:20:00 AM,x,1.02,9.54,9.604610417
11/16/2019,05:25:00 AM,x,1.02,9.64,9.567902083
11/16/2019,05:30:00 AM,x,1.03,9.68,9.531660417
11/16/2019,05:35:00 AM,0,1.27,9.59,9.5002625
11/16/2019,05:40:00 AM,0,3.02,9.58,9.467483333
11/16/2019,05:45:00 AM,0.1,5.84,9.62,9.430241667
11/16/2019,05:50:00 AM,0.2,7.69,9.7,9.392366667
11/16/2019,05:55:00 AM,0.52,12.42,9.78,9.356841667
11/16/2019,06:00:00 AM,0.78,15.94,9.85,9.30785
11/16/2019,06:05:00 AM,1.06,19.69,10.02,9.059708333
11/16/2019,06:10:00 AM,1.39,24.2,10.07,8.936564583
11/16/2019,06:15:00 AM,1.81,29.54,10.08,9.02014375
11/16/2019,06:20:00 AM,2.26,35.62,10.21,9.130225
11/16/2019,06:25:00 AM,2.76,43.06,10.58,9.101802083
11/16/2019,06:30:00 AM,3.85,60.35,11.02,9.117083333
11/16/2019,06:35:00 AM,7.94,206.43,13.28,9.260497917
11/16/2019,06:40:00 AM,9.49,238.95,15.77,9.534670833
11/16/2019,06:45:00 AM,8.39,182.98,16.38,9.991725
11/16/2019,06:50:00 AM,8.59,175.66,16.48,10.55603333
11/16/2019,06:55:00 AM,12.17,255.53,17.34,10.97873542
11/16/2019,07:00:00 AM,16.3,333.99,20.37,11.80112083
11/16/2019,07:05:00 AM,18.12,363.66,22.92,12.62875625
11/16/2019,07:10:00 AM,19.26,379.89,24.92,13.20686458
11/16/2019,07:15:00 AM,18.62,350.32,25.99,13.55365417
11/16/2019,07:20:00 AM,16.43,303.26,25.68,13.76736458
11/16/2019,07:25:00 AM,16.24,298.37,23.95,14.03158958
11/16/2019,07:30:00 AM,7.26,112.7,22.59,14.441875
11/16/2019,07:35:00 AM,7.02,106.38,19.96,14.74834583
11/16/2019,07:40:00 AM,7.27,114.11,18.65,14.51384167
11/16/2019,07:45:00 AM,6.5,95.55,17.7,14.23793333
11/16/2019,07:50:00 AM,7.93,122.29,17.31,13.61876458
11/16/2019,07:55:00 AM,11.63,193.97,18.51,13.26202292
11/16/2019,08:00:00 AM,8.29,130.5,18.68,12.83440625
11/16/2019,08:05:00 AM,5.89,88.04,17.64,12.8389875
11/16/2019,08:10:00 AM,18.34,280.63,18.88,13.15302917
11/16/2019,08:15:00 AM,17.46,266.04,19.94,13.65090208
11/16/2019,08:20:00 AM,37.34,586.03,27.44,14.32074375
11/16/2019,08:25:00 AM,44.86,690.09,32.4,15.22039375
11/16/2019,08:30:00 AM,47.46,727.82,37.45,16.19413125
11/16/2019,08:35:00 AM,49.1,751.15,40.97,16.65941875
11/16/2019,08:40:00 AM,51.19,780.31,44.07,17.66857708
11/16/2019,08:45:00 AM,54.53,823.72,47.34,18.68505208
11/16/2019,08:50:00 AM,57.2,860.81,49.35,20.51375208
11/16/2019,08:55:00 AM,59.39,891.33,51.97,22.81896875
11/16/2019,09:00:00 AM,53.89,769.12,51.12,24.23638125
11/16/2019,09:05:00 AM,61.4,913.78,50.06,25.01715208
11/16/2019,09:10:00 AM,63.67,947.71,52.67,25.31616875
11/16/2019,09:15:00 AM,67.26,1004.88,56.15,25.3063875
11/16/2019,09:20:00 AM,50.03,774.51,55.51,25.20139792
11/16/2019,09:25:00 AM,14.65,206.01,44.33,24.89481458
11/16/2019,09:30:00 AM,9.1,120.16,34.71,24.31508542
11/16/2019,09:35:00 AM,6.96,82.25,28.6,24.22465833
11/16/2019,09:40:00 AM,8,87.75,25.15,23.92589167
11/16/2019,09:45:00 AM,9.08,100.87,23.73,23.50101042
11/16/2019,09:50:00 AM,8.3,90.96,23.07,22.50161458
11/16/2019,09:55:00 AM,8.93,100.53,22.59,20.89078333
11/16/2019,10:00:00 AM,9.7,113.02,22.84,19.84454375
11/16/2019,10:05:00 AM,9.42,109.63,22.84,19.23092292
11/16/2019,10:10:00 AM,9.54,111.87,21.92,18.92564375
11/16/2019,10:15:00 AM,8.05,94.99,21.48,18.75307292
11/16/2019,10:20:00 AM,7.91,91.21,21.31,18.5696875
11/16/2019,10:25:00 AM,8.27,91.24,21.27,18.45495
11/16/2019,10:30:00 AM,7.92,92.31,21.25,18.31332708
11/16/2019,10:35:00 AM,7.26,88.51,21.44,18.11216458
11/16/2019,10:40:00 AM,7.22,86.93,21.46,18.03742708
11/16/2019,10:45:00 AM,8.32,99.05,21.6,17.94152917
11/16/2019,10:50:00 AM,8.82,108.21,21.43,17.84852917
11/16/2019,10:55:00 AM,7.97,103.51,21.31,17.82421667
11/16/2019,11:00:00 AM,8.96,114.85,21.2,17.98910417
11/16/2019,11:05:00 AM,12.9,159.29,22.04,18.13930625
11/16/2019,11:10:00 AM,13.74,166.85,22.81,18.20046875
11/16/2019,11:15:00 AM,18.05,208.86,24.03,18.57948333
11/16/2019,11:20:00 AM,23.33,272.01,26.07,19.02535417
11/16/2019,11:25:00 AM,27.14,325.14,28.58,19.48367083
11/16/2019,11:30:00 AM,25.3,313.89,30.43,19.89824167
11/16/2019,11:35:00 AM,28.85,355.82,31.93,19.62399167
11/16/2019,11:40:00 AM,34.57,445.27,33.84,19.64639792
11/16/2019,11:45:00 AM,30.26,377.26,35.19,20.169775
11/16/2019,11:50:00 AM,29.7,358.35,34.91,21.58600208
11/16/2019,11:55:00 AM,29.72,357.67,35.07,22.57188958
11/16/2019,12:00:00 PM,32.15,389.47,35.1,23.14097917
11/16/2019,12:05:00 PM,56.02,726.09,37.17,23.58335625
11/16/2019,12:10:00 PM,61.6,855.5,45.46,23.78534792
11/16/2019,12:15:00 PM,58.97,818.69,50.13,23.66547708
11/16/2019,12:20:00 PM,28.55,360.48,45.94,23.63782917
11/16/2019,12:25:00 PM,24.4,309.12,39.89,23.56436458
11/16/2019,12:30:00 PM,20.57,268.38,35.78,23.49441458
11/16/2019,12:35:00 PM,20.35,255.25,33.97,24.12566042
11/16/2019,12:40:00 PM,26.38,325.15,32.36,24.39839792
11/16/2019,12:45:00 PM,24.36,297.52,31.16,24.09126875
11/16/2019,12:50:00 PM,16.44,207.02,29.66,22.96962917
11/16/2019,12:55:00 PM,15.96,180.18,28.42,22.34877083
11/16/2019,01:00:00 PM,18.19,202.99,28.2,21.83810417
11/16/2019,01:05:00 PM,21.73,245.63,29.13,21.23329583
11/16/2019,01:10:00 PM,22.14,255.72,29.24,20.96187292
11/16/2019,01:15:00 PM,33.26,245.63,27.82,20.7116
11/16/2019,01:20:00 PM,18,212.47,27.67,20.24329167
11/16/2019,01:25:00 PM,14.2,154.36,27.41,19.94125417
11/16/2019,01:30:00 PM,10.08,106.78,24.4,19.69228333
11/16/2019,01:35:00 PM,12.11,132.41,22.72,19.56237917
11/16/2019,01:40:00 PM,10.94,125.06,22.6,19.50924375
11/16/2019,01:45:00 PM,31.66,112.39,22.14,19.39177083
11/16/2019,01:50:00 PM,35.17,185.78,23.35,19.09785
11/16/2019,01:55:00 PM,38.86,185.24,24.96,18.82665
11/16/2019,02:00:00 PM,40.25,218.61,25.72,18.80627708
11/16/2019,02:05:00 PM,30.25,170.21,25.12,18.96281875
11/16/2019,02:10:00 PM,11.81,88.57,23.17,18.97097292
11/16/2019,02:15:00 PM,16.88,117.62,22.25,18.97560833
11/16/2019,02:20:00 PM,41.54,201.61,23.79,19.14105417
11/16/2019,02:25:00 PM,46.48,193.88,25.44,19.18731042
11/16/2019,02:30:00 PM,29.54,134.61,25.06,19.30624167
11/16/2019,02:35:00 PM,13.1,98.61,23.5,19.3758
11/16/2019,02:40:00 PM,43.32,131.28,22.9,19.31965417
11/16/2019,02:45:00 PM,40.36,169.14,24.04,19.39966667
11/16/2019,02:50:00 PM,38.57,161,24.53,19.55907083
11/16/2019,02:55:00 PM,26,146.93,24.27,19.51406875
11/16/2019,03:00:00 PM,13.06,119.62,23.93,19.31299792
11/16/2019,03:05:00 PM,10.18,97.45,23.59,19.23465417
11/16/2019,03:10:00 PM,11.26,92.07,22.61,19.35181042
11/16/2019,03:15:00 PM,7.72,93,22.41,19.44335208
11/16/2019,03:20:00 PM,6.8,65.83,21.29,19.4217625
11/16/2019,03:25:00 PM,8.59,80.65,21.22,19.35832292
11/16/2019,03:30:00 PM,18.16,114.39,21.99,19.28962083
11/16/2019,03:35:00 PM,10.64,108.46,22.88,19.14218333
11/16/2019,03:40:00 PM,7.21,80.33,22.65,19.05913542
11/16/2019,03:45:00 PM,8.06,75.34,22.09,19.07002708
11/16/2019,03:50:00 PM,11.24,74.51,21.46,19.024425
11/16/2019,03:55:00 PM,13.4,92.2,21.73,18.98764167
11/16/2019,04:00:00 PM,11.76,77.91,21.75,18.96327292
11/16/2019,04:05:00 PM,13.08,98.35,21.85,18.87076875
11/16/2019,04:10:00 PM,12.43,108.58,22.15,18.70277917
11/16/2019,04:15:00 PM,8.09,67.44,21.71,18.52804583
11/16/2019,04:20:00 PM,8.45,74.36,21.02,18.44024375
11/16/2019,04:25:00 PM,9.19,83.77,20.88,18.40508542
11/16/2019,04:30:00 PM,9.04,83.08,20.68,18.29029583
11/16/2019,04:35:00 PM,7.99,74,20.65,18.22816667
11/16/2019,04:40:00 PM,6.38,59.28,19.95,18.1606875
11/16/2019,04:45:00 PM,6.54,64.78,19.65,17.99141042
11/16/2019,04:50:00 PM,4.37,44.16,19.42,17.87890833
11/16/2019,04:55:00 PM,2.38,22.72,19.05,17.7966
11/16/2019,05:00:00 PM,2.41,26.14,18.69,17.682125
11/16/2019,05:05:00 PM,1.42,17.29,18.47,17.52127292
11/16/2019,05:10:00 PM,0.47,8.88,18.1,17.34646667
11/16/2019,05:15:00 PM,0.55,10.25,17.82,17.1654375
11/16/2019,05:20:00 PM,0.52,9.13,17.55,16.913
11/16/2019,05:25:00 PM,0.13,4.93,17.33,16.59591042
11/16/2019,05:30:00 PM,0.11,5.04,16.77,16.2938625
11/16/2019,05:35:00 PM,0.01,2.93,16.41,15.96117917
11/16/2019,05:40:00 PM,0,1.67,15.98,15.61988542
11/16/2019,05:45:00 PM,0,1.16,15.41,15.29563542
11/16/2019,05:50:00 PM,0,1.06,14.99,14.99168542
11/16/2019,05:55:00 PM,0,1.03,14.54,14.7288875
11/16/2019,06:00:00 PM,x,1.05,14.25,14.52805417
11/16/2019,06:05:00 PM,x,1.05,13.95,14.34564583
11/16/2019,06:10:00 PM,x,1.05,13.75,14.20149167
11/16/2019,06:15:00 PM,x,1.05,13.63,14.11598333
11/16/2019,06:20:00 PM,x,1.05,13.64,14.07020417
11/16/2019,06:25:00 PM,x,1.04,14.05,14.06934375
11/16/2019,06:30:00 PM,x,1.04,14.23,14.10437083
11/16/2019,06:35:00 PM,x,1.05,14.16,14.15939792
11/16/2019,06:40:00 PM,x,1.05,14.23,14.244425
11/16/2019,06:45:00 PM,x,1.04,14.38,14.34609167
11/16/2019,06:50:00 PM,x,1.04,14.44,14.45695208
11/16/2019,06:55:00 PM,x,1.04,14.53,14.53775833
11/16/2019,07:00:00 PM,x,1.04,14.67,14.60023125
11/16/2019,07:05:00 PM,x,1.04,14.61,14.666925
11/16/2019,07:10:00 PM,x,1.04,14.77,14.72778542
11/16/2019,07:15:00 PM,x,1.05,14.85,14.75611875
11/16/2019,07:20:00 PM,x,1.04,14.97,14.76611875
11/16/2019,07:25:00 PM,x,1.05,15.02,14.76111875
11/16/2019,07:30:00 PM,x,1.05,14.98,14.74528542
11/16/2019,07:35:00 PM,x,1.04,14.96,14.72695208
11/16/2019,07:40:00 PM,x,1.04,14.96,14.67111875
11/16/2019,07:45:00 PM,x,1.04,14.72,14.58614583
11/16/2019,07:50:00 PM,x,1.04,14.56,14.48033958
11/16/2019,07:55:00 PM,x,1.04,14.47,14.36953333
11/16/2019,08:00:00 PM,x,1.04,14.48,14.23375417
11/16/2019,08:05:00 PM,x,1.04,14.39,14.06711458
11/16/2019,08:10:00 PM,x,1.04,14.1,13.87633542
11/16/2019,08:15:00 PM,x,1.04,13.83,13.69555625
11/16/2019,08:20:00 PM,x,1.03,13.7,13.52311042
11/16/2019,08:25:00 PM,x,1.04,13.69,13.35399792
11/16/2019,08:30:00 PM,x,1.03,13.35,13.17488542
11/16/2019,08:35:00 PM,x,1.03,12.96,12.99077292
11/16/2019,08:40:00 PM,x,1.02,12.67,12.82499375
11/16/2019,08:45:00 PM,x,1.02,12.55,12.67838125
11/16/2019,08:50:00 PM,x,1.02,12.49,12.53924167
11/16/2019,08:55:00 PM,x,1.02,12.44,12.3984625
11/16/2019,09:00:00 PM,x,1.02,12.33,12.28432292
11/16/2019,09:05:00 PM,x,1.02,12.18,12.19935
11/16/2019,09:10:00 PM,x,1.02,12.11,12.13435
11/16/2019,09:15:00 PM,x,1.02,12.07,12.07351667
11/16/2019,09:20:00 PM,x,1.02,12.03,12.01101667
11/16/2019,09:25:00 PM,x,1.02,12,11.94685
11/16/2019,09:30:00 PM,x,1.02,11.98,11.88521042
11/16/2019,09:35:00 PM,x,1.02,11.94,11.83187708
11/16/2019,09:40:00 PM,x,1.02,11.89,11.78187708
11/16/2019,09:45:00 PM,x,1.02,11.82,11.73271042
11/16/2019,09:50:00 PM,x,1.02,11.74,11.68104375
11/16/2019,09:55:00 PM,x,1.02,11.67,11.62854375
11/16/2019,10:00:00 PM,x,1.01,11.59,11.57104375
11/16/2019,10:05:00 PM,x,1.02,11.54,11.50854375
11/16/2019,10:10:00 PM,x,1.02,11.51,11.44857083
11/16/2019,10:15:00 PM,x,1.02,11.48,11.3902375
11/16/2019,10:20:00 PM,x,1.02,11.41,11.3477375
11/16/2019,10:25:00 PM,x,1.02,11.37,11.32857083
11/16/2019,10:30:00 PM,x,1.02,11.29,11.31104375
11/16/2019,10:35:00 PM,x,1.02,11.19,11.29190417
11/16/2019,10:40:00 PM,x,1.01,11.17,11.27107083
11/16/2019,10:45:00 PM,x,1.02,11.12,11.2927375
11/16/2019,10:50:00 PM,x,1.02,11.23,11.38357083
11/16/2019,10:55:00 PM,x,1.02,11.44,11.51104375
11/16/2019,11:00:00 PM,x,1.02,11.38,11.67351667
11/16/2019,11:05:00 PM,x,1.01,11.31,11.84015625
11/16/2019,11:10:00 PM,x,1.02,11.26,11.98676875
11/16/2019,11:15:00 PM,x,1.02,11.74,12.10924167
11/16/2019,11:20:00 PM,x,1.02,12.5,12.24674167
11/16/2019,11:25:00 PM,x,1.03,12.9,12.39504792
11/16/2019,11:30:00 PM,x,1.03,13.24,12.58252083
11/16/2019,11:35:00 PM,x,1.03,13.19,12.8008
11/16/2019,11:40:00 PM,x,1.03,12.93,13.02493958
11/16/2019,11:45:00 PM,x,1.03,12.59,13.20074583
11/16/2019,11:50:00 PM,x,1.02,12.88,13.31238542
11/16/2019,11:55:00 PM,x,1.03,13.22,13.40155208
11/17/2019,12:00:00 AM,x,1.03,13.63,13.47988542
11/17/2019,12:05:00 AM,x,1.03,13.93,13.57238542
11/17/2019,12:10:00 AM,x,1.03,13.95,13.69155208
11/17/2019,12:15:00 AM,x,1.03,13.85,13.84405208
11/17/2019,12:20:00 AM,x,1.03,13.84,13.969025
11/17/2019,12:25:00 AM,x,1.03,13.97,14.05735833
11/17/2019,12:30:00 AM,x,1.03,14.18,14.05569167
11/17/2019,12:35:00 AM,x,1.03,14.3,13.98071875
11/17/2019,12:40:00 AM,x,1.03,14.36,13.88160625
11/17/2019,12:45:00 AM,x,1.03,14.42,13.77999375
11/17/2019,12:50:00 AM,x,1.03,14.38,13.68838125
11/17/2019,12:55:00 AM,x,1.03,14.28,13.59760208
11/17/2019,01:00:00 AM,x,1.03,13.61,13.49848958
11/17/2019,01:05:00 AM,x,1.02,13.03,13.38271042
11/17/2019,01:10:00 AM,x,1.01,12.76,13.25609792
11/17/2019,01:15:00 AM,x,1.01,12.63,13.12031875
11/17/2019,01:20:00 AM,x,1.01,12.74,13.02620625
11/17/2019,01:25:00 AM,x,1.01,12.88,12.95456667
11/17/2019,01:30:00 AM,x,1.01,12.99,12.91292708
11/17/2019,01:35:00 AM,x,1.01,12.91,12.89545417
11/17/2019,01:40:00 AM,x,1.01,12.84,12.8962875
11/17/2019,01:45:00 AM,x,1.01,12.79,12.9087875
11/17/2019,01:50:00 AM,x,1.01,13.25,12.9037875
11/17/2019,01:55:00 AM,x,1.02,13.42,12.8712875
11/17/2019,02:00:00 AM,x,1.02,13.11,12.80714792
11/17/2019,02:05:00 AM,x,1.01,12.82,12.72050833
11/17/2019,02:10:00 AM,x,1.01,12.77,12.62553542
11/17/2019,02:15:00 AM,x,1.01,12.78,12.54139583
11/17/2019,02:20:00 AM,x,1.01,12.68,12.41225625
11/17/2019,02:25:00 AM,x,1.01,12.49,12.24814375
11/17/2019,02:30:00 AM,x,1,12.22,12.11067083
11/17/2019,02:35:00 AM,x,1,11.87,12.01903125
11/17/2019,02:40:00 AM,x,1,11.7,11.93319792
11/17/2019,02:45:00 AM,x,1,11.78,11.83819792
11/17/2019,02:50:00 AM,x,1,11.7,11.71736458
11/17/2019,02:55:00 AM,x,1,11.45,11.57819792
11/17/2019,03:00:00 AM,x,1.01,11.46,11.44236458
11/17/2019,03:05:00 AM,x,1,11.72,11.3348375
11/17/2019,03:10:00 AM,x,1.01,11.74,11.25647708
11/17/2019,03:15:00 AM,x,1.01,11.64,11.16811667
11/17/2019,03:20:00 AM,x,1.01,11.23,11.05975625
11/17/2019,03:25:00 AM,x,1.01,10.82,10.9555625
11/17/2019,03:30:00 AM,x,1,10.59,10.84472917
11/17/2019,03:35:00 AM,x,1.01,10.58,10.719675
11/17/2019,03:40:00 AM,x,1.01,10.76,10.58634167
11/17/2019,03:45:00 AM,x,1.01,10.72,10.45300833
11/17/2019,03:50:00 AM,x,1.01,10.4,10.36050833
11/17/2019,03:55:00 AM,x,1.01,10.2,10.29884167
11/17/2019,04:00:00 AM,x,1.01,10.13,10.23298125
11/17/2019,04:05:00 AM,x,1.02,10.22,10.15381458
11/17/2019,04:10:00 AM,x,1.01,10.14,10.08131458
11/17/2019,04:15:00 AM,x,1.01,10.04,10.01798125
11/17/2019,04:20:00 AM,x,1.01,10.12,9.969647917
11/17/2019,04:25:00 AM,x,1.01,10.08,9.94048125
11/17/2019,04:30:00 AM,x,1.01,9.8,9.921314583
11/17/2019,04:35:00 AM,x,1.01,9.63,9.885508333
11/17/2019,04:40:00 AM,x,1.01,9.89,9.858841667
11/17/2019,04:45:00 AM,x,1.01,9.96,9.820508333
11/17/2019,04:50:00 AM,x,1.01,9.82,9.754675
11/17/2019,04:55:00 AM,x,1.01,9.85,9.683008333
11/17/2019,05:00:00 AM,x,1.01,9.9,9.63048125
11/17/2019,05:05:00 AM,x,1.01,9.79,9.587791667
11/17/2019,05:10:00 AM,x,1.01,9.82,9.52038125
11/17/2019,05:15:00 AM,x,1.01,9.58,9.4379875
11/17/2019,05:20:00 AM,x,1.01,9.33,9.36335625
11/17/2019,05:25:00 AM,x,1.01,9.22,9.30730625
11/17/2019,05:30:00 AM,x,1.02,9.17,9.3110875
11/17/2019,05:35:00 AM,0,1.08,9.12,9.368060417
11/17/2019,05:40:00 AM,0,1.9,9.11,9.444552083
11/17/2019,05:45:00 AM,0.01,3.74,9.06,9.5537625
11/17/2019,05:50:00 AM,0.16,6.72,9.11,9.66295
11/17/2019,05:55:00 AM,0.29,9.09,9.44,9.787827083
11/17/2019,06:00:00 AM,0.62,13.46,10.35,9.958033333
11/17/2019,06:05:00 AM,0.68,13.82,10.89,10.18747292
11/17/2019,06:10:00 AM,0.68,13.69,11.15,10.44588958
11/17/2019,06:15:00 AM,1.08,18.84,11.47,10.728025
11/17/2019,06:20:00 AM,1.92,29.31,11.56,10.9721125
11/17/2019,06:25:00 AM,2.18,32.44,11.74,11.20241458
11/17/2019,06:30:00 AM,2.4,34.79,12.31,11.39001667
11/17/2019,06:35:00 AM,2.68,38.21,13.08,11.53478333
11/17/2019,06:40:00 AM,3.1,43.1,13.55,11.6412375
11/17/2019,06:45:00 AM,2.87,40.49,13.64,11.74370417
11/17/2019,06:50:00 AM,3.54,47.98,13.38,11.89036667
11/17/2019,06:55:00 AM,3.85,51.44,13.58,12.00681458
11/17/2019,07:00:00 AM,4.36,57.73,14.04,12.07590417
11/17/2019,07:05:00 AM,4.57,60.06,14.13,12.11267083
11/17/2019,07:10:00 AM,5.72,72.23,14.33,12.1402
11/17/2019,07:15:00 AM,6.23,79.16,14.66,12.1823125
11/17/2019,07:20:00 AM,6.28,78.85,14.93,12.25740208
11/17/2019,07:25:00 AM,7.32,91.29,15.05,12.3381375
11/17/2019,07:30:00 AM,8.48,105.28,15.43,12.420675
11/17/2019,07:35:00 AM,9.86,121.25,16.22,12.4241
11/17/2019,07:40:00 AM,10.73,132.32,16.78,12.6212625
11/17/2019,07:45:00 AM,10.84,131.71,17.11,12.85081667
11/17/2019,07:50:00 AM,12.65,152.87,17.69,13.20129792
11/17/2019,07:55:00 AM,14.8,181.63,18.78,13.54131875
11/17/2019,08:00:00 AM,14.69,195.87,19.52,13.77674167
11/17/2019,08:05:00 AM,17.9,254.18,20.48,13.95673333
11/17/2019,08:10:00 AM,20.02,284.97,23.61,14.11746458
11/17/2019,08:15:00 AM,19.96,279.94,23.94,14.31580417
11/17/2019,08:20:00 AM,16.18,214.98,23.56,14.53831458
11/17/2019,08:25:00 AM,16.82,223.59,23.43,14.79897083
11/17/2019,08:30:00 AM,18.44,246.97,22.86,15.25762708
11/17/2019,08:35:00 AM,19.94,268.33,23.16,15.84154583
11/17/2019,08:40:00 AM,21.58,292.05,23.9,16.19260833
11/17/2019,08:45:00 AM,21.65,295.4,24.81,16.84312292
11/17/2019,08:50:00 AM,24.28,355.02,26.93,16.97821458
11/17/2019,08:55:00 AM,28.81,445.08,30.47,17.769525
11/17/2019,09:00:00 AM,31.52,486.52,34.47,18.43947083
11/17/2019,09:05:00 AM,34.8,531.81,36.51,19.05055417
11/17/2019,09:10:00 AM,36.24,584.27,37.55,19.76324375
11/17/2019,09:15:00 AM,35.29,559.75,40.84,20.5116125
11/17/2019,09:20:00 AM,51.72,817.1,44.75,21.05032917
11/17/2019,09:25:00 AM,31.61,477.26,41.17,21.31920417
11/17/2019,09:30:00 AM,29.75,426.99,36.75,21.21302292
11/17/2019,09:35:00 AM,31.52,447.93,36.33,21.05095417
11/17/2019,09:40:00 AM,30.61,427.98,36.87,20.69278958
11/17/2019,09:45:00 AM,26.86,364.31,36.03,20.24741042
11/17/2019,09:50:00 AM,25.57,341.34,32.95,20.33088958
11/17/2019,09:55:00 AM,22.54,304.88,29.14,19.967175
11/17/2019,10:00:00 AM,22.32,301.11,27.17,19.63751042
11/17/2019,10:05:00 AM,21.61,286.42,26.59,19.24574375
11/17/2019,10:10:00 AM,31.49,427.9,28.17,18.83938333
11/17/2019,10:15:00 AM,27.83,371.89,29.39,18.18118125
11/17/2019,10:20:00 AM,24.52,327.2,29.83,17.44253958
11/17/2019,10:25:00 AM,18.47,244.17,29.23,17.34181875
11/17/2019,10:30:00 AM,18.68,245.02,26.88,17.39229167
11/17/2019,10:35:00 AM,23.89,308.89,27.11,17.56394375
11/17/2019,10:40:00 AM,27.18,352.79,29.55,18.081525
11/17/2019,10:45:00 AM,33.53,441.8,30.65,18.61132083
11/17/2019,10:50:00 AM,43.38,595.3,32.34,19.11000833
11/17/2019,10:55:00 AM,39.36,543.3,35.68,19.39514167
11/17/2019,11:00:00 AM,43.49,604.32,37.63,19.49269792
11/17/2019,11:05:00 AM,41.81,573.81,37.99,19.83137083
11/17/2019,11:10:00 AM,43.9,611.87,40.36,19.43284792
11/17/2019,11:15:00 AM,33.76,471.35,38.98,18.76826667
11/17/2019,11:20:00 AM,26.38,368.3,37.15,19.440275
11/17/2019,11:25:00 AM,23.03,318.89,35.08,19.62675417
11/17/2019,11:30:00 AM,36.53,538.23,37.58,20.09758542
11/17/2019,11:35:00 AM,29.92,409.38,34.44,19.8973625
11/17/2019,11:40:00 AM,52.54,752.86,37.77,19.68044375
11/17/2019,11:45:00 AM,62.08,953.03,39.29,19.46765833
11/17/2019,11:50:00 AM,45.65,673.02,42.93,18.0416875
11/17/2019,11:55:00 AM,39.56,584.6,39.26,17.3698875
11/17/2019,12:00:00 PM,21.46,291.09,33.1,16.78048333
11/17/2019,12:05:00 PM,35.58,518.2,33.78,16.34640833
11/17/2019,12:10:00 PM,32.54,459.04,32.79,17.017325
11/17/2019,12:15:00 PM,25.28,350.84,32.51,19.38630833
11/17/2019,12:20:00 PM,65.12,879.12,36.64,19.89429792
11/17/2019,12:25:00 PM,54.31,824.17,43.44,19.63237083
11/17/2019,12:30:00 PM,70.28,1034.01,46.62,19.63701042
11/17/2019,12:35:00 PM,72.95,1091.5,51.4,20.42674583
11/17/2019,12:40:00 PM,70.46,1062.06,55.87,20.77463958
11/17/2019,12:45:00 PM,28.56,404.79,49.9,20.81851458
11/17/2019,12:50:00 PM,27.01,362.07,38.92,21.88776875
11/17/2019,12:55:00 PM,47.33,634.85,37.75,21.9907
11/17/2019,01:00:00 PM,40.51,506.3,40.15,22.57034375
11/17/2019,01:05:00 PM,59.23,317.99,36.75,22.84686458
11/17/2019,01:10:00 PM,43.34,275.51,31,22.55567708
11/17/2019,01:15:00 PM,16.96,218.64,28.74,21.00362917
11/17/2019,01:20:00 PM,14.81,182.78,26.84,20.34955208
11/17/2019,01:25:00 PM,21.25,222.78,25.13,20.50191875
11/17/2019,01:30:00 PM,12.41,167.68,25.42,20.23333542
11/17/2019,01:35:00 PM,10.33,125.4,23.32,19.6692
11/17/2019,01:40:00 PM,46.63,168.96,23.35,19.4539875
11/17/2019,01:45:00 PM,20.03,179.7,23.96,19.02455208
11/17/2019,01:50:00 PM,12.92,154.96,24.34,18.7752875
11/17/2019,01:55:00 PM,22.82,180.13,24.8,18.88168542
11/17/2019,02:00:00 PM,8.28,110.7,24.07,18.90598542
11/17/2019,02:05:00 PM,6.91,84.44,22.39,18.97363542
11/17/2019,02:10:00 PM,6.44,74.05,21.87,19.16865
11/17/2019,02:15:00 PM,15.94,179.97,22.33,19.17509167
11/17/2019,02:20:00 PM,13.44,184.97,23.92,19.11828542
11/17/2019,02:25:00 PM,13.6,164.11,24.5,19.05992917
11/17/2019,02:30:00 PM,12.66,122.4,24.24,18.84423542
11/17/2019,02:35:00 PM,8.6,105.96,23.5,18.68885417
11/17/2019,02:40:00 PM,6.24,81.57,22.85,18.55069792
11/17/2019,02:45:00 PM,13.72,146.86,22.97,18.72278333
11/17/2019,02:50:00 PM,30.79,144.55,23.32,18.86198125
11/17/2019,02:55:00 PM,15.4,162.6,23.53,18.95961875
11/17/2019,03:00:00 PM,19.92,161.11,23.12,18.94005
11/17/2019,03:05:00 PM,22.15,191.35,24,18.86410208
11/17/2019,03:10:00 PM,32.69,190.6,24,18.76292917
11/17/2019,03:15:00 PM,18.79,171.2,24.11,18.80950417
11/17/2019,03:20:00 PM,38,143.42,24.24,18.83059375
11/17/2019,03:25:00 PM,22.96,109.29,23.89,18.85478125
11/17/2019,03:30:00 PM,29.08,101.01,23.31,18.86350625
11/17/2019,03:35:00 PM,33.11,122.31,23.12,18.84568333
11/17/2019,03:40:00 PM,31.61,117.08,22.79,18.80999375
11/17/2019,03:45:00 PM,31.52,124.74,22.81,18.68775208
11/17/2019,03:50:00 PM,24.62,123.84,22.9,18.48902917
11/17/2019,03:55:00 PM,13.03,90.9,21.49,18.17223542
11/17/2019,04:00:00 PM,17.95,76.35,20.47,17.98020625
11/17/2019,04:05:00 PM,19.58,64.7,19.67,17.87732708
11/17/2019,04:10:00 PM,16.93,55.47,19.18,17.75270208
11/17/2019,04:15:00 PM,8.69,55.72,18.89,17.5996625
11/17/2019,04:20:00 PM,5.18,49.41,18.8,17.45556667
11/17/2019,04:25:00 PM,13.52,94.26,19.6,17.33978125
11/17/2019,04:30:00 PM,10.5,90.99,20.68,17.25586042
11/17/2019,04:35:00 PM,9.2,54.45,19.68,17.20440208
11/17/2019,04:40:00 PM,7.76,42.48,18.87,17.13942292
11/17/2019,04:45:00 PM,7.86,50.17,18.55,17.07543333
11/17/2019,04:50:00 PM,6.54,45.66,18.63,16.99452708
11/17/2019,04:55:00 PM,5.52,43.19,18.55,16.964375
11/17/2019,05:00:00 PM,4.82,41.49,18.33,16.83255417
11/17/2019,05:05:00 PM,3.23,31.7,17.98,16.68138125
11/17/2019,05:10:00 PM,2.32,27.77,17.5,16.56035208
11/17/2019,05:15:00 PM,2.04,28.27,17.23,16.47054792
11/17/2019,05:20:00 PM,1.85,26.36,17.08,16.34120417
11/17/2019,05:25:00 PM,1.62,24.47,16.97,16.19869375
11/17/2019,05:30:00 PM,1.15,19.97,16.79,16.05735833
11/17/2019,05:35:00 PM,0.71,13.96,16.55,15.916175
11/17/2019,05:40:00 PM,0.22,6.86,16.26,15.80018125
11/17/2019,05:45:00 PM,0,1.79,15.9,15.713875
11/17/2019,05:50:00 PM,0,1.11,15.63,15.63489583
11/17/2019,05:55:00 PM,0,1.04,15.47,15.57579792
11/17/2019,06:00:00 PM,0,1.06,15.32,15.51867917
11/17/2019,06:05:00 PM,x,1.06,15.29,15.46195
11/17/2019,06:10:00 PM,x,1.06,15.24,15.40765833
11/17/2019,06:15:00 PM,x,1.06,15.31,15.35880208
11/17/2019,06:20:00 PM,x,1.06,15.31,15.34227083
11/17/2019,06:25:00 PM,x,1.06,15.5,15.34888333
11/17/2019,06:30:00 PM,x,1.06,15.49,15.35471667
11/17/2019,06:35:00 PM,x,1.06,15.45,15.38055
11/17/2019,06:40:00 PM,x,1.06,15.42,15.42305
11/17/2019,06:45:00 PM,x,1.06,15.29,15.45055
11/17/2019,06:50:00 PM,x,1.06,15.43,15.44649167
11/17/2019,06:55:00 PM,x,1.06,15.55,15.39315833
11/17/2019,07:00:00 PM,x,1.06,15.39,15.312325
11/17/2019,07:05:00 PM,x,1.06,15.6,15.219825
11/17/2019,07:10:00 PM,x,1.06,15.75,15.124825
11/17/2019,07:15:00 PM,x,1.06,15.64,15.06318542
11/17/2019,07:20:00 PM,x,1.02,15.26,14.99985208
11/17/2019,07:25:00 PM,x,1.06,14.86,14.92568542
11/17/2019,07:30:00 PM,x,1.06,14.52,14.87985208
11/17/2019,07:35:00 PM,x,1.06,14.34,14.83735208
11/17/2019,07:40:00 PM,x,1.06,14.28,14.80985208
11/17/2019,07:45:00 PM,x,1.05,14.55,14.81151875
11/17/2019,07:50:00 PM,x,1.06,14.67,14.84474375
11/17/2019,07:55:00 PM,x,1.06,14.66,14.90891042
11/17/2019,08:00:00 PM,x,1.06,14.84,15.00224375
11/17/2019,08:05:00 PM,x,1.06,15.09,15.11807708
11/17/2019,08:10:00 PM,x,1.06,15.42,15.23557708
11/17/2019,08:15:00 PM,x,1.06,15.66,15.31388333
11/17/2019,08:20:00 PM,x,1.06,15.66,15.38221667
11/17/2019,08:25:00 PM,x,1.06,15.63,15.45471667
11/17/2019,08:30:00 PM,x,1.06,15.64,15.51971667
11/17/2019,08:35:00 PM,x,1.06,15.73,15.57141042
11/17/2019,08:40:00 PM,x,1.06,15.69,15.57141042
11/17/2019,08:45:00 PM,x,1.06,15.49,15.54560417
11/17/2019,08:50:00 PM,x,1.06,15.49,15.52313125
11/17/2019,08:55:00 PM,x,1.06,15.53,15.507325
11/17/2019,09:00:00 PM,x,1.06,15.62,15.50151875
11/17/2019,09:05:00 PM,x,1.05,15.71,15.47987917
11/17/2019,09:10:00 PM,x,1.06,15.42,15.44073958
11/17/2019,09:15:00 PM,x,1.05,15.35,15.39826667
11/17/2019,09:20:00 PM,x,1.05,15.39,15.36246042
11/17/2019,09:25:00 PM,x,1.05,15.44,15.33415417
11/17/2019,09:30:00 PM,x,1.05,15.57,15.28501458
11/17/2019,09:35:00 PM,x,1.05,15.47,15.20001458
11/17/2019,09:40:00 PM,x,1.05,15.22,15.14423542
11/17/2019,09:45:00 PM,x,1.05,14.98,15.10006875
11/17/2019,09:50:00 PM,x,1.05,15.06,15.05590208
11/17/2019,09:55:00 PM,x,1.05,15.19,15.0092625
11/17/2019,10:00:00 PM,x,1.05,15.03,14.94928958
11/17/2019,10:05:00 PM,x,1.05,14.69,14.90015
11/17/2019,10:10:00 PM,x,1.04,14.75,14.87015
11/17/2019,10:15:00 PM,x,1.05,14.82,14.86351042
11/17/2019,10:20:00 PM,x,1.05,14.86,14.84934375
11/17/2019,10:25:00 PM,x,1.04,14.88,14.81684375
11/17/2019,10:30:00 PM,x,1.04,14.85,14.79017708
11/17/2019,10:35:00 PM,x,1.04,14.88,14.78184375
11/17/2019,10:40:00 PM,x,1.05,14.86,14.74351042
11/17/2019,10:45:00 PM,x,1.04,14.9,14.6910375
11/17/2019,10:50:00 PM,x,1.05,14.89,14.62689792
11/17/2019,10:55:00 PM,x,1.05,14.8,14.54606458
11/17/2019,11:00:00 PM,x,1.05,14.71,14.44356458
11/17/2019,11:05:00 PM,x,1.05,14.59,14.31025833
11/17/2019,11:10:00 PM,x,1.04,14.29,14.14864583
11/17/2019,11:15:00 PM,x,1.04,14.19,13.97867292
11/17/2019,11:20:00 PM,x,1.04,14.09,13.78539375
11/17/2019,11:25:00 PM,x,1.04,13.91,13.58961458
11/17/2019,11:30:00 PM,x,1.04,13.62,13.49086364
11/17/2019,11:35:00 PM,x,1.03,13.28,13.3843625
11/17/2019,11:40:00 PM,x,1.03,12.92,13.28749167
11/17/2019,11:45:00 PM,x,1.03,12.86,13.17890313
11/17/2019,11:50:00 PM,x,1.03,12.57,13.053575
11/17/2019,11:55:00 PM,x,1.03,12.45,12.91647083
