Fecha,Hora,Potencia [kW],Insolaci¢n [W/mý],Temperatura de modulos [øC],Temperatura Ambiente [øC]
01/15/2020,12:00:00 AM,x,1,10.42,10.2975
01/15/2020,12:05:00 AM,x,1,10.37,10.2575
01/15/2020,12:10:00 AM,x,1,10.32,10.21916667
01/15/2020,12:15:00 AM,x,1,10.33,10.15916667
01/15/2020,12:20:00 AM,x,1,10.37,10.0825
01/15/2020,12:25:00 AM,x,1,10.17,10.03583333
01/15/2020,12:30:00 AM,x,1,10.18,10.01083333
01/15/2020,12:35:00 AM,x,1,10.14,9.9575
01/15/2020,12:40:00 AM,x,1,9.96,9.919220833
01/15/2020,12:45:00 AM,x,1,9.87,9.902554167
01/15/2020,12:50:00 AM,x,1,10.09,9.902554167
01/15/2020,12:55:00 AM,x,1,10.02,9.8458875
01/15/2020,01:00:00 AM,x,1,9.86,9.774275
01/15/2020,01:05:00 AM,x,0.99,9.91,9.712608333
01/15/2020,01:10:00 AM,x,1,9.86,9.644220833
01/15/2020,01:15:00 AM,x,1,9.87,9.5858875
01/15/2020,01:20:00 AM,x,1,9.75,9.514220833
01/15/2020,01:25:00 AM,x,0.99,9.59,9.432554167
01/15/2020,01:30:00 AM,x,1,9.49,9.374220833
01/15/2020,01:35:00 AM,x,1,9.5,9.320941667
01/15/2020,01:40:00 AM,x,1,9.51,9.260941667
01/15/2020,01:45:00 AM,x,1,9.44,9.195941667
01/15/2020,01:50:00 AM,x,1,9.26,9.130995833
01/15/2020,01:55:00 AM,x,0.99,9.24,9.080995833
01/15/2020,02:00:00 AM,x,0.99,9.17,9.027608333
01/15/2020,02:05:00 AM,x,1,9.14,8.9908875
01/15/2020,02:10:00 AM,x,1,9.12,8.952554167
01/15/2020,02:15:00 AM,x,0.99,9.05,8.899220833
01/15/2020,02:20:00 AM,x,1,8.96,8.834220833
01/15/2020,02:25:00 AM,x,1,8.92,8.797608333
01/15/2020,02:30:00 AM,x,1,8.95,8.7726625
01/15/2020,02:35:00 AM,x,1,8.91,8.722716667
01/15/2020,02:40:00 AM,x,1,8.8,8.652770833
01/15/2020,02:45:00 AM,x,0.99,8.66,8.592825
01/15/2020,02:50:00 AM,x,0.99,8.74,8.562825
01/15/2020,02:55:00 AM,x,0.99,8.77,8.529491667
01/15/2020,03:00:00 AM,x,0.99,8.65,8.489491667
01/15/2020,03:05:00 AM,x,0.99,8.49,8.447825
01/15/2020,03:10:00 AM,x,0.99,8.44,8.426158333
01/15/2020,03:15:00 AM,x,0.99,8.48,8.414491667
01/15/2020,03:20:00 AM,x,0.99,8.54,8.362825
01/15/2020,03:25:00 AM,x,0.99,8.53,8.296158333
01/15/2020,03:30:00 AM,x,0.99,8.4,8.222825
01/15/2020,03:35:00 AM,x,0.99,8.36,8.172825
01/15/2020,03:40:00 AM,x,0.99,8.37,8.162825
01/15/2020,03:45:00 AM,x,0.99,8.17,8.154491667
01/15/2020,03:50:00 AM,x,0.99,8.14,8.207825
01/15/2020,03:55:00 AM,x,0.99,8.09,8.257825
01/15/2020,04:00:00 AM,x,0.99,8.1,8.336158333
01/15/2020,04:05:00 AM,x,0.99,8.3,8.434491667
01/15/2020,04:10:00 AM,x,0.99,8.32,8.466158333
01/15/2020,04:15:00 AM,x,0.99,8.49,8.512879167
01/15/2020,04:20:00 AM,x,0.99,8.44,8.5746
01/15/2020,04:25:00 AM,x,0.99,8.56,8.672933333
01/15/2020,04:30:00 AM,x,0.99,8.69,8.7646
01/15/2020,04:35:00 AM,x,0.99,8.49,8.827933333
01/15/2020,04:40:00 AM,x,0.98,8.6,8.8579875
01/15/2020,04:45:00 AM,x,0.98,8.86,8.874654167
01/15/2020,04:50:00 AM,x,0.99,9.03,8.8429875
01/15/2020,04:55:00 AM,x,0.99,9.11,8.786375
01/15/2020,05:00:00 AM,x,0.99,9.07,8.726429167
01/15/2020,05:05:00 AM,x,0.98,8.67,8.674816667
01/15/2020,05:10:00 AM,x,0.98,8.7,8.68315
01/15/2020,05:15:00 AM,x,0.98,8.67,8.69815
01/15/2020,05:20:00 AM,x,0.98,8.69,8.701483333
01/15/2020,05:25:00 AM,x,0.98,8.75,8.646483333
01/15/2020,05:30:00 AM,x,0.98,8.76,8.539654167
01/15/2020,05:35:00 AM,x,0.98,8.72,8.384425
01/15/2020,05:40:00 AM,x,0.98,8.79,8.236258333
01/15/2020,05:45:00 AM,x,0.98,8.69,8.110508333
01/15/2020,05:50:00 AM,x,0.98,8.36,8.0129625
01/15/2020,05:55:00 AM,x,1.01,8.11,8.013554167
01/15/2020,06:00:00 AM,0,1.33,7.84,8.0952125
01/15/2020,06:05:00 AM,0,2.18,7.87,8.182025
01/15/2020,06:10:00 AM,0,3.58,8.12,8.2862125
01/15/2020,06:15:00 AM,0.02,5.45,8.25,8.343083333
01/15/2020,06:20:00 AM,0.11,7.64,8.58,8.423108333
01/15/2020,06:25:00 AM,0.24,10.55,8.91,8.490829167
01/15/2020,06:30:00 AM,0.37,12.38,8.72,8.529095833
01/15/2020,06:35:00 AM,0.48,14.33,8.89,8.3708875
01/15/2020,06:40:00 AM,0.59,15.85,8.86,8.0679125
01/15/2020,06:45:00 AM,0.66,16.83,9.1,8.184766667
01/15/2020,06:50:00 AM,0.76,18.83,9.35,8.568166667
01/15/2020,06:55:00 AM,0.98,22.87,9.54,9.077675
01/15/2020,07:00:00 AM,2.6,85.28,10.14,9.535104167
01/15/2020,07:05:00 AM,6.31,236.11,14.28,10.45761667
01/15/2020,07:10:00 AM,7.56,255.2,17.34,11.66134167
01/15/2020,07:15:00 AM,8.87,280.51,19.97,12.63609583
01/15/2020,07:20:00 AM,10.43,301.69,21.6,13.33534583
01/15/2020,07:25:00 AM,12.24,323.96,22.07,13.9042
01/15/2020,07:30:00 AM,13.98,346.97,24.18,14.4639875
01/15/2020,07:35:00 AM,15.36,367.73,25.78,14.63467083
01/15/2020,07:40:00 AM,16.94,390.63,27.59,14.73372917
01/15/2020,07:45:00 AM,18.25,411.11,28.41,14.72480417
01/15/2020,07:50:00 AM,20.04,435.44,29.36,14.58743333
01/15/2020,07:55:00 AM,21.38,449.23,29.5,14.39881667
01/15/2020,08:00:00 AM,22.57,464.69,29.03,14.48219167
01/15/2020,08:05:00 AM,24.01,485.75,30.21,14.93937917
01/15/2020,08:10:00 AM,24.54,487.97,30.7,15.37217083
01/15/2020,08:15:00 AM,26.4,531.24,31.49,15.85883333
01/15/2020,08:20:00 AM,28.66,559.8,32.27,16.14184167
01/15/2020,08:25:00 AM,29.52,573.53,34.04,16.3747625
01/15/2020,08:30:00 AM,31.58,598.44,36.12,16.183875
01/15/2020,08:35:00 AM,32.5,613.85,36.97,15.85949167
01/15/2020,08:40:00 AM,33.48,630.74,38.26,15.28232083
01/15/2020,08:45:00 AM,34.6,651.3,37.09,14.65375
01/15/2020,08:50:00 AM,34.04,630.03,35.95,14.691125
01/15/2020,08:55:00 AM,37.62,695.54,36.86,15.04694583
01/15/2020,09:00:00 AM,39.3,724.48,38.27,15.65920417
01/15/2020,09:05:00 AM,40.1,729.02,37.25,16.71617083
01/15/2020,09:10:00 AM,41.99,752.63,38.45,17.05249167
01/15/2020,09:15:00 AM,43.61,784.4,41.64,17.2548125
01/15/2020,09:20:00 AM,44.95,808.34,43.88,16.98389583
01/15/2020,09:25:00 AM,45.02,806.2,44.13,17.4795
01/15/2020,09:30:00 AM,40.54,721.04,44.5,17.26098333
01/15/2020,09:35:00 AM,45.17,810.93,41.93,16.95596667
01/15/2020,09:40:00 AM,41.15,717.74,38.53,17.18558333
01/15/2020,09:45:00 AM,50.72,885.8,43.31,17.6473625
01/15/2020,09:50:00 AM,44.34,766.69,45.5,19.01232083
01/15/2020,09:55:00 AM,51.46,900.08,45.87,18.9072125
01/15/2020,10:00:00 AM,49.4,860.12,47.19,19.5448875
01/15/2020,10:05:00 AM,49.63,885.77,45.74,19.38749583
01/15/2020,10:10:00 AM,50.98,878.95,46.54,20.92204583
01/15/2020,10:15:00 AM,45.01,781.5,48.11,20.94999583
01/15/2020,10:20:00 AM,46.1,798.71,45.91,20.636325
01/15/2020,10:25:00 AM,45.31,781.74,45.85,20.070375
01/15/2020,10:30:00 AM,45.72,802.1,44.36,20.97097083
01/15/2020,10:35:00 AM,30.43,540.93,43.74,21.08749167
01/15/2020,10:40:00 AM,47.34,797.79,44.07,19.474425
01/15/2020,10:45:00 AM,48.54,817.87,47.41,19.87519167
01/15/2020,10:50:00 AM,56.08,966.27,47.96,19.58856667
01/15/2020,10:55:00 AM,39.3,697.63,48.52,20.40655
01/15/2020,11:00:00 AM,51.19,875.05,47.43,19.35733333
01/15/2020,11:05:00 AM,62.65,1087.65,51.83,19.73553333
01/15/2020,11:10:00 AM,58.25,996.11,52.92,20.39699583
01/15/2020,11:15:00 AM,66.59,1138.17,56.1,20.38126667
01/15/2020,11:20:00 AM,64.46,1106.95,57.44,20.72997083
01/15/2020,11:25:00 AM,65.68,1124.87,56.11,21.0510875
01/15/2020,11:30:00 AM,65.42,1119.69,57.65,21.7276375
01/15/2020,11:35:00 AM,65.88,1139.38,57.48,21.88770833
01/15/2020,11:40:00 AM,66.41,1160.86,58.18,21.50071667
01/15/2020,11:45:00 AM,68.93,1195.64,60.06,21.45539583
01/15/2020,11:50:00 AM,68.03,1176.59,61.63,21.27629167
01/15/2020,11:55:00 AM,64.4,1114.43,59.83,21.50697083
01/15/2020,12:00:00 PM,62.84,1052.6,56.43,20.61404583
01/15/2020,12:05:00 PM,71.57,1191.44,56.85,19.85813333
01/15/2020,12:10:00 PM,70.22,1166.15,58.08,19.851575
01/15/2020,12:15:00 PM,70.94,1164.09,57.96,19.66944583
01/15/2020,12:20:00 PM,59.63,953.08,55.75,19.52115
01/15/2020,12:25:00 PM,66.31,1074.97,53.19,19.21517083
01/15/2020,12:30:00 PM,71.95,1191.23,56.4,19.5911125
01/15/2020,12:35:00 PM,71.48,1155.42,55.64,20.55958333
01/15/2020,12:40:00 PM,68.98,1113.62,55.28,21.114025
01/15/2020,12:45:00 PM,69.34,1147.16,56.52,21.53425
01/15/2020,12:50:00 PM,61.72,1032.03,56.48,21.94079167
01/15/2020,12:55:00 PM,66.89,1056.95,54.86,21.760825
01/15/2020,01:00:00 PM,60,947.82,54.3,22.11680417
01/15/2020,01:05:00 PM,61.27,942.6,52.05,23.019025
01/15/2020,01:10:00 PM,58.51,916.04,51.38,24.0591375
01/15/2020,01:15:00 PM,58.48,882.26,50.35,24.5791625
01/15/2020,01:20:00 PM,57.05,845.87,49.35,25.09107917
01/15/2020,01:25:00 PM,54.72,790,48.32,25.17656667
01/15/2020,01:30:00 PM,46.04,531.41,46.18,25.25470417
01/15/2020,01:35:00 PM,65.29,339.81,38.7,24.03265833
01/15/2020,01:40:00 PM,55.84,307.42,34.72,22.92753333
01/15/2020,01:45:00 PM,32.23,284.06,33.98,22.39383333
01/15/2020,01:50:00 PM,55.2,325.78,32.96,21.91745417
01/15/2020,01:55:00 PM,44.51,284.19,32.35,21.9887
01/15/2020,02:00:00 PM,31.61,307.48,31.57,21.93590417
01/15/2020,02:05:00 PM,32.98,330.91,31.78,21.66675
01/15/2020,02:10:00 PM,41.88,319.18,31.9,21.59300417
01/15/2020,02:15:00 PM,56.47,296.93,31.54,21.38742917
01/15/2020,02:20:00 PM,44.4,245.55,30.78,20.978875
01/15/2020,02:25:00 PM,38.88,210.86,29.65,20.25309167
01/15/2020,02:30:00 PM,56.39,225.17,27.28,19.4362
01/15/2020,02:35:00 PM,45.72,201.14,27.12,19.00483333
01/15/2020,02:40:00 PM,49.26,197.44,26.71,18.30776667
01/15/2020,02:45:00 PM,38.46,203.74,26.06,17.99326667
01/15/2020,02:50:00 PM,34.46,210.31,25.28,17.70239583
01/15/2020,02:55:00 PM,21.24,224.44,25.19,17.53618333
01/15/2020,03:00:00 PM,19.84,233.73,24.97,17.7058125
01/15/2020,03:05:00 PM,23.82,263.06,24.95,18.16764583
01/15/2020,03:10:00 PM,15.17,189.04,24.55,18.74251667
01/15/2020,03:15:00 PM,18.72,190.67,23.89,18.80994583
01/15/2020,03:20:00 PM,18.97,224.38,24.74,18.97792917
01/15/2020,03:25:00 PM,18.96,218.97,26.03,19.29608333
01/15/2020,03:30:00 PM,13.99,178.93,25.96,19.3472875
01/15/2020,03:35:00 PM,13.98,176.93,25.6,19.204775
01/15/2020,03:40:00 PM,14.62,206.13,25.51,19.0908375
01/15/2020,03:45:00 PM,16.54,215.35,25.7,18.98112917
01/15/2020,03:50:00 PM,15.48,195.49,25.71,18.9410875
01/15/2020,03:55:00 PM,16.08,166.44,24.63,18.76614167
01/15/2020,04:00:00 PM,15.94,157.24,24.4,18.54415
01/15/2020,04:05:00 PM,15.2,142.58,23.8,18.2116625
01/15/2020,04:10:00 PM,13.6,128.23,22.32,17.84955833
01/15/2020,04:15:00 PM,11.95,115.05,22.2,17.64367083
01/15/2020,04:20:00 PM,8.81,103.48,21.67,17.41712083
01/15/2020,04:25:00 PM,9.95,98.5,21.09,17.29938333
01/15/2020,04:30:00 PM,10.12,106.93,20.77,17.2819125
01/15/2020,04:35:00 PM,10.42,113.43,20.68,17.3815625
01/15/2020,04:40:00 PM,14.36,122.24,20.89,17.62609583
01/15/2020,04:45:00 PM,12.88,133.49,21.44,17.97125833
01/15/2020,04:50:00 PM,11.51,115.37,21.35,18.14479167
01/15/2020,04:55:00 PM,9.86,109.11,21.33,18.23812917
01/15/2020,05:00:00 PM,11.27,103.61,21.26,18.25544583
01/15/2020,05:05:00 PM,7.31,87.67,21.31,18.22772083
01/15/2020,05:10:00 PM,4.38,54.21,20.75,18.10277917
01/15/2020,05:15:00 PM,4.57,56.53,19.98,17.92912917
01/15/2020,05:20:00 PM,3.72,44.6,19.61,17.88394167
01/15/2020,05:25:00 PM,3.17,36.99,19.09,17.81304167
01/15/2020,05:30:00 PM,3.24,35.19,18.87,17.7720875
01/15/2020,05:35:00 PM,2.7,32.89,18.78,17.71950417
01/15/2020,05:40:00 PM,1.73,24.73,18.75,17.64240833
01/15/2020,05:45:00 PM,1.2,21.18,18.56,17.49383333
01/15/2020,05:50:00 PM,0.73,14.92,18.22,17.3392125
01/15/2020,05:55:00 PM,0.18,7.32,17.88,17.17272917
01/15/2020,06:00:00 PM,0.04,4.59,17.56,17.01835833
01/15/2020,06:05:00 PM,0,2.2,17.32,16.8792
01/15/2020,06:10:00 PM,0,1.39,17.1,16.70542917
01/15/2020,06:15:00 PM,0,1.11,16.98,16.5589375
01/15/2020,06:20:00 PM,0,1.04,16.77,16.48592917
01/15/2020,06:25:00 PM,0,1.05,16.75,16.450875
01/15/2020,06:30:00 PM,x,1.05,16.61,16.41920833
01/15/2020,06:35:00 PM,x,1.05,16.24,16.37920833
01/15/2020,06:40:00 PM,x,1.05,16.21,16.35920833
01/15/2020,06:45:00 PM,x,1.05,16.54,16.325875
01/15/2020,06:50:00 PM,x,1.05,16.56,16.26420833
01/15/2020,06:55:00 PM,x,1.05,16.56,16.20420833
01/15/2020,07:00:00 PM,x,1.05,16.37,16.145875
01/15/2020,07:05:00 PM,x,1.05,16.12,16.100875
01/15/2020,07:10:00 PM,x,1.05,16.01,16.090875
01/15/2020,07:15:00 PM,x,1.05,16.17,16.0492625
01/15/2020,07:20:00 PM,x,1.05,16.2,15.94431667
01/15/2020,07:25:00 PM,x,1.05,16.21,15.8360375
01/15/2020,07:30:00 PM,x,1.05,16.1,15.74775833
01/15/2020,07:35:00 PM,x,1.05,16.06,15.69114583
01/15/2020,07:40:00 PM,x,1.04,15.76,15.65286667
01/15/2020,07:45:00 PM,x,1.04,15.54,15.66786667
01/15/2020,07:50:00 PM,x,1.04,15.55,15.7312
01/15/2020,07:55:00 PM,x,1.04,15.68,15.81286667
01/15/2020,08:00:00 PM,x,1.04,15.76,15.8562
01/15/2020,08:05:00 PM,x,1.04,15.83,15.87953333
01/15/2020,08:10:00 PM,x,1.04,15.85,15.8612
01/15/2020,08:15:00 PM,x,1.04,15.92,15.81453333
01/15/2020,08:20:00 PM,x,1.04,16.04,15.69625417
01/15/2020,08:25:00 PM,x,1.04,15.94,15.482975
01/15/2020,08:30:00 PM,x,1.04,15.9,15.2613625
01/15/2020,08:35:00 PM,x,1.04,15.72,14.98975
01/15/2020,08:40:00 PM,x,1.04,15.57,14.67319167
01/15/2020,08:45:00 PM,x,1.03,15.21,14.34663333
01/15/2020,08:50:00 PM,x,1.03,14.76,14.0266875
01/15/2020,08:55:00 PM,x,1.03,14.61,13.770075
01/15/2020,09:00:00 PM,x,1.03,14.27,13.52512917
01/15/2020,09:05:00 PM,x,1.02,13.82,13.29018333
01/15/2020,09:10:00 PM,x,1.02,13.61,13.06190417
01/15/2020,09:15:00 PM,x,1.02,13.29,12.82695833
01/15/2020,09:20:00 PM,x,1.02,13.22,12.57034583
01/15/2020,09:25:00 PM,x,1.02,13.14,12.27545417
01/15/2020,09:30:00 PM,x,1.02,12.86,11.95889583
01/15/2020,09:35:00 PM,x,1.01,12.45,11.6723375
01/15/2020,09:40:00 PM,x,1.01,12.2,11.44405833
01/15/2020,09:45:00 PM,x,1.01,11.75,11.25405833
01/15/2020,09:50:00 PM,x,1,11.45,11.12744583
01/15/2020,09:55:00 PM,x,1,11.24,11.0391125
01/15/2020,10:00:00 PM,x,1,11.14,10.97744583
01/15/2020,10:05:00 PM,x,1,11.08,10.92244583
01/15/2020,10:10:00 PM,x,1.01,11.06,10.850725
01/15/2020,10:15:00 PM,x,1,10.99,10.7491125
01/15/2020,10:20:00 PM,x,1,10.92,10.63744583
01/15/2020,10:25:00 PM,x,1,10.87,10.53577917
01/15/2020,10:30:00 PM,x,1,10.81,10.440725
01/15/2020,10:35:00 PM,x,1.01,10.65,10.3423375
01/15/2020,10:40:00 PM,x,1,10.45,10.26239167
01/15/2020,10:45:00 PM,x,1,10.32,10.205725
01/15/2020,10:50:00 PM,x,1,10.31,10.16905833
01/15/2020,10:55:00 PM,x,1.01,10.3,10.120725
01/15/2020,11:00:00 PM,x,1.01,10.22,10.07577917
01/15/2020,11:05:00 PM,x,1,10.17,10.03077917
01/15/2020,11:10:00 PM,x,1,10.11,9.9791125
01/15/2020,11:15:00 PM,x,1,10.1,9.9191125
01/15/2020,11:20:00 PM,x,1,10.02,9.8491125
01/15/2020,11:25:00 PM,x,1,10.03,9.785779167
01/15/2020,11:30:00 PM,x,1.01,9.95,9.712445833
01/15/2020,11:35:00 PM,x,1,9.86,9.659166667
01/15/2020,11:40:00 PM,x,1,9.75,9.614166667
01/15/2020,11:45:00 PM,x,1,9.68,9.594166667
01/15/2020,11:50:00 PM,x,1,9.64,9.589166667
01/15/2020,11:55:00 PM,x,1,9.59,9.584166667
01/16/2020,12:00:00 AM,x,1,9.63,9.5625
01/16/2020,12:05:00 AM,x,1,9.59,9.564166667
01/16/2020,12:10:00 AM,x,1,9.63,9.634166667
01/16/2020,12:15:00 AM,x,1,9.65,9.729166667
01/16/2020,12:20:00 AM,x,1,9.61,9.839166667
01/16/2020,12:25:00 AM,x,1,9.46,9.9625
01/16/2020,12:30:00 AM,x,1,9.64,10.07916667
01/16/2020,12:35:00 AM,x,1,10.01,10.16422083
01/16/2020,12:40:00 AM,x,1,10.2,10.20260833
01/16/2020,12:45:00 AM,x,1,10.31,10.24099583
01/16/2020,12:50:00 AM,x,1,10.35,10.25938333
01/16/2020,12:55:00 AM,x,1,10.16,10.26610417
01/16/2020,01:00:00 AM,x,0.99,10.15,10.31449167
01/16/2020,01:05:00 AM,x,0.99,10.24,10.352825
01/16/2020,01:10:00 AM,x,0.99,10.43,10.372825
01/16/2020,01:15:00 AM,x,0.99,10.42,10.412825
01/16/2020,01:20:00 AM,x,0.99,10.39,10.51115833
01/16/2020,01:25:00 AM,x,0.99,10.45,10.59610417
01/16/2020,01:30:00 AM,x,0.99,10.38,10.61777083
01/16/2020,01:35:00 AM,x,0.99,10.36,10.61110417
01/16/2020,01:40:00 AM,x,0.99,10.67,10.61777083
01/16/2020,01:45:00 AM,x,0.99,11.01,10.6044375
01/16/2020,01:50:00 AM,x,1,10.9,10.5194375
01/16/2020,01:55:00 AM,x,0.99,10.58,10.402825
01/16/2020,02:00:00 AM,x,0.99,10.34,10.32954583
01/16/2020,02:05:00 AM,x,0.99,10.4,10.26293333
01/16/2020,02:10:00 AM,x,0.99,10.59,10.15632083
01/16/2020,02:15:00 AM,x,0.99,10.5,10.00970833
01/16/2020,02:20:00 AM,x,0.99,10.2,9.871429167
01/16/2020,02:25:00 AM,x,0.98,10.14,9.746483333
01/16/2020,02:30:00 AM,x,0.98,9.94,9.599816667
01/16/2020,02:35:00 AM,x,0.98,9.76,9.47815
01/16/2020,02:40:00 AM,x,0.98,9.71,9.369816667
01/16/2020,02:45:00 AM,x,0.98,9.67,9.281483333
01/16/2020,02:50:00 AM,x,0.98,9.45,9.256483333
01/16/2020,02:55:00 AM,x,0.98,9.26,9.298095833
01/16/2020,03:00:00 AM,x,0.98,9.21,9.406429167
01/16/2020,03:05:00 AM,x,0.98,9.11,9.514708333
01/16/2020,03:10:00 AM,x,0.98,9.18,9.608041667
01/16/2020,03:15:00 AM,x,0.98,9.52,9.678041667
01/16/2020,03:20:00 AM,x,0.99,9.7,9.676320833
01/16/2020,03:25:00 AM,x,0.98,9.91,9.621320833
01/16/2020,03:30:00 AM,x,0.99,9.86,9.526266667
01/16/2020,03:35:00 AM,x,0.98,9.67,9.411266667
01/16/2020,03:40:00 AM,x,0.98,9.6,9.301266667
01/16/2020,03:45:00 AM,x,0.99,9.51,9.187879167
01/16/2020,03:50:00 AM,x,0.99,9.37,9.0746
01/16/2020,03:55:00 AM,x,0.99,9.34,8.9896
01/16/2020,04:00:00 AM,x,0.99,9.17,8.902933333
01/16/2020,04:05:00 AM,x,0.98,9.01,8.851266667
01/16/2020,04:10:00 AM,x,0.99,8.92,8.817879167
01/16/2020,04:15:00 AM,x,0.98,8.83,8.784545833
01/16/2020,04:20:00 AM,x,0.99,8.86,8.732825
01/16/2020,04:25:00 AM,x,0.99,8.82,8.6712125
01/16/2020,04:30:00 AM,x,0.99,8.86,8.6196
01/16/2020,04:35:00 AM,x,0.99,8.81,8.5646
01/16/2020,04:40:00 AM,x,0.99,8.72,8.5296
01/16/2020,04:45:00 AM,x,0.99,8.52,8.4946
01/16/2020,04:50:00 AM,x,0.98,8.49,8.4996
01/16/2020,04:55:00 AM,x,0.98,8.51,8.542879167
01/16/2020,05:00:00 AM,x,0.99,8.53,8.611158333
01/16/2020,05:05:00 AM,x,0.99,8.6,8.722825
01/16/2020,05:10:00 AM,x,0.99,8.51,8.857825
01/16/2020,05:15:00 AM,x,0.99,8.55,9.057825
01/16/2020,05:20:00 AM,x,0.99,8.75,9.287825
01/16/2020,05:25:00 AM,x,0.99,8.92,9.496158333
01/16/2020,05:30:00 AM,x,0.99,9.2,9.6944375
01/16/2020,05:35:00 AM,x,0.99,9.41,9.895454167
01/16/2020,05:40:00 AM,x,0.99,9.71,10.0786
01/16/2020,05:45:00 AM,x,0.99,9.93,10.2288625
01/16/2020,05:50:00 AM,x,0.99,10,10.323275
01/16/2020,05:55:00 AM,x,1,10.11,10.4229625
01/16/2020,06:00:00 AM,x,1.11,10.41,10.55975833
01/16/2020,06:05:00 AM,0,1.64,10.53,10.71730833
01/16/2020,06:10:00 AM,0,2.48,10.66,10.875325
01/16/2020,06:15:00 AM,0,3.56,10.58,11.0033125
01/16/2020,06:20:00 AM,0.01,4.74,10.72,11.16355417
01/16/2020,06:25:00 AM,0.11,7.13,11.13,11.3180375
01/16/2020,06:30:00 AM,0.25,9.87,11.64,11.45504583
01/16/2020,06:35:00 AM,0.42,12.16,11.82,11.58164583
01/16/2020,06:40:00 AM,0.92,20.39,12.01,11.7969
01/16/2020,06:45:00 AM,1.13,22.9,12.17,12.09232917
01/16/2020,06:50:00 AM,1.57,28.22,12.41,12.39437083
01/16/2020,06:55:00 AM,1.92,31.99,12.76,12.68696667
01/16/2020,07:00:00 AM,2.58,42.19,13.45,12.94471667
01/16/2020,07:05:00 AM,2.11,35.19,13.86,13.1590625
01/16/2020,07:10:00 AM,1.85,31.08,14.13,13.2355
01/16/2020,07:15:00 AM,1.78,29.6,14.2,13.2269
01/16/2020,07:20:00 AM,1.81,30.51,14.24,13.1889875
01/16/2020,07:25:00 AM,1.5,27.79,14.17,13.17327917
01/16/2020,07:30:00 AM,1.07,21.08,14.05,13.14012917
01/16/2020,07:35:00 AM,0.9,19.54,13.81,13.1496125
01/16/2020,07:40:00 AM,0.98,20.36,13.73,13.16208333
01/16/2020,07:45:00 AM,1.38,25.83,13.85,13.18185417
01/16/2020,07:50:00 AM,1.68,29.41,14.11,13.35251667
01/16/2020,07:55:00 AM,2.3,37.91,14.3,13.40363333
01/16/2020,08:00:00 AM,2.6,40.56,14.74,13.47944167
01/16/2020,08:05:00 AM,3.43,52.93,14.97,13.653425
01/16/2020,08:10:00 AM,5.22,76.71,15.68,13.82950833
01/16/2020,08:15:00 AM,3.4,53.4,15.77,13.9811
01/16/2020,08:20:00 AM,5.09,75.05,15.9,13.90802083
01/16/2020,08:25:00 AM,7.13,100.53,16.79,13.99828333
01/16/2020,08:30:00 AM,6.4,88.44,17.34,13.99352917
01/16/2020,08:35:00 AM,5.83,80.73,16.93,14.11085833
01/16/2020,08:40:00 AM,6.48,90.57,17.04,14.28937917
01/16/2020,08:45:00 AM,8.46,120.43,17.51,14.4961375
01/16/2020,08:50:00 AM,8.81,124.54,18.05,14.70599583
01/16/2020,08:55:00 AM,10.67,149.1,18.34,14.8564625
01/16/2020,09:00:00 AM,8.15,116.01,18.94,15.0571625
01/16/2020,09:05:00 AM,7.84,108.08,18.89,14.9989875
01/16/2020,09:10:00 AM,6.36,89.63,18.25,14.9266
01/16/2020,09:15:00 AM,6.44,90.61,17.8,15.08977083
01/16/2020,09:20:00 AM,7.27,102.3,18.23,15.23997083
01/16/2020,09:25:00 AM,8.28,115.74,18.46,15.39504583
01/16/2020,09:30:00 AM,9.49,130.75,19.07,15.46171667
01/16/2020,09:35:00 AM,10.75,151.29,19.86,15.42675
01/16/2020,09:40:00 AM,6.95,97.66,19.49,15.5997125
01/16/2020,09:45:00 AM,7.52,105.65,19.19,15.506525
01/16/2020,09:50:00 AM,7.15,100.44,19.1,15.43465
01/16/2020,09:55:00 AM,9.08,124.97,19.16,15.46521667
01/16/2020,10:00:00 AM,13.34,180.59,20.48,15.18005833
01/16/2020,10:05:00 AM,13.04,173.82,21.63,15.3539
01/16/2020,10:10:00 AM,12.35,168.71,21.24,15.41795
01/16/2020,10:15:00 AM,15.05,204.15,21.96,15.29602083
01/16/2020,10:20:00 AM,14.7,199.72,22.51,15.65174583
01/16/2020,10:25:00 AM,22.21,310.23,23.47,15.54322917
01/16/2020,10:30:00 AM,18.55,254.65,23.93,15.8792625
01/16/2020,10:35:00 AM,14.84,201.38,22.91,15.78359583
01/16/2020,10:40:00 AM,20.08,283.22,24.23,15.427025
01/16/2020,10:45:00 AM,13.98,198.17,23.9,15.3011625
01/16/2020,10:50:00 AM,14.41,197.6,21.79,14.83944167
01/16/2020,10:55:00 AM,12.66,175.27,21.1,14.916525
01/16/2020,11:00:00 AM,13.34,181.85,20.99,15.24387083
01/16/2020,11:05:00 AM,12.86,177.67,20,15.6174625
01/16/2020,11:10:00 AM,15.41,204.61,20.92,16.2172375
01/16/2020,11:15:00 AM,17.46,238.18,22.43,16.61330833
01/16/2020,11:20:00 AM,17.14,228.6,23.26,16.9926375
01/16/2020,11:25:00 AM,16.88,227.76,24.77,16.8576375
01/16/2020,11:30:00 AM,17.41,234.11,24.93,16.08778333
01/16/2020,11:35:00 AM,14.28,199.25,24.3,15.583575
01/16/2020,11:40:00 AM,12.5,168.72,22.13,14.9439875
01/16/2020,11:45:00 AM,11.24,156.15,22.04,14.7636
01/16/2020,11:50:00 AM,13.15,188.6,21.15,14.31265833
01/16/2020,11:55:00 AM,19.34,274.81,21.68,14.29385
01/16/2020,12:00:00 PM,15.78,223.81,21.57,14.6297375
01/16/2020,12:05:00 PM,16.2,221.02,21.17,14.46519167
01/16/2020,12:10:00 PM,11.38,158.33,20.71,14.91634167
01/16/2020,12:15:00 PM,12.53,182.17,20.18,15.1946625
01/16/2020,12:20:00 PM,13.99,192.38,21.16,15.88175
01/16/2020,12:25:00 PM,15.1,216.8,21.81,16.63179583
01/16/2020,12:30:00 PM,23.53,321.88,23.77,17.1758125
01/16/2020,12:35:00 PM,20.4,276.5,25.68,17.71769167
01/16/2020,12:40:00 PM,18.64,258.64,25.64,17.84677917
01/16/2020,12:45:00 PM,17.76,242.4,26.26,17.61511667
01/16/2020,12:50:00 PM,14.42,201.91,25.97,16.44982083
01/16/2020,12:55:00 PM,14.98,210.52,24.87,15.9380875
01/16/2020,01:00:00 PM,18.4,248.61,24.64,15.99163333
01/16/2020,01:05:00 PM,13.19,175.13,23.16,15.94316667
01/16/2020,01:10:00 PM,12.5,179.87,21.69,15.8277375
01/16/2020,01:15:00 PM,24.92,339.07,22.41,16.15337083
01/16/2020,01:20:00 PM,23.46,326.23,26.94,16.69554167
01/16/2020,01:25:00 PM,14.17,201.25,24.89,16.39204583
01/16/2020,01:30:00 PM,13.9,189.25,22.42,15.92764583
01/16/2020,01:35:00 PM,15.07,204.44,23.42,15.65772917
01/16/2020,01:40:00 PM,10.42,138.83,22.31,15.62889583
01/16/2020,01:45:00 PM,15.2,191.9,20.88,15.5343875
01/16/2020,01:50:00 PM,19.07,250.26,22.65,16.11006667
01/16/2020,01:55:00 PM,18.1,234.37,23.18,16.41666667
01/16/2020,02:00:00 PM,20.66,261.85,23.16,16.5820125
01/16/2020,02:05:00 PM,22.06,256.84,24.95,17.13152083
01/16/2020,02:10:00 PM,21.53,259.97,25.68,17.23036667
01/16/2020,02:15:00 PM,13.38,176.39,23.83,17.17559167
01/16/2020,02:20:00 PM,13.58,158.58,21.51,16.87794167
01/16/2020,02:25:00 PM,13.69,180.46,22.42,16.90095
01/16/2020,02:30:00 PM,9.55,120.71,21.87,16.92458333
01/16/2020,02:35:00 PM,8.05,108.13,20.71,16.7247625
01/16/2020,02:40:00 PM,7.4,102.39,20.23,16.5842375
01/16/2020,02:45:00 PM,8.11,110.11,19.89,16.40677917
01/16/2020,02:50:00 PM,6,82.64,19.18,16.3077875
01/16/2020,02:55:00 PM,4.42,65.02,18.81,16.12427917
01/16/2020,03:00:00 PM,3.22,49.6,18.36,15.92484583
01/16/2020,03:05:00 PM,2.93,45.15,17.82,15.69865
01/16/2020,03:10:00 PM,2.57,40.69,17.16,15.709375
01/16/2020,03:15:00 PM,2.78,43.77,17.14,15.74807083
01/16/2020,03:20:00 PM,3.97,58.98,17.31,15.78234583
01/16/2020,03:25:00 PM,4.81,72.3,17.85,15.85929167
01/16/2020,03:30:00 PM,6.3,92.59,18.4,15.91770833
01/16/2020,03:35:00 PM,3.62,55.17,18.21,16.01204583
01/16/2020,03:40:00 PM,2.74,43.7,17.49,15.9345
01/16/2020,03:45:00 PM,2.54,41.75,17.28,15.85772083
01/16/2020,03:50:00 PM,2.22,37.39,17.07,15.708225
01/16/2020,03:55:00 PM,1.88,32.9,16.92,15.55929167
01/16/2020,04:00:00 PM,1.69,29.02,16.9,15.2943125
01/16/2020,04:05:00 PM,1.52,27.64,16.85,15.241925
01/16/2020,04:10:00 PM,2.24,38.49,16.86,15.43951667
01/16/2020,04:15:00 PM,3.89,62.58,17.06,15.7564
01/16/2020,04:20:00 PM,4.93,68.27,17.18,16.20782917
01/16/2020,04:25:00 PM,11.38,119.05,18.13,16.53182917
01/16/2020,04:30:00 PM,11.28,128.23,19.81,16.86777083
01/16/2020,04:35:00 PM,6.48,76.7,19.63,16.97548333
01/16/2020,04:40:00 PM,4.63,58.45,19.41,16.86767917
01/16/2020,04:45:00 PM,1.73,28.47,18.66,16.662225
01/16/2020,04:50:00 PM,1.63,29.07,17.85,16.45193333
01/16/2020,04:55:00 PM,1.62,29.03,17.22,16.35609583
01/16/2020,05:00:00 PM,1.91,32.96,17.36,16.3718
01/16/2020,05:05:00 PM,1.26,24.91,17.3,16.40985
01/16/2020,05:10:00 PM,1.25,24.38,17.07,16.3879125
01/16/2020,05:15:00 PM,0.9,18.37,17.07,16.42377083
01/16/2020,05:20:00 PM,1.04,21.84,17.04,16.41754167
01/16/2020,05:25:00 PM,1.34,24.9,17.18,16.42591667
01/16/2020,05:30:00 PM,0.56,13.32,16.95,16.35104167
01/16/2020,05:35:00 PM,0.53,12.96,16.78,16.0996875
01/16/2020,05:40:00 PM,0.08,5.76,16.68,15.66203333
01/16/2020,05:45:00 PM,0,3.52,16.55,15.0782375
01/16/2020,05:50:00 PM,0,2.14,16.45,14.51505833
01/16/2020,05:55:00 PM,0,1.8,15.98,13.92456667
01/16/2020,06:00:00 PM,0,1.57,15.06,13.362125
01/16/2020,06:05:00 PM,0,1.45,13.78,12.9734375
01/16/2020,06:10:00 PM,0,1.23,13.03,12.81076667
01/16/2020,06:15:00 PM,0,1.03,13.09,12.74190417
01/16/2020,06:20:00 PM,0,1,12.87,12.65529167
01/16/2020,06:25:00 PM,0,1.02,12.58,12.56018333
01/16/2020,06:30:00 PM,x,1.02,12.71,12.55185
01/16/2020,06:35:00 PM,x,1.02,12.79,12.51685
01/16/2020,06:40:00 PM,x,1.02,12.61,12.48518333
01/16/2020,06:45:00 PM,x,1.02,12.57,12.52685
01/16/2020,06:50:00 PM,x,1.02,12.3,12.62185
01/16/2020,06:55:00 PM,x,1.02,12.53,12.73351667
01/16/2020,07:00:00 PM,x,1.02,12.5,12.81857083
01/16/2020,07:05:00 PM,x,1.02,12.6,12.94357083
01/16/2020,07:10:00 PM,x,1.02,12.86,13.09690417
01/16/2020,07:15:00 PM,x,1.02,13.14,13.2202375
01/16/2020,07:20:00 PM,x,1.02,12.97,13.31857083
01/16/2020,07:25:00 PM,x,1.01,13.04,13.4602375
01/16/2020,07:30:00 PM,x,1.02,13.25,13.58685
01/16/2020,07:35:00 PM,x,1.02,13.52,13.69018333
01/16/2020,07:40:00 PM,x,1.02,13.6,13.74185
01/16/2020,07:45:00 PM,x,1.02,13.73,13.78685
01/16/2020,07:50:00 PM,x,1.02,13.82,13.82018333
01/16/2020,07:55:00 PM,x,1.02,13.8,13.84851667
01/16/2020,08:00:00 PM,x,1.02,13.87,13.91018333
01/16/2020,08:05:00 PM,x,1.02,13.83,13.98185
01/16/2020,08:10:00 PM,x,1.02,13.87,14.05851667
01/16/2020,08:15:00 PM,x,1.02,13.93,14.10518333
01/16/2020,08:20:00 PM,x,1.02,13.99,14.14351667
01/16/2020,08:25:00 PM,x,1.02,14.17,14.19351667
01/16/2020,08:30:00 PM,x,1.02,14.3,14.22351667
01/16/2020,08:35:00 PM,x,1.02,14.29,14.22018333
01/16/2020,08:40:00 PM,x,1.02,14.15,14.22851667
01/16/2020,08:45:00 PM,x,1.02,14.16,14.27351667
01/16/2020,08:50:00 PM,x,1.02,14.29,14.33018333
01/16/2020,08:55:00 PM,x,1.02,14.35,14.37185
01/16/2020,09:00:00 PM,x,1.02,14.28,14.42351667
01/16/2020,09:05:00 PM,x,1.02,14.34,14.49018333
01/16/2020,09:10:00 PM,x,1.02,14.42,14.52518333
01/16/2020,09:15:00 PM,x,1.02,14.5,14.52518333
01/16/2020,09:20:00 PM,x,1.02,14.54,14.49518333
01/16/2020,09:25:00 PM,x,1.02,14.66,14.46351667
01/16/2020,09:30:00 PM,x,1.02,14.68,14.43185
01/16/2020,09:35:00 PM,x,1.02,14.55,14.36351667
01/16/2020,09:40:00 PM,x,1.02,14.42,14.31685
01/16/2020,09:45:00 PM,x,1.02,14.32,14.31185
01/16/2020,09:50:00 PM,x,1.02,14.35,14.35018333
01/16/2020,09:55:00 PM,x,1.02,14.47,14.36351667
01/16/2020,10:00:00 PM,x,1.02,14.27,14.34190417
01/16/2020,10:05:00 PM,x,1.02,14.27,14.36690417
01/16/2020,10:10:00 PM,x,1.02,14.39,14.36357083
01/16/2020,10:15:00 PM,x,1.02,14.55,14.33690417
01/16/2020,10:20:00 PM,x,1.02,14.43,14.298625
01/16/2020,10:25:00 PM,x,1.01,14.34,14.303625
01/16/2020,10:30:00 PM,x,1.02,14.42,14.3252375
01/16/2020,10:35:00 PM,x,1.02,14.25,14.31857083
01/16/2020,10:40:00 PM,x,1.02,14.23,14.34690417
01/16/2020,10:45:00 PM,x,1.01,14.32,14.36357083
01/16/2020,10:50:00 PM,x,1.02,14.46,14.33685
01/16/2020,10:55:00 PM,x,1.02,14.47,14.27685
01/16/2020,11:00:00 PM,x,1.02,14.38,14.22857083
01/16/2020,11:05:00 PM,x,1.02,14.42,14.16529167
01/16/2020,11:10:00 PM,x,1.02,14.33,14.06529167
01/16/2020,11:15:00 PM,x,1.02,14.16,13.9320125
01/16/2020,11:20:00 PM,x,1.02,14.1,13.76206667
01/16/2020,11:25:00 PM,x,1.01,14.18,13.57212083
01/16/2020,11:30:00 PM,x,1.01,14,13.362175
01/16/2020,11:35:00 PM,x,1.02,13.82,13.172175
01/16/2020,11:40:00 PM,x,1.01,13.53,13.0055625
01/16/2020,11:45:00 PM,x,1.01,13.14,12.9805625
01/16/2020,11:50:00 PM,x,1.01,12.96,13.07722917
01/16/2020,11:55:00 PM,x,1,12.92,13.23884167
01/17/2020,12:00:00 AM,x,1.01,12.86,13.44706667
01/17/2020,12:05:00 AM,x,1.01,12.82,13.68034583
01/17/2020,12:10:00 AM,x,1.01,13.38,13.92529167
01/17/2020,12:15:00 AM,x,1.01,13.72,14.0852375
01/17/2020,12:20:00 AM,x,1.02,13.93,14.20351667
01/17/2020,12:25:00 AM,x,1.02,14.17,14.27018333
01/17/2020,12:30:00 AM,x,1.02,14.26,14.29851667
01/17/2020,12:35:00 AM,x,1.02,14.29,14.32185
01/17/2020,12:40:00 AM,x,1.02,14.34,14.36351667
01/17/2020,12:45:00 AM,x,1.02,14.43,14.39685
01/17/2020,12:50:00 AM,x,1.02,14.33,14.41185
01/17/2020,12:55:00 AM,x,1.02,14.34,14.44351667
01/17/2020,01:00:00 AM,x,1.02,14.4,14.48351667
01/17/2020,01:05:00 AM,x,1.02,14.54,14.53351667
01/17/2020,01:10:00 AM,x,1.02,14.54,14.55518333
01/17/2020,01:15:00 AM,x,1.02,14.52,14.57518333
01/17/2020,01:20:00 AM,x,1.02,14.52,14.60190417
01/17/2020,01:25:00 AM,x,1.02,14.58,14.598625
01/17/2020,01:30:00 AM,x,1.02,14.7,14.57367917
01/17/2020,01:35:00 AM,x,1.02,14.67,14.53373333
01/17/2020,01:40:00 AM,x,1.02,14.66,14.49712083
01/17/2020,01:45:00 AM,x,1.01,14.68,14.46550833
01/17/2020,01:50:00 AM,x,1.01,14.5,14.432175
01/17/2020,01:55:00 AM,x,1.01,14.43,14.422175
01/17/2020,02:00:00 AM,x,1.01,14.46,14.422175
01/17/2020,02:05:00 AM,x,1.01,14.45,14.417175
01/17/2020,02:10:00 AM,x,1.01,14.47,14.38884167
01/17/2020,02:15:00 AM,x,1.01,14.48,14.37050833
01/17/2020,02:20:00 AM,x,1.01,14.44,14.36550833
01/17/2020,02:25:00 AM,x,1.01,14.43,14.37712083
01/17/2020,02:30:00 AM,x,1.01,14.43,14.36706667
01/17/2020,02:35:00 AM,x,1.01,14.28,14.3604
01/17/2020,02:40:00 AM,x,1.01,14.36,14.39373333
01/17/2020,02:45:00 AM,x,1.01,14.45,14.42373333
01/17/2020,02:50:00 AM,x,1.02,14.51,14.44206667
01/17/2020,02:55:00 AM,x,1.02,14.37,14.42712083
01/17/2020,03:00:00 AM,x,1.01,14.39,14.422175
01/17/2020,03:05:00 AM,x,1.01,14.48,14.42384167
01/17/2020,03:10:00 AM,x,1.01,14.54,14.41550833
01/17/2020,03:15:00 AM,x,1.01,14.56,14.40884167
01/17/2020,03:20:00 AM,x,1.01,14.42,14.41050833
01/17/2020,03:25:00 AM,x,1.01,14.34,14.43884167
01/17/2020,03:30:00 AM,x,1.01,14.4,14.48550833
01/17/2020,03:35:00 AM,x,1.01,14.43,14.52212083
01/17/2020,03:40:00 AM,x,1.01,14.5,14.54545417
01/17/2020,03:45:00 AM,x,1.01,14.57,14.5604
01/17/2020,03:50:00 AM,x,1.01,14.59,14.5754
01/17/2020,03:55:00 AM,x,1.01,14.62,14.58206667
01/17/2020,04:00:00 AM,x,1.02,14.62,14.57206667
01/17/2020,04:05:00 AM,x,1.01,14.57,14.5487875
01/17/2020,04:10:00 AM,x,1.02,14.59,14.52045417
01/17/2020,04:15:00 AM,x,1.01,14.66,14.51884167
01/17/2020,04:20:00 AM,x,1.01,14.63,14.512175
01/17/2020,04:25:00 AM,x,1.01,14.56,14.52050833
01/17/2020,04:30:00 AM,x,1.01,14.48,14.547175
01/17/2020,04:35:00 AM,x,1.01,14.4,14.592175
01/17/2020,04:40:00 AM,x,1.01,14.58,14.64884167
01/17/2020,04:45:00 AM,x,1.01,14.62,14.67550833
01/17/2020,04:50:00 AM,x,1.01,14.68,14.65884167
01/17/2020,04:55:00 AM,x,1.01,14.72,14.60050833
01/17/2020,05:00:00 AM,x,1.01,14.75,14.53050833
01/17/2020,05:05:00 AM,x,1.01,14.74,14.442175
01/17/2020,05:10:00 AM,x,1.01,14.74,14.34889583
01/17/2020,05:15:00 AM,x,1.01,14.52,14.25561667
01/17/2020,05:20:00 AM,x,1.01,14.33,14.19061667
01/17/2020,05:25:00 AM,x,1.01,14.3,14.12567083
01/17/2020,05:30:00 AM,x,1.01,14.22,14.05400417
01/17/2020,05:35:00 AM,x,1,14.18,13.99061667
01/17/2020,05:40:00 AM,x,1,14.18,13.91496667
01/17/2020,05:45:00 AM,x,1.01,14.13,13.77285417
01/17/2020,05:50:00 AM,x,1,13.94,13.65556667
01/17/2020,05:55:00 AM,x,1.01,13.87,13.5617125
01/17/2020,06:00:00 AM,x,1.02,13.84,13.44738333
01/17/2020,06:05:00 AM,x,1.12,13.73,13.3637625
01/17/2020,06:10:00 AM,0,1.39,13.34,13.35159583
01/17/2020,06:15:00 AM,0,1.74,13.45,13.4511375
01/17/2020,06:20:00 AM,0,3.25,13.45,13.5102875
01/17/2020,06:25:00 AM,0.13,7.04,13.38,13.57687917
01/17/2020,06:30:00 AM,0.66,16.15,13.83,13.73457083
01/17/2020,06:35:00 AM,1.03,21.52,14.32,13.82412917
01/17/2020,06:40:00 AM,1.34,26.09,14.74,13.84712083
01/17/2020,06:45:00 AM,1.72,30.82,14.75,13.87871667
01/17/2020,06:50:00 AM,2.81,45.11,15.21,13.95412083
01/17/2020,06:55:00 AM,2.27,37.62,15.32,14.01602917
01/17/2020,07:00:00 AM,3.14,49.77,15.46,13.97365833
01/17/2020,07:05:00 AM,4.12,64.66,15.86,14.22812083
01/17/2020,07:10:00 AM,4.38,69.18,16.33,14.49484167
01/17/2020,07:15:00 AM,4.62,70.13,16.48,14.70445
01/17/2020,07:20:00 AM,5.76,88.45,16.99,14.87780417
01/17/2020,07:25:00 AM,8.2,125.75,17.93,15.04292917
01/17/2020,07:30:00 AM,6.07,91.1,18.33,15.1845125
01/17/2020,07:35:00 AM,6.4,96.65,18.5,14.9905
01/17/2020,07:40:00 AM,5.99,89.56,18.25,14.64854167
01/17/2020,07:45:00 AM,5.83,88.28,18.11,14.111225
01/17/2020,07:50:00 AM,4.82,73.35,17.49,13.8925125
01/17/2020,07:55:00 AM,4.22,65.15,16.81,13.27325
01/17/2020,08:00:00 AM,4.69,70.61,16.5,13.03812083
01/17/2020,08:05:00 AM,5.38,82.55,15.99,12.91884167
01/17/2020,08:10:00 AM,11.02,157.68,17.24,12.64412917
01/17/2020,08:15:00 AM,7.2,108.35,17.45,12.29084167
01/17/2020,08:20:00 AM,9.53,135.06,15.78,11.38774583
01/17/2020,08:25:00 AM,7.92,115.02,17.02,11.02699583
01/17/2020,08:30:00 AM,6.68,99.4,16.72,10.42329167
01/17/2020,08:35:00 AM,6.46,95.42,14.76,10.18186667
01/17/2020,08:40:00 AM,7.9,119.21,13.87,10.63643333
01/17/2020,08:45:00 AM,15.94,234.46,16.13,11.47992083
01/17/2020,08:50:00 AM,17.1,249.66,17.34,12.57595417
01/17/2020,08:55:00 AM,18,265.55,18.29,13.4489375
01/17/2020,09:00:00 AM,17.74,254.74,20.32,14.55715
01/17/2020,09:05:00 AM,15.4,215.5,21.39,15.13044583
01/17/2020,09:10:00 AM,14.88,208.72,21.84,15.0803
01/17/2020,09:15:00 AM,12.6,179.5,20.92,14.99785417
01/17/2020,09:20:00 AM,14.09,198.34,20.91,14.9528
01/17/2020,09:25:00 AM,10.98,153.88,21.31,15.05292917
01/17/2020,09:30:00 AM,11.14,159.67,20.67,14.91243333
01/17/2020,09:35:00 AM,13.73,196.45,20.47,14.72744167
01/17/2020,09:40:00 AM,13.63,190.71,20.76,14.7006875
01/17/2020,09:45:00 AM,12.19,171.51,20.39,14.7595625
01/17/2020,09:50:00 AM,11.47,160.47,20.28,14.79925833
01/17/2020,09:55:00 AM,10.04,139.51,20,14.51866667
01/17/2020,10:00:00 AM,12.79,178.13,20.16,14.10689167
01/17/2020,10:05:00 AM,16.78,230.62,21.42,14.15376667
01/17/2020,10:10:00 AM,16.3,226.61,22.28,14.47885417
01/17/2020,10:15:00 AM,18.74,261.72,23.56,14.70453333
01/17/2020,10:20:00 AM,21.23,297.81,23.06,14.64285833
01/17/2020,10:25:00 AM,24.29,347.53,24.29,14.944375
01/17/2020,10:30:00 AM,20.59,287.63,24,15.64845417
01/17/2020,10:35:00 AM,19,264.45,24.47,15.990875
01/17/2020,10:40:00 AM,17.34,239.1,24.04,15.9055375
01/17/2020,10:45:00 AM,16.61,227.26,22.07,15.572925
01/17/2020,10:50:00 AM,17.03,233.53,22.78,15.819175
01/17/2020,10:55:00 AM,14.47,199.7,23.71,15.9691875
01/17/2020,11:00:00 AM,14.83,206.26,23.41,15.923025
01/17/2020,11:05:00 AM,15.01,204.82,22.02,15.7239375
01/17/2020,11:10:00 AM,16.04,219.89,21.42,15.90965
01/17/2020,11:15:00 AM,13.13,180.26,22.02,16.2599875
01/17/2020,11:20:00 AM,14.64,205.22,22.76,16.0403625
01/17/2020,11:25:00 AM,13.02,180.53,22.81,15.93738333
01/17/2020,11:30:00 AM,16.72,231.63,23.04,14.67452917
01/17/2020,11:35:00 AM,18.59,259.15,24.9,15.45501667
01/17/2020,11:40:00 AM,20.41,283.52,25.59,16.6174625
01/17/2020,11:45:00 AM,27.88,386.96,27.42,17.45539583
01/17/2020,11:50:00 AM,29.84,429.77,29.44,18.2732375
01/17/2020,11:55:00 AM,46.56,721.98,32.83,18.241475
01/17/2020,12:00:00 PM,38.44,563.54,38.51,19.758675
01/17/2020,12:05:00 PM,28.3,405.16,36.62,17.8876
01/17/2020,12:10:00 PM,27.9,393.44,34.19,18.20709583
01/17/2020,12:15:00 PM,21.12,309.82,29.82,17.90427917
01/17/2020,12:20:00 PM,40.18,605.48,34.96,17.4843375
01/17/2020,12:25:00 PM,30.91,455.42,33.27,18.3438625
01/17/2020,12:30:00 PM,54.17,926.2,39.07,18.73330833
01/17/2020,12:35:00 PM,32.64,464.33,40.46,20.64421667
01/17/2020,12:40:00 PM,30.96,457.96,34.47,19.35765417
01/17/2020,12:45:00 PM,44.3,643.04,38.13,19.19054167
01/17/2020,12:50:00 PM,34.24,501.26,36.73,19.0051625
01/17/2020,12:55:00 PM,31.67,459.83,35.75,16.20392083
01/17/2020,01:00:00 PM,27.85,382.34,32.86,16.1180875
01/17/2020,01:05:00 PM,26.54,367.08,29.58,16.01219167
01/17/2020,01:10:00 PM,26.14,350.35,29.97,16.1953375
01/17/2020,01:15:00 PM,30.1,399.11,29.09,16.56761667
01/17/2020,01:20:00 PM,57.2,902.72,32.97,17.00445833
01/17/2020,01:25:00 PM,39.48,557.83,38.42,19.253825
01/17/2020,01:30:00 PM,28.38,377.89,32.08,19.00527917
01/17/2020,01:35:00 PM,27.91,343.73,29.92,18.72227083
01/17/2020,01:40:00 PM,18.97,259.16,29.24,18.50807083
01/17/2020,01:45:00 PM,20.24,266.77,27.41,18.2682625
01/17/2020,01:50:00 PM,25.96,335.76,28.04,18.48425833
01/17/2020,01:55:00 PM,28.34,343.1,29.95,18.54317083
01/17/2020,02:00:00 PM,36.36,325.83,28.69,18.61209583
01/17/2020,02:05:00 PM,40.75,347.89,28.77,18.60692083
01/17/2020,02:10:00 PM,22.94,275.74,28.34,18.95730833
01/17/2020,02:15:00 PM,16.3,232.74,27.6,18.98490833
01/17/2020,02:20:00 PM,44.18,354.73,29.01,18.72884583
01/17/2020,02:25:00 PM,31.28,317.76,29.54,18.7542875
01/17/2020,02:30:00 PM,43.32,346.17,29.32,18.24870833
01/17/2020,02:35:00 PM,32.09,310.28,29.65,18.4049375
01/17/2020,02:40:00 PM,32.65,295.26,29.14,17.99155
01/17/2020,02:45:00 PM,48.97,307.09,28.48,17.34663333
01/17/2020,02:50:00 PM,41.81,265.11,26.25,17.30927917
01/17/2020,02:55:00 PM,60.04,290.79,25.63,17.29692083
01/17/2020,03:00:00 PM,29.42,249.02,27.1,17.71499167
01/17/2020,03:05:00 PM,23.26,266.29,25.74,17.51471667
01/17/2020,03:10:00 PM,29.82,283.86,24.9,17.6684375
01/17/2020,03:15:00 PM,27.13,236.14,25.95,17.9130125
01/17/2020,03:20:00 PM,29.28,264.93,26.17,17.7757625
01/17/2020,03:25:00 PM,30.36,241.3,26.53,17.70985
01/17/2020,03:30:00 PM,23.02,211.84,24.69,17.3648375
01/17/2020,03:35:00 PM,27.74,156.68,23.1,17.16924583
01/17/2020,03:40:00 PM,23.21,182.4,23.07,17.0298
01/17/2020,03:45:00 PM,19.26,159.94,22.65,16.94485
01/17/2020,03:50:00 PM,15.62,147.56,21.96,17.02823333
01/17/2020,03:55:00 PM,14.33,145.61,21.35,17.015
01/17/2020,04:00:00 PM,15.94,145.18,21.35,16.99196667
01/17/2020,04:05:00 PM,15.37,152.27,22.12,17.11344583
01/17/2020,04:10:00 PM,14.33,153.16,21.61,17.16699583
01/17/2020,04:15:00 PM,11.3,122.7,21.94,17.4074375
01/17/2020,04:20:00 PM,9.66,105.08,20.5,17.37999583
01/17/2020,04:25:00 PM,12.29,122.17,20.45,17.42064167
01/17/2020,04:30:00 PM,17.56,125.83,21.45,17.54407083
01/17/2020,04:35:00 PM,16.3,108.23,21.01,17.37532083
01/17/2020,04:40:00 PM,9.84,91.54,21.05,17.18747917
01/17/2020,04:45:00 PM,8.16,81.92,20.45,16.87897083
01/17/2020,04:50:00 PM,9.05,75.73,19.79,16.56269167
01/17/2020,04:55:00 PM,7.19,70.46,19.51,16.29903333
01/17/2020,05:00:00 PM,6.8,70.83,18.65,16.02357083
01/17/2020,05:05:00 PM,4.54,57.37,18.23,15.90623333
01/17/2020,05:10:00 PM,4.01,51.88,17.91,15.77560833
01/17/2020,05:15:00 PM,3.58,48.31,17.46,15.665825
01/17/2020,05:20:00 PM,2.71,39.79,17.04,15.5101375
01/17/2020,05:25:00 PM,2.36,33.93,16.67,15.34451667
01/17/2020,05:30:00 PM,1.43,24.8,16.45,15.198825
01/17/2020,05:35:00 PM,1.09,20.87,16.26,15.0690125
01/17/2020,05:40:00 PM,0.46,11.84,15.95,14.94495417
01/17/2020,05:45:00 PM,0.29,9.36,15.26,14.82805
01/17/2020,05:50:00 PM,0.22,8.52,15.03,14.80735833
01/17/2020,05:55:00 PM,0.07,5.75,14.88,14.81292917
01/17/2020,06:00:00 PM,0,4.15,15,14.80682917
01/17/2020,06:05:00 PM,0,2.85,14.93,14.748675
01/17/2020,06:10:00 PM,0,1.73,14.92,14.7102
01/17/2020,06:15:00 PM,0,1.18,14.87,14.6589375
01/17/2020,06:20:00 PM,0,1.03,14.82,14.60475
01/17/2020,06:25:00 PM,0,1.03,14.69,14.56975
01/17/2020,06:30:00 PM,x,1.04,14.55,14.55475
01/17/2020,06:35:00 PM,x,1.03,14.64,14.5381375
01/17/2020,06:40:00 PM,x,1.04,14.59,14.4731375
01/17/2020,06:45:00 PM,x,1.03,14.54,14.406525
01/17/2020,06:50:00 PM,x,1.03,14.61,14.356525
01/17/2020,06:55:00 PM,x,1.03,14.6,14.261525
01/17/2020,07:00:00 PM,x,1.03,14.45,14.13819167
01/17/2020,07:05:00 PM,x,1.03,14.25,14.03485833
01/17/2020,07:10:00 PM,x,1.03,14.19,13.99485833
01/17/2020,07:15:00 PM,x,1.03,14.24,13.99824583
01/17/2020,07:20:00 PM,x,1.03,14.04,14.00163333
01/17/2020,07:25:00 PM,x,1.03,13.86,14.0316875
01/17/2020,07:30:00 PM,x,1.03,13.83,14.07002083
01/17/2020,07:35:00 PM,x,1.03,14.01,14.06174167
01/17/2020,07:40:00 PM,x,1.02,14.21,14.01018333
01/17/2020,07:45:00 PM,x,1.02,14.26,13.91357083
01/17/2020,07:50:00 PM,x,1.02,14.22,13.79857083
01/17/2020,07:55:00 PM,x,1.03,14.09,13.68195833
01/17/2020,08:00:00 PM,x,1.02,13.78,13.5554
01/17/2020,08:05:00 PM,x,1.01,13.7,13.44706667
01/17/2020,08:10:00 PM,x,1.01,13.63,13.34873333
01/17/2020,08:15:00 PM,x,1.02,13.57,13.2904
01/17/2020,08:20:00 PM,x,1.01,13.52,13.29212083
01/17/2020,08:25:00 PM,x,1.01,13.33,13.32373333
01/17/2020,08:30:00 PM,x,1.02,13.13,13.39206667
01/17/2020,08:35:00 PM,x,1.01,13.11,13.4604
01/17/2020,08:40:00 PM,x,1.01,13.28,13.48706667
01/17/2020,08:45:00 PM,x,1.01,13.58,13.49873333
01/17/2020,08:50:00 PM,x,1.02,13.71,13.4904
01/17/2020,08:55:00 PM,x,1.01,13.74,13.4687875
01/17/2020,09:00:00 PM,x,1.02,13.54,13.42706667
01/17/2020,09:05:00 PM,x,1.01,13.27,13.4387875
01/17/2020,09:10:00 PM,x,1.01,13.35,13.54045417
01/17/2020,09:15:00 PM,x,1.01,13.53,13.66373333
01/17/2020,09:20:00 PM,x,1.01,13.58,13.78867917
01/17/2020,09:25:00 PM,x,1.02,13.49,13.93195833
01/17/2020,09:30:00 PM,x,1.01,13.61,14.10529167
01/17/2020,09:35:00 PM,x,1.01,13.88,14.25357083
01/17/2020,09:40:00 PM,x,1.02,14.09,14.33851667
01/17/2020,09:45:00 PM,x,1.02,14.28,14.40518333
01/17/2020,09:50:00 PM,x,1.02,14.44,14.4702375
01/17/2020,09:55:00 PM,x,1.02,14.53,14.51690417
01/17/2020,10:00:00 PM,x,1.02,14.5,14.54857083
01/17/2020,10:05:00 PM,x,1.02,14.39,14.57690417
01/17/2020,10:10:00 PM,x,1.02,14.49,14.61695833
01/17/2020,10:15:00 PM,x,1.01,14.67,14.6220125
01/17/2020,10:20:00 PM,x,1.02,14.72,14.5820125
01/17/2020,10:25:00 PM,x,1.02,14.72,14.51206667
01/17/2020,10:30:00 PM,x,1.02,14.67,14.46045417
01/17/2020,10:35:00 PM,x,1.01,14.63,14.427175
01/17/2020,10:40:00 PM,x,1.01,14.52,14.41050833
01/17/2020,10:45:00 PM,x,1.01,14.43,14.40550833
01/17/2020,10:50:00 PM,x,1.01,14.3,14.37050833
01/17/2020,10:55:00 PM,x,1.01,14.41,14.32550833
01/17/2020,11:00:00 PM,x,1.01,14.47,14.26389583
01/17/2020,11:05:00 PM,x,1.01,14.53,14.20561667
01/17/2020,11:10:00 PM,x,1.01,14.49,14.15061667
01/17/2020,11:15:00 PM,x,1.01,14.22,14.09395
01/17/2020,11:20:00 PM,x,1.01,14.03,14.07228333
01/17/2020,11:25:00 PM,x,1,14.04,14.08895
01/17/2020,11:30:00 PM,x,1,14.12,14.11722917
01/17/2020,11:35:00 PM,x,1.01,14.2,14.117175
01/17/2020,11:40:00 PM,x,1.01,14.15,14.09884167
01/17/2020,11:45:00 PM,x,1.01,14.09,14.07550833
01/17/2020,11:50:00 PM,x,1.01,14.13,14.072175
01/17/2020,11:55:00 PM,x,1.01,14.21,14.06550833
01/18/2020,12:00:00 AM,x,1.01,14.12,14.067175
01/18/2020,12:05:00 AM,x,1.01,14.09,14.112175
01/18/2020,12:10:00 AM,x,1.01,14.01,14.17050833
01/18/2020,12:15:00 AM,x,1.01,14.07,14.222175
01/18/2020,12:20:00 AM,x,1.01,14.09,14.26884167
01/18/2020,12:25:00 AM,x,1.01,14.22,14.332175
01/18/2020,12:30:00 AM,x,1.01,14.39,14.37050833
01/18/2020,12:35:00 AM,x,1.01,14.44,14.37550833
01/18/2020,12:40:00 AM,x,1.01,14.32,14.35884167
01/18/2020,12:45:00 AM,x,1.01,14.35,14.35884167
01/18/2020,12:50:00 AM,x,1.01,14.47,14.37550833
01/18/2020,12:55:00 AM,x,1.01,14.45,14.372175
01/18/2020,01:00:00 AM,x,1.01,14.42,14.367175
01/18/2020,01:05:00 AM,x,1.01,14.34,14.37550833
01/18/2020,01:10:00 AM,x,1.01,14.32,14.36389583
01/18/2020,01:15:00 AM,x,1.01,14.45,14.3405625
01/18/2020,01:20:00 AM,x,1.01,14.45,14.3055625
01/18/2020,01:25:00 AM,x,1.01,14.42,14.27395
01/18/2020,01:30:00 AM,x,1.01,14.47,14.23900417
01/18/2020,01:35:00 AM,x,1,14.27,14.190725
01/18/2020,01:40:00 AM,x,1.01,14.18,14.19239167
01/18/2020,01:45:00 AM,x,1.01,14.24,14.21239167
01/18/2020,01:50:00 AM,x,1,14.26,14.18744583
01/18/2020,01:55:00 AM,x,1,14.21,14.1441125
01/18/2020,02:00:00 AM,x,1,14.18,14.11077917
01/18/2020,02:05:00 AM,x,1,14.28,14.1191125
01/18/2020,02:10:00 AM,x,1.01,14.3,14.14905833
01/18/2020,02:15:00 AM,x,1,14.09,14.19239167
01/18/2020,02:20:00 AM,x,1,14,14.24900417
01/18/2020,02:25:00 AM,x,1,14.01,14.31728333
01/18/2020,02:30:00 AM,x,1,14.23,14.38889583
01/18/2020,02:35:00 AM,x,1.01,14.46,14.437175
01/18/2020,02:40:00 AM,x,1.01,14.56,14.452175
01/18/2020,02:45:00 AM,x,1.01,14.43,14.43884167
01/18/2020,02:50:00 AM,x,1.01,14.41,14.43884167
01/18/2020,02:55:00 AM,x,1.01,14.44,14.25389583
01/18/2020,03:00:00 AM,x,1.01,14.52,13.92900417
01/18/2020,03:05:00 AM,x,1.01,14.55,13.6041125
01/18/2020,03:10:00 AM,x,1.01,14.48,13.2808875
01/18/2020,03:15:00 AM,x,1.01,14.43,13.00099583
01/18/2020,03:20:00 AM,x,1,13.3,12.78438333
01/18/2020,03:25:00 AM,x,0.99,12.49,12.7544375
01/18/2020,03:30:00 AM,x,0.99,12.57,12.74438333
01/18/2020,03:35:00 AM,x,0.99,12.61,12.69099583
01/18/2020,03:40:00 AM,x,0.99,12.8,12.63432917
01/18/2020,03:45:00 AM,x,1,13.13,12.584275
01/18/2020,03:50:00 AM,x,0.99,13.12,12.42599583
01/18/2020,03:55:00 AM,x,1,12.43,12.20599583
01/18/2020,04:00:00 AM,x,1,12.25,12.08438333
01/18/2020,04:05:00 AM,x,0.99,12.27,11.99610417
01/18/2020,04:10:00 AM,x,1,12.5,11.91110417
01/18/2020,04:15:00 AM,x,0.99,12.18,11.78449167
01/18/2020,04:20:00 AM,x,0.99,11.8,11.72449167
01/18/2020,04:25:00 AM,x,0.99,11.7,11.722825
01/18/2020,04:30:00 AM,x,0.99,11.72,11.73949167
01/18/2020,04:35:00 AM,x,0.99,11.76,11.737825
01/18/2020,04:40:00 AM,x,0.99,11.74,11.702825
01/18/2020,04:45:00 AM,x,0.99,11.82,11.69615833
01/18/2020,04:50:00 AM,x,0.99,11.79,11.677825
01/18/2020,04:55:00 AM,x,0.99,11.8,11.637825
01/18/2020,05:00:00 AM,x,0.99,11.71,11.55115833
01/18/2020,05:05:00 AM,x,0.99,11.55,11.44115833
01/18/2020,05:10:00 AM,x,0.99,11.7,11.417825
01/18/2020,05:15:00 AM,x,0.99,11.71,11.49277083
01/18/2020,05:20:00 AM,x,0.99,11.55,11.62605
01/18/2020,05:25:00 AM,x,0.99,11.28,11.8226625
01/18/2020,05:30:00 AM,x,0.99,11.05,12.0925
01/18/2020,05:35:00 AM,x,0.99,11.41,12.42996667
01/18/2020,05:40:00 AM,x,1,12.15,12.71854583
01/18/2020,05:45:00 AM,x,1,12.51,12.89962083
01/18/2020,05:50:00 AM,x,1,12.73,13.02468333
01/18/2020,05:55:00 AM,x,1.02,12.9,13.11657917
01/18/2020,06:00:00 AM,0,1.15,13.08,13.19755833
01/18/2020,06:05:00 AM,0,1.56,13.16,13.25597917
01/18/2020,06:10:00 AM,0,2.34,13.28,13.30562917
01/18/2020,06:15:00 AM,0,3.45,13.34,13.32345
01/18/2020,06:20:00 AM,0.01,4.65,13.4,13.33420833
01/18/2020,06:25:00 AM,0.07,6.07,13.55,13.35847917
01/18/2020,06:30:00 AM,0.35,10.98,13.75,13.37772917
01/18/2020,06:35:00 AM,0.79,18.24,14,13.44105
01/18/2020,06:40:00 AM,1.08,23.05,14.06,13.47922083
01/18/2020,06:45:00 AM,1.36,27.31,14.18,13.52154167
01/18/2020,06:50:00 AM,1.9,37.4,14.61,13.61479167
01/18/2020,06:55:00 AM,2.35,44.67,14.92,13.76484167
01/18/2020,07:00:00 AM,2,39.29,15.05,13.91506667
01/18/2020,07:05:00 AM,2.02,38.27,14.88,13.95177917
01/18/2020,07:10:00 AM,2.35,44.16,15,13.94513333
01/18/2020,07:15:00 AM,2.58,46.71,15.37,13.92843333
01/18/2020,07:20:00 AM,2.23,40.16,15.6,13.90899583
01/18/2020,07:25:00 AM,1.75,31.09,15.38,13.74697083
01/18/2020,07:30:00 AM,2.4,40.82,15.32,13.52407083
01/18/2020,07:35:00 AM,3.19,52.42,15.3,13.4669875
01/18/2020,07:40:00 AM,4.18,70.32,15.75,13.545
01/18/2020,07:45:00 AM,4.43,72.76,16.1,13.599
01/18/2020,07:50:00 AM,5.9,102.38,16.65,13.6249
01/18/2020,07:55:00 AM,7.31,127.01,17.16,13.0976125
01/18/2020,08:00:00 AM,6.73,109.82,17.22,13.08880833
01/18/2020,08:05:00 AM,6.46,97.71,17.24,13.3526625
01/18/2020,08:10:00 AM,7.56,115.12,17.53,13.80165417
01/18/2020,08:15:00 AM,8.35,134.44,18.26,13.59454583
01/18/2020,08:20:00 AM,17.32,327.11,20.79,13.16235417
01/18/2020,08:25:00 AM,24.73,448.02,27.54,13.0164
01/18/2020,08:30:00 AM,20.92,375.57,27.44,13.67540417
01/18/2020,08:35:00 AM,14.94,248.05,24.82,14.17110833
01/18/2020,08:40:00 AM,20.82,368.74,24.53,13.903725
01/18/2020,08:45:00 AM,24.4,439.46,25.58,14.25412917
01/18/2020,08:50:00 AM,35.52,621.44,29.48,14.56192083
01/18/2020,08:55:00 AM,18.84,310.05,27.01,15.46429583
01/18/2020,09:00:00 AM,11.81,175.44,23.91,14.95329583
01/18/2020,09:05:00 AM,15.66,252.49,23.36,14.724175
01/18/2020,09:10:00 AM,15.86,240.05,22.45,15.39554167
01/18/2020,09:15:00 AM,18.43,279.56,22.23,15.78724167
01/18/2020,09:20:00 AM,17.44,266.54,23.36,16.27892083
01/18/2020,09:25:00 AM,20.62,318.85,24.23,16.43216667
01/18/2020,09:30:00 AM,20.05,298.97,26.55,16.8083
01/18/2020,09:35:00 AM,12.86,183.93,25.16,16.63790833
01/18/2020,09:40:00 AM,12.88,185.89,23.04,16.10408333
01/18/2020,09:45:00 AM,14.14,195.25,22.44,15.9954
01/18/2020,09:50:00 AM,15.06,208.71,22.4,16.35304167
01/18/2020,09:55:00 AM,14.94,209.41,22.93,16.91861667
01/18/2020,10:00:00 AM,16.69,231.35,23.33,17.1968625
01/18/2020,10:05:00 AM,17.15,234.79,23.61,17.557875
01/18/2020,10:10:00 AM,18.24,254.57,24.62,17.9975625
01/18/2020,10:15:00 AM,16.93,227.07,25.62,17.94690833
01/18/2020,10:20:00 AM,15.31,206.45,25.72,18.56400417
01/18/2020,10:25:00 AM,18.67,251.58,25.97,18.76670417
01/18/2020,10:30:00 AM,18.56,254.24,26.24,18.996725
01/18/2020,10:35:00 AM,19.85,274.54,27.54,19.18266667
01/18/2020,10:40:00 AM,27.54,429.46,30,18.9041375
01/18/2020,10:45:00 AM,20.09,285.76,31.23,19.54422083
01/18/2020,10:50:00 AM,22.15,315.49,30.48,18.90084167
01/18/2020,10:55:00 AM,23.66,333.73,30.02,19.029325
01/18/2020,11:00:00 AM,21.91,308.22,29.11,19.30656667
01/18/2020,11:05:00 AM,28.46,408.73,30.23,19.17746667
01/18/2020,11:10:00 AM,21.38,294.06,29.44,19.3123375
01/18/2020,11:15:00 AM,24.6,352.23,29.53,19.04717917
01/18/2020,11:20:00 AM,19.34,255.77,29.31,19.31789583
01/18/2020,11:25:00 AM,17.46,231.47,28.36,18.74288333
01/18/2020,11:30:00 AM,21.26,289.9,27.74,18.23764167
01/18/2020,11:35:00 AM,22.67,306.6,27.72,17.97324167
01/18/2020,11:40:00 AM,23.71,323.32,28.8,18.5108375
01/18/2020,11:45:00 AM,19.31,251.79,27.89,19.1269375
01/18/2020,11:50:00 AM,20.69,276.08,26.52,18.51112083
01/18/2020,11:55:00 AM,21.89,296.13,27.43,18.6668625
01/18/2020,12:00:00 PM,25.99,363.02,28.53,18.7401625
01/18/2020,12:05:00 PM,18.82,256.89,29.33,18.71133333
01/18/2020,12:10:00 PM,11.18,160.04,27.19,18.234525
01/18/2020,12:15:00 PM,23.7,326.71,26.63,17.07687083
01/18/2020,12:20:00 PM,20.81,267.02,27.16,16.74969583
01/18/2020,12:25:00 PM,16.66,214.29,25.21,15.48310417
01/18/2020,12:30:00 PM,19.36,252.65,24.77,14.53492083
01/18/2020,12:35:00 PM,16.69,215.07,25.11,16.19819583
01/18/2020,12:40:00 PM,19.18,260.53,23.51,16.88482917
01/18/2020,12:45:00 PM,24.12,324.65,24.6,17.72012083
01/18/2020,12:50:00 PM,46.34,661.16,32.37,18.37889583
01/18/2020,12:55:00 PM,51.91,858.57,40.46,19.484475
01/18/2020,01:00:00 PM,25.08,339.43,37.57,20.102325
01/18/2020,01:05:00 PM,21.86,297.23,31.9,18.66600833
01/18/2020,01:10:00 PM,17.39,226.63,27.42,18.54552917
01/18/2020,01:15:00 PM,18.1,235.03,25.64,18.60195833
01/18/2020,01:20:00 PM,17.9,248.13,25.58,19.10609583
01/18/2020,01:25:00 PM,25.97,347.89,27.57,19.8359875
01/18/2020,01:30:00 PM,30.07,362.75,29.71,20.57035833
01/18/2020,01:35:00 PM,28.93,311.78,31.65,20.898025
01/18/2020,01:40:00 PM,36.82,360.52,32.11,20.83539167
01/18/2020,01:45:00 PM,43.37,348.42,32.35,20.80639583
01/18/2020,01:50:00 PM,28.88,308.15,31.91,20.93979583
01/18/2020,01:55:00 PM,31.27,346.16,31.92,20.87994583
01/18/2020,02:00:00 PM,51.7,357.95,31.52,20.67169583
01/18/2020,02:05:00 PM,26.11,282.42,30.32,20.40768333
01/18/2020,02:10:00 PM,49.5,316.95,30.52,20.43435417
01/18/2020,02:15:00 PM,39.32,272.1,30.67,20.78938333
01/18/2020,02:20:00 PM,16.97,248.43,29.61,20.86054583
01/18/2020,02:25:00 PM,18.96,270.76,28.22,20.50708333
01/18/2020,02:30:00 PM,24.77,293.46,27.84,20.17035
01/18/2020,02:35:00 PM,14.14,195.65,27.66,19.82306667
01/18/2020,02:40:00 PM,8.81,129.56,26.56,19.3254875
01/18/2020,02:45:00 PM,6.06,87.27,25.09,18.50070833
01/18/2020,02:50:00 PM,4.88,74.3,21.83,17.69512917
01/18/2020,02:55:00 PM,6.26,95.08,20.49,17.35743333
01/18/2020,03:00:00 PM,11.38,167.42,21.66,17.38735833
01/18/2020,03:05:00 PM,7.94,114.28,22.03,17.80519167
01/18/2020,03:10:00 PM,8.92,134.75,21.78,17.58152917
01/18/2020,03:15:00 PM,12.14,160.3,22.63,17.57561667
01/18/2020,03:20:00 PM,13.14,178.49,23.19,17.930025
01/18/2020,03:25:00 PM,17.34,180.94,23.46,18.23582083
01/18/2020,03:30:00 PM,11.16,135.82,23.14,18.42987083
01/18/2020,03:35:00 PM,22.51,165.11,22.34,18.36295
01/18/2020,03:40:00 PM,17.94,189.38,23.52,18.58400833
01/18/2020,03:45:00 PM,12.17,157.64,24.67,18.74845833
01/18/2020,03:50:00 PM,9.56,137.42,23.69,18.49290417
01/18/2020,03:55:00 PM,7.28,108.5,22.27,18.19114583
01/18/2020,04:00:00 PM,6.23,92.79,21.34,17.90644583
01/18/2020,04:05:00 PM,4.64,73.53,20.69,17.85102917
01/18/2020,04:10:00 PM,3.59,59.02,20.27,17.78907917
01/18/2020,04:15:00 PM,3.48,58.05,19.9,17.77919167
01/18/2020,04:20:00 PM,4.4,70.36,19.7,17.843375
01/18/2020,04:25:00 PM,6.48,97.06,20.19,17.9927125
01/18/2020,04:30:00 PM,6.46,77.79,20.52,18.24621667
01/18/2020,04:35:00 PM,9.24,85.89,20.72,18.2782
01/18/2020,04:40:00 PM,7.24,84.23,21.03,18.22528333
01/18/2020,04:45:00 PM,6.96,76.97,20.9,18.0431375
01/18/2020,04:50:00 PM,8.68,78.79,20.87,17.83577083
01/18/2020,04:55:00 PM,7.12,59.49,20.49,17.64790417
01/18/2020,05:00:00 PM,3.52,47.27,19.72,17.43925
01/18/2020,05:05:00 PM,3.02,44.89,19.07,17.33395833
01/18/2020,05:10:00 PM,3.11,46.78,18.72,17.31621667
01/18/2020,05:15:00 PM,2.54,42.33,18.53,17.3435375
01/18/2020,05:20:00 PM,2.41,40.55,18.5,17.32774167
01/18/2020,05:25:00 PM,2.21,36.78,18.5,17.22902917
01/18/2020,05:30:00 PM,1.28,25.17,18.37,17.01225833
01/18/2020,05:35:00 PM,0.91,19.55,18.14,16.69923333
01/18/2020,05:40:00 PM,0.68,15.89,17.88,16.3706125
01/18/2020,05:45:00 PM,0.41,11.4,17.43,16.04785417
01/18/2020,05:50:00 PM,0.24,8.62,16.87,15.76364583
01/18/2020,05:55:00 PM,0.13,6.03,16.2,15.55814583
01/18/2020,06:00:00 PM,0.04,4.19,15.81,15.3885625
01/18/2020,06:05:00 PM,0,2.68,15.62,15.23895833
01/18/2020,06:10:00 PM,0,1.63,15.48,15.08450833
01/18/2020,06:15:00 PM,0,1.1,15.39,14.889425
01/18/2020,06:20:00 PM,0,1.02,15.39,14.66980417
01/18/2020,06:25:00 PM,0,1.03,15.02,14.4081375
01/18/2020,06:30:00 PM,x,1.04,14.81,14.15647083
01/18/2020,06:35:00 PM,x,1.04,14.64,13.89824583
01/18/2020,06:40:00 PM,x,1.03,14.29,13.66002083
01/18/2020,06:45:00 PM,x,1.03,14.07,13.47179583
01/18/2020,06:50:00 PM,x,1.02,13.82,13.28857083
01/18/2020,06:55:00 PM,x,1.03,13.51,13.12195833
01/18/2020,07:00:00 PM,x,1.02,13.26,13.01534583
01/18/2020,07:05:00 PM,x,1.02,13.21,12.9254
01/18/2020,07:10:00 PM,x,1.01,13.16,12.83712083
01/18/2020,07:15:00 PM,x,1.01,12.97,12.73045417
01/18/2020,07:20:00 PM,x,1.01,12.82,12.62212083
01/18/2020,07:25:00 PM,x,1.02,12.87,12.53712083
01/18/2020,07:30:00 PM,x,1.01,12.72,12.462175
01/18/2020,07:35:00 PM,x,1.01,12.68,12.40550833
01/18/2020,07:40:00 PM,x,1.01,12.52,12.312175
01/18/2020,07:45:00 PM,x,1.01,12.32,12.22889583
01/18/2020,07:50:00 PM,x,1.01,12.31,12.15061667
01/18/2020,07:55:00 PM,x,1.01,12.42,12.05900417
01/18/2020,08:00:00 PM,x,1.01,12.38,11.95739167
01/18/2020,08:05:00 PM,x,1.01,12.12,11.90905833
01/18/2020,08:10:00 PM,x,1,12.02,11.95739167
01/18/2020,08:15:00 PM,x,1,11.85,12.03900417
01/18/2020,08:20:00 PM,x,1,11.76,12.18228333
01/18/2020,08:25:00 PM,x,1,11.81,12.35722917
01/18/2020,08:30:00 PM,x,1.01,12.09,12.52384167
01/18/2020,08:35:00 PM,x,1.01,12.41,12.65884167
01/18/2020,08:40:00 PM,x,1.01,12.51,12.702175
01/18/2020,08:45:00 PM,x,1.01,12.71,12.682175
01/18/2020,08:50:00 PM,x,1.01,12.81,12.60722917
01/18/2020,08:55:00 PM,x,1.01,12.81,12.49061667
01/18/2020,09:00:00 PM,x,1.01,12.9,12.35400417
01/18/2020,09:05:00 PM,x,1.01,12.67,12.18405833
01/18/2020,09:10:00 PM,x,1.01,12.39,12.06577917
01/18/2020,09:15:00 PM,x,1,12.26,12.02583333
01/18/2020,09:20:00 PM,x,1,12.11,12.02416667
01/18/2020,09:25:00 PM,x,1,11.99,12.04916667
01/18/2020,09:30:00 PM,x,1,11.88,12.09916667
01/18/2020,09:35:00 PM,x,1,11.96,12.16083333
01/18/2020,09:40:00 PM,x,1,12.15,12.24416667
01/18/2020,09:45:00 PM,x,1,12.25,12.28583333
01/18/2020,09:50:00 PM,x,1,12.26,12.2758875
01/18/2020,09:55:00 PM,x,1,12.29,12.21422083
01/18/2020,10:00:00 PM,x,1,12.25,12.099275
01/18/2020,10:05:00 PM,x,1,12.46,11.94432917
01/18/2020,10:10:00 PM,x,1,12.4,11.7476625
01/18/2020,10:15:00 PM,x,0.99,12.19,11.54271667
01/18/2020,10:20:00 PM,x,1,11.89,11.40938333
01/18/2020,10:25:00 PM,x,0.99,11.6,11.35777083
01/18/2020,10:30:00 PM,x,0.99,11.32,11.34938333
01/18/2020,10:35:00 PM,x,1,11.28,11.42438333
01/18/2020,10:40:00 PM,x,0.99,11.17,11.53105
01/18/2020,10:45:00 PM,x,0.99,11.39,11.6576625
01/18/2020,10:50:00 PM,x,0.99,11.58,11.75094167
01/18/2020,10:55:00 PM,x,1,11.55,11.84255417
01/18/2020,11:00:00 PM,x,0.99,11.77,11.98755417
01/18/2020,11:05:00 PM,x,1,11.92,12.1575
01/18/2020,11:10:00 PM,x,1,11.93,12.3275
01/18/2020,11:15:00 PM,x,1,11.95,12.5025
01/18/2020,11:20:00 PM,x,1,12.13,12.6725
01/18/2020,11:25:00 PM,x,1,12.42,12.7791125
01/18/2020,11:30:00 PM,x,1,12.79,12.83577917
01/18/2020,11:35:00 PM,x,1,12.94,12.8741125
01/18/2020,11:40:00 PM,x,1,12.98,12.87077917
01/18/2020,11:45:00 PM,x,1,12.97,12.8441125
01/18/2020,11:50:00 PM,x,1.01,12.77,12.80577917
01/18/2020,11:55:00 PM,x,1,12.76,12.7425
01/19/2020,12:00:00 AM,x,1,13.02,12.61255417
01/19/2020,12:05:00 AM,x,1,12.92,12.41760833
01/19/2020,12:10:00 AM,x,1,12.82,12.25760833
01/19/2020,12:15:00 AM,x,1,12.74,12.11099583
01/19/2020,12:20:00 AM,x,1,12.39,11.95605
01/19/2020,12:25:00 AM,x,0.99,11.98,11.80277083
01/19/2020,12:30:00 AM,x,0.99,11.85,11.6544375
01/19/2020,12:35:00 AM,x,1,11.96,11.507825
01/19/2020,12:40:00 AM,x,0.99,11.94,11.36793333
01/19/2020,12:45:00 AM,x,0.99,11.81,11.21632083
01/19/2020,12:50:00 AM,x,0.99,11.47,11.1129875
01/19/2020,12:55:00 AM,x,0.99,11.09,11.0529875
01/19/2020,01:00:00 AM,x,0.98,10.97,11.04465417
01/19/2020,01:05:00 AM,x,0.98,11.12,11.0696
01/19/2020,01:10:00 AM,x,0.98,11.03,11.1062125
01/19/2020,01:15:00 AM,x,0.99,11.19,11.137825
01/19/2020,01:20:00 AM,x,0.99,11.11,11.18949167
01/19/2020,01:25:00 AM,x,0.99,11.04,11.29615833
01/19/2020,01:30:00 AM,x,0.99,11.12,11.472825
01/19/2020,01:35:00 AM,x,0.99,11.34,11.642825
01/19/2020,01:40:00 AM,x,0.99,11.22,11.74449167
01/19/2020,01:45:00 AM,x,0.99,11.5,11.852825
01/19/2020,01:50:00 AM,x,0.99,11.75,11.892825
01/19/2020,01:55:00 AM,x,0.99,12.1,11.90949167
01/19/2020,02:00:00 AM,x,0.99,12.14,11.842825
01/19/2020,02:05:00 AM,x,0.99,11.95,11.72949167
01/19/2020,02:10:00 AM,x,0.99,11.87,11.632825
01/19/2020,02:15:00 AM,x,0.99,11.74,11.55115833
01/19/2020,02:20:00 AM,x,0.99,11.85,11.47449167
01/19/2020,02:25:00 AM,x,0.99,11.7,11.30949167
01/19/2020,02:30:00 AM,x,0.99,11.46,11.10454583
01/19/2020,02:35:00 AM,x,0.99,11.37,10.94126667
01/19/2020,02:40:00 AM,x,0.99,11.38,10.78632083
01/19/2020,02:45:00 AM,x,0.99,11.28,10.636375
01/19/2020,02:50:00 AM,x,0.99,10.86,10.5447625
01/19/2020,02:55:00 AM,x,0.98,10.47,10.54642917
01/19/2020,03:00:00 AM,x,0.98,10.48,10.571375
01/19/2020,03:05:00 AM,x,0.98,10.44,10.5929875
01/19/2020,03:10:00 AM,x,0.98,10.48,10.61626667
01/19/2020,03:15:00 AM,x,0.98,10.73,10.63287917
01/19/2020,03:20:00 AM,x,0.99,10.87,10.607825
01/19/2020,03:25:00 AM,x,0.99,10.62,10.552825
01/19/2020,03:30:00 AM,x,0.99,10.61,10.51949167
01/19/2020,03:35:00 AM,x,0.99,10.58,10.49949167
01/19/2020,03:40:00 AM,x,0.99,10.58,10.55615833
01/19/2020,03:45:00 AM,x,0.99,10.58,10.63949167
01/19/2020,03:50:00 AM,x,0.99,10.54,10.76615833
01/19/2020,03:55:00 AM,x,0.99,10.42,10.93115833
01/19/2020,04:00:00 AM,x,0.99,10.49,11.10115833
01/19/2020,04:05:00 AM,x,0.99,10.92,11.25110417
01/19/2020,04:10:00 AM,x,0.99,11.08,11.3594375
01/19/2020,04:15:00 AM,x,0.99,11.34,11.46277083
01/19/2020,04:20:00 AM,x,0.99,11.53,11.53605
01/19/2020,04:25:00 AM,x,0.99,11.44,11.56938333
01/19/2020,04:30:00 AM,x,1,11.39,11.6626625
01/19/2020,04:35:00 AM,x,0.99,11.57,11.75932917
01/19/2020,04:40:00 AM,x,0.99,11.7,11.8026625
01/19/2020,04:45:00 AM,x,1,11.78,11.77932917
01/19/2020,04:50:00 AM,x,0.99,11.73,11.73605
01/19/2020,04:55:00 AM,x,1,12,11.71605
01/19/2020,05:00:00 AM,x,1,11.97,11.62277083
01/19/2020,05:05:00 AM,x,0.99,11.83,11.512825
01/19/2020,05:10:00 AM,x,0.99,11.56,11.47115833
01/19/2020,05:15:00 AM,x,0.99,11.52,11.55949167
01/19/2020,05:20:00 AM,x,0.99,11.61,11.73115833
01/19/2020,05:25:00 AM,x,0.99,11.44,11.937825
01/19/2020,05:30:00 AM,x,0.99,11.31,12.2044375
01/19/2020,05:35:00 AM,x,0.99,11.58,12.51099583
01/19/2020,05:40:00 AM,x,0.99,12.09,12.7662
01/19/2020,05:45:00 AM,x,0.99,12.55,12.9063125
01/19/2020,05:50:00 AM,x,0.99,12.85,12.95082083
01/19/2020,05:55:00 AM,x,1,13.04,12.93219583
01/19/2020,06:00:00 AM,x,1.01,13.15,12.86889167
01/19/2020,06:05:00 AM,0,1.26,13.12,12.78707083
01/19/2020,06:10:00 AM,0,2.2,12.97,12.76118333
01/19/2020,06:15:00 AM,0,3.85,12.91,12.81549583
01/19/2020,06:20:00 AM,0.13,6.89,12.93,12.92771667
01/19/2020,06:25:00 AM,0.28,9.61,12.94,13.07252083
01/19/2020,06:30:00 AM,0.41,11.5,13,13.225925
01/19/2020,06:35:00 AM,0.41,11.27,13.29,13.375625
01/19/2020,06:40:00 AM,0.41,11.25,13.59,13.51304167
01/19/2020,06:45:00 AM,0.49,11.44,13.83,13.63222917
01/19/2020,06:50:00 AM,0.64,13.08,14,13.71648333
01/19/2020,06:55:00 AM,1.02,18.52,14.15,13.81262917
01/19/2020,07:00:00 AM,1.57,26.94,14.4,13.947
01/19/2020,07:05:00 AM,1.68,28.67,14.68,14.05615833
01/19/2020,07:10:00 AM,1.87,31.4,14.96,14.14002917
01/19/2020,07:15:00 AM,1.28,23.27,14.72,14.15199583
01/19/2020,07:20:00 AM,1.6,27.33,15.04,14.15219583
01/19/2020,07:25:00 AM,1.36,24.79,15.16,14.15060833
01/19/2020,07:30:00 AM,1.18,22.48,14.91,14.17161667
01/19/2020,07:35:00 AM,1.25,23.34,15.01,14.23481667
01/19/2020,07:40:00 AM,1.54,27.96,14.92,14.27995417
01/19/2020,07:45:00 AM,2.03,34.31,15.08,14.27653333
01/19/2020,07:50:00 AM,2.33,38.7,15.4,14.354325
01/19/2020,07:55:00 AM,2.89,46.45,15.99,14.5470625
01/19/2020,08:00:00 AM,3.02,47.12,16.09,14.92454167
01/19/2020,08:05:00 AM,3.68,55.93,16.34,14.93547083
01/19/2020,08:10:00 AM,7.08,102.13,17.31,15.16699583
01/19/2020,08:15:00 AM,7.87,114.41,18.15,15.46425833
01/19/2020,08:20:00 AM,9.53,134.81,19.68,16.00332917
01/19/2020,08:25:00 AM,7.57,106.3,20.2,16.53032083
01/19/2020,08:30:00 AM,12.36,181.41,20.52,16.92219583
01/19/2020,08:35:00 AM,12.22,186.11,21.96,17.87003333
01/19/2020,08:40:00 AM,13.7,218.02,22.86,18.54624167
01/19/2020,08:45:00 AM,14.58,220.12,24.82,19.08340833
01/19/2020,08:50:00 AM,14.65,218.75,25.57,19.16839167
01/19/2020,08:55:00 AM,13.4,203.8,25.72,19.22397083
01/19/2020,09:00:00 AM,11.2,159.04,25.48,19.28971667
01/19/2020,09:05:00 AM,9.79,138.81,24.48,18.8238625
01/19/2020,09:10:00 AM,11.78,165.62,24.38,18.44095
01/19/2020,09:15:00 AM,15.28,219.2,25.3,18.28290417
01/19/2020,09:20:00 AM,15.98,233.72,26.39,18.38510833
01/19/2020,09:25:00 AM,15.67,223.97,26.77,18.45347917
01/19/2020,09:30:00 AM,19.34,270.89,26.32,18.4291125
01/19/2020,09:35:00 AM,18.55,267.04,26.35,18.47748333
01/19/2020,09:40:00 AM,17.66,258.49,26.45,18.078525
01/19/2020,09:45:00 AM,15.04,209.87,25.61,17.814975
01/19/2020,09:50:00 AM,14.05,196.79,25.6,17.65910417
01/19/2020,09:55:00 AM,13.39,182.93,25.29,17.30547083
01/19/2020,10:00:00 AM,14.52,197.96,24.24,17.100525
01/19/2020,10:05:00 AM,20.38,282.54,24.46,17.00146667
01/19/2020,10:10:00 AM,19.63,274.53,25.39,17.57796667
01/19/2020,10:15:00 AM,16.72,228.8,25.29,17.638325
01/19/2020,10:20:00 AM,16.01,224.23,24.37,16.717725
01/19/2020,10:25:00 AM,13.24,186.92,24.19,17.20428333
01/19/2020,10:30:00 AM,15.9,223.94,24.49,17.90657917
01/19/2020,10:35:00 AM,13.97,201.34,25.28,18.52670417
01/19/2020,10:40:00 AM,18.65,268.31,25.55,18.85810833
01/19/2020,10:45:00 AM,32.11,479.68,27.92,19.3707375
01/19/2020,10:50:00 AM,24.43,344.25,31.19,20.673925
01/19/2020,10:55:00 AM,19.48,276.65,31.32,20.19195833
01/19/2020,11:00:00 AM,22.44,316.84,31.23,20.2065625
01/19/2020,11:05:00 AM,21.48,303.85,30.6,20.7480125
01/19/2020,11:10:00 AM,20.11,284.44,29.15,21.12865
01/19/2020,11:15:00 AM,18.52,268.63,28.88,21.37202917
01/19/2020,11:20:00 AM,29.04,419.69,30.75,21.363125
01/19/2020,11:25:00 AM,23.27,331.8,33.2,21.54993333
01/19/2020,11:30:00 AM,15.71,224.88,31.49,20.8596
01/19/2020,11:35:00 AM,13.4,196.04,29.38,19.65884583
01/19/2020,11:40:00 AM,14.59,213.97,28.32,18.4447125
01/19/2020,11:45:00 AM,15.53,220.12,27.25,18.50414167
01/19/2020,11:50:00 AM,16.36,237.51,25.95,19.16155833
01/19/2020,11:55:00 AM,17.77,253.4,26.51,20.12546667
01/19/2020,12:00:00 PM,22.45,326.25,27.58,20.16852083
01/19/2020,12:05:00 PM,29.71,435.88,29.89,20.8605
01/19/2020,12:10:00 PM,25.54,357.46,33.34,21.83500417
01/19/2020,12:15:00 PM,19.8,281.52,33.19,21.4171625
01/19/2020,12:20:00 PM,14.98,223.25,31.27,20.38802917
01/19/2020,12:25:00 PM,24.1,334.99,29.42,18.74339583
01/19/2020,12:30:00 PM,19.19,258.5,29.53,19.03052917
01/19/2020,12:35:00 PM,13.78,193.51,27.86,18.642575
01/19/2020,12:40:00 PM,15.85,226.6,26.58,18.65521667
01/19/2020,12:45:00 PM,22.6,301.36,27.66,18.6025375
01/19/2020,12:50:00 PM,37.8,535.49,31.55,18.49204583
01/19/2020,12:55:00 PM,24.1,340.75,31.33,19.11193333
01/19/2020,01:00:00 PM,24.9,342.43,29.93,18.53087917
01/19/2020,01:05:00 PM,16,213.33,28.58,17.72700833
01/19/2020,01:10:00 PM,18.25,243.71,26.82,17.0690125
01/19/2020,01:15:00 PM,20.59,272.22,26.05,16.84543333
01/19/2020,01:20:00 PM,18.95,242.28,25.74,16.87105833
01/19/2020,01:25:00 PM,16.02,221.56,23.97,16.731725
01/19/2020,01:30:00 PM,46.16,367.76,25.93,17.07344167
01/19/2020,01:35:00 PM,64.09,292.96,27.22,17.79292917
01/19/2020,01:40:00 PM,30.08,323.14,28.06,17.80929167
01/19/2020,01:45:00 PM,43.72,352.72,28.82,18.02813333
01/19/2020,01:50:00 PM,29.36,347.08,28.31,18.68070417
01/19/2020,01:55:00 PM,37,284.32,28.06,19.15562083
01/19/2020,02:00:00 PM,24.65,268.47,27.02,19.190525
01/19/2020,02:05:00 PM,40.82,307.17,27.78,19.32595833
01/19/2020,02:10:00 PM,62.69,273.2,27.75,19.374375
01/19/2020,02:15:00 PM,52.79,119.63,25.16,19.1655375
01/19/2020,02:20:00 PM,52.55,114.48,23.6,18.8405
01/19/2020,02:25:00 PM,50.57,124.03,23.06,18.7559
01/19/2020,02:30:00 PM,41.08,116.39,22.89,18.7381125
01/19/2020,02:35:00 PM,38.6,151.77,23.02,18.61199583
01/19/2020,02:40:00 PM,19.74,204.37,24.26,18.5141875
01/19/2020,02:45:00 PM,40.33,152.56,24.28,18.63987083
01/19/2020,02:50:00 PM,49.66,116.56,23.16,18.4320375
01/19/2020,02:55:00 PM,43.94,117.16,22.73,18.1849625
01/19/2020,03:00:00 PM,49.69,114.75,22.08,17.8823375
01/19/2020,03:05:00 PM,43.38,150.75,22.4,17.69784167
01/19/2020,03:10:00 PM,43.63,90.09,21.3,17.66765417
01/19/2020,03:15:00 PM,42.6,80.16,20.68,17.65212917
01/19/2020,03:20:00 PM,28.87,80.02,20.49,17.74378333
01/19/2020,03:25:00 PM,36.16,114.26,20.82,17.86252083
01/19/2020,03:30:00 PM,24.94,167.58,22.69,17.9845875
01/19/2020,03:35:00 PM,37.52,215.4,24.32,17.72579583
01/19/2020,03:40:00 PM,33.71,211.11,25.14,17.45730417
01/19/2020,03:45:00 PM,12.28,172.47,24.23,16.98842083
01/19/2020,03:50:00 PM,7.9,111.33,22.22,16.448425
01/19/2020,03:55:00 PM,5.95,88.34,20.71,15.84715417
01/19/2020,04:00:00 PM,6.43,96.28,18.82,15.48670417
01/19/2020,04:05:00 PM,4.66,68.66,17.94,15.47028333
01/19/2020,04:10:00 PM,4.72,72.75,17.83,15.391375
01/19/2020,04:15:00 PM,5.78,85.7,18.17,15.38595417
01/19/2020,04:20:00 PM,6.28,84.18,17.73,15.43307917
01/19/2020,04:25:00 PM,5.17,67.5,17.87,15.6955375
01/19/2020,04:30:00 PM,9.44,76.85,18.09,15.95536667
01/19/2020,04:35:00 PM,14.74,106.92,18.71,16.19275417
01/19/2020,04:40:00 PM,9.02,112.52,19.09,16.57942083
01/19/2020,04:45:00 PM,9.7,113,19.34,16.87774583
01/19/2020,04:50:00 PM,8.51,97.88,19.75,16.99377083
01/19/2020,04:55:00 PM,6.78,81.07,19.87,16.96688333
01/19/2020,05:00:00 PM,6.26,77.64,19.54,16.85749167
01/19/2020,05:05:00 PM,4.09,58.92,19.47,16.772275
01/19/2020,05:10:00 PM,3.23,46.06,18.72,16.56162917
01/19/2020,05:15:00 PM,4.46,55.58,18.17,16.37906667
01/19/2020,05:20:00 PM,5.78,56.69,18.25,16.309125
01/19/2020,05:25:00 PM,4.72,44.65,18.03,16.1914125
01/19/2020,05:30:00 PM,3.59,37.68,17.73,16.02802917
01/19/2020,05:35:00 PM,2.41,36.27,17.47,15.83285417
01/19/2020,05:40:00 PM,1.87,29.61,17.09,15.63114583
01/19/2020,05:45:00 PM,1.16,20.8,16.62,15.4240625
01/19/2020,05:50:00 PM,0.77,15.96,16.22,15.20151667
01/19/2020,05:55:00 PM,0.38,9.89,15.92,14.9923875
01/19/2020,06:00:00 PM,0.14,6.02,15.53,14.79376667
01/19/2020,06:05:00 PM,0.01,3.97,15.21,14.6224625
01/19/2020,06:10:00 PM,0,2.61,14.97,14.50010833
01/19/2020,06:15:00 PM,0,1.27,14.65,14.42205417
01/19/2020,06:20:00 PM,0,1.03,14.48,14.38335417
01/19/2020,06:25:00 PM,0,1.02,14.44,14.37502083
01/19/2020,06:30:00 PM,x,1.03,14.34,14.36163333
01/19/2020,06:35:00 PM,x,1.02,14.38,14.33163333
01/19/2020,06:40:00 PM,x,1.02,14.45,14.26996667
01/19/2020,06:45:00 PM,x,1.03,14.41,14.19496667
01/19/2020,06:50:00 PM,x,1.03,14.43,14.13335417
01/19/2020,06:55:00 PM,x,1.03,14.36,14.09002083
01/19/2020,07:00:00 PM,x,1.03,14.16,14.0966875
01/19/2020,07:05:00 PM,x,1.02,14.01,14.10002083
01/19/2020,07:10:00 PM,x,1.02,14,14.1116875
01/19/2020,07:15:00 PM,x,1.02,14.04,14.1116875
01/19/2020,07:20:00 PM,x,1.03,14.17,14.09502083
01/19/2020,07:25:00 PM,x,1.03,14.4,14.040075
01/19/2020,07:30:00 PM,x,1.03,14.18,13.9384625
01/19/2020,07:35:00 PM,x,1.02,14.08,13.85018333
01/19/2020,07:40:00 PM,x,1.02,14,13.75357083
01/19/2020,07:45:00 PM,x,1.02,13.94,13.66357083
01/19/2020,07:50:00 PM,x,1.02,13.84,13.5702375
01/19/2020,07:55:00 PM,x,1.02,13.79,13.50690417
01/19/2020,08:00:00 PM,x,1.02,13.65,13.45690417
01/19/2020,08:05:00 PM,x,1.01,13.5,13.41190417
01/19/2020,08:10:00 PM,x,1.02,13.46,13.35357083
01/19/2020,08:15:00 PM,x,1.02,13.38,13.26529167
01/19/2020,08:20:00 PM,x,1.02,13.46,13.16367917
01/19/2020,08:25:00 PM,x,1.02,13.49,13.03873333
01/19/2020,08:30:00 PM,x,1.02,13.38,12.89045417
01/19/2020,08:35:00 PM,x,1.01,13.15,12.75884167
01/19/2020,08:40:00 PM,x,1.01,12.93,12.647175
01/19/2020,08:45:00 PM,x,1.01,12.77,12.577175
01/19/2020,08:50:00 PM,x,1.01,12.71,12.51884167
01/19/2020,08:55:00 PM,x,1.01,12.6,12.432175
01/19/2020,09:00:00 PM,x,1.01,12.59,12.322175
01/19/2020,09:05:00 PM,x,1.01,12.48,12.177175
01/19/2020,09:10:00 PM,x,1.01,12.51,12.04389583
01/19/2020,09:15:00 PM,x,1.01,12.42,11.91395
01/19/2020,09:20:00 PM,x,1.01,12.19,11.80567083
01/19/2020,09:25:00 PM,x,1.01,11.94,11.71405833
01/19/2020,09:30:00 PM,x,1.01,11.72,11.62244583
01/19/2020,09:35:00 PM,x,1,11.68,11.56416667
01/19/2020,09:40:00 PM,x,1,11.73,11.53416667
01/19/2020,09:45:00 PM,x,1,11.77,11.47583333
01/19/2020,09:50:00 PM,x,1,11.64,11.4325
01/19/2020,09:55:00 PM,x,1,11.39,11.3925
01/19/2020,10:00:00 PM,x,1,11.37,11.38583333
01/19/2020,10:05:00 PM,x,1,11.5,11.3925
01/19/2020,10:10:00 PM,x,1,11.38,11.3525
01/19/2020,10:15:00 PM,x,1,11.51,11.31916667
01/19/2020,10:20:00 PM,x,1,11.4,11.26416667
01/19/2020,10:25:00 PM,x,1,11.35,11.2175
01/19/2020,10:30:00 PM,x,1,11.41,11.20583333
01/19/2020,10:35:00 PM,x,1,11.26,11.19416667
01/19/2020,10:40:00 PM,x,1,11.18,11.19583333
01/19/2020,10:45:00 PM,x,1,11.18,11.20083333
01/19/2020,10:50:00 PM,x,1,11.12,11.21416667
01/19/2020,10:55:00 PM,x,1,11.28,11.2325
01/19/2020,11:00:00 PM,x,1,11.34,11.21416667
01/19/2020,11:05:00 PM,x,1,11.27,11.15416667
01/19/2020,11:10:00 PM,x,1,11.21,11.06916667
01/19/2020,11:15:00 PM,x,1,11.26,10.9875
01/19/2020,11:20:00 PM,x,1,11.23,10.93083333
01/19/2020,11:25:00 PM,x,1,11.17,10.90416667
01/19/2020,11:30:00 PM,x,1,10.98,10.8675
01/19/2020,11:35:00 PM,x,1,10.76,10.8675
01/19/2020,11:40:00 PM,x,1,10.72,10.9125
01/19/2020,11:45:00 PM,x,1,10.92,10.93916667
01/19/2020,11:50:00 PM,x,1,11.07,10.9575
01/19/2020,11:55:00 PM,x,1,10.95,10.96416667
01/20/2020,12:00:00 AM,x,1,10.98,10.9858875
01/20/2020,12:05:00 AM,x,1,11.03,11.01922083
01/20/2020,12:10:00 AM,x,1,10.88,11.023565
01/20/2020,12:15:00 AM,x,1,11.03,11.081565
01/20/2020,12:20:00 AM,x,1,11.11,11.075565
01/20/2020,12:25:00 AM,x,0.99,11.08,11.055565
01/20/2020,12:30:00 AM,x,1,11.18,11.1115
01/20/2020,12:35:00 AM,x,x,x,11.2195
01/20/2020,12:40:00 AM,x,1,11.17,11.30083333
01/20/2020,12:45:00 AM,x,1,11,11.37916667
01/20/2020,12:50:00 AM,x,1,11.01,11.4325
01/20/2020,12:55:00 AM,x,1,11.36,11.44755417
01/20/2020,01:00:00 AM,x,1,11.72,11.42760833
01/20/2020,01:05:00 AM,x,1,11.74,11.379275
01/20/2020,01:10:00 AM,x,1,11.64,11.34260833
01/20/2020,01:15:00 AM,x,1,11.32,11.32594167
01/20/2020,01:20:00 AM,x,0.99,11.1,11.35099583
01/20/2020,01:25:00 AM,x,0.99,11.24,11.38599583
01/20/2020,01:30:00 AM,x,1,11.43,11.37099583
01/20/2020,01:35:00 AM,x,1,11.52,11.33771667
01/20/2020,01:40:00 AM,x,1,11.54,11.31277083
01/20/2020,01:45:00 AM,x,0.99,11.47,11.28615833
01/20/2020,01:50:00 AM,x,0.99,11.31,11.24277083
01/20/2020,01:55:00 AM,x,0.99,11.15,11.2194375
01/20/2020,02:00:00 AM,x,0.99,11.23,11.19938333
01/20/2020,02:05:00 AM,x,0.99,11.37,11.15599583
01/20/2020,02:10:00 AM,x,0.99,11.38,11.134275
01/20/2020,02:15:00 AM,x,1,11.21,11.13922083
01/20/2020,02:20:00 AM,x,0.99,11.17,11.17422083
01/20/2020,02:25:00 AM,x,1,11.03,11.27583333
01/20/2020,02:30:00 AM,x,1,10.97,11.39416667
01/20/2020,02:35:00 AM,x,1,11.24,11.5175
01/20/2020,02:40:00 AM,x,1,11.41,11.57916667
01/20/2020,02:45:00 AM,x,1,11.42,11.59916667
01/20/2020,02:50:00 AM,x,1,11.78,11.58755417
01/20/2020,02:55:00 AM,x,1,11.74,11.544275
01/20/2020,03:00:00 AM,x,1,11.71,11.49760833
01/20/2020,03:05:00 AM,x,1,11.61,11.4376625
01/20/2020,03:10:00 AM,x,1,11.53,11.40932917
01/20/2020,03:15:00 AM,x,0.99,11.35,11.39432917
01/20/2020,03:20:00 AM,x,0.99,11.52,11.40260833
01/20/2020,03:25:00 AM,x,1,11.46,11.39922083
01/20/2020,03:30:00 AM,x,0.99,11.35,11.4108875
01/20/2020,03:35:00 AM,x,1,11.44,11.46416667
01/20/2020,03:40:00 AM,x,1,11.44,11.56083333
01/20/2020,03:45:00 AM,x,1,11.4,11.69916667
01/20/2020,03:50:00 AM,x,1,11.5,11.8725
01/20/2020,03:55:00 AM,x,1,11.53,12.07083333
01/20/2020,04:00:00 AM,x,1,11.67,12.2925
01/20/2020,04:05:00 AM,x,1,12.02,12.4975
01/20/2020,04:10:00 AM,x,1,12.27,12.67083333
01/20/2020,04:15:00 AM,x,1,12.44,12.79083333
01/20/2020,04:20:00 AM,x,1,12.69,12.87416667
01/20/2020,04:25:00 AM,x,1,12.86,12.88583333
01/20/2020,04:30:00 AM,x,1,12.9,12.8125
01/20/2020,04:35:00 AM,x,1,13.06,12.71422083
01/20/2020,04:40:00 AM,x,1,12.99,12.60760833
01/20/2020,04:45:00 AM,x,1,12.94,12.53599583
01/20/2020,04:50:00 AM,x,1,12.76,12.45105
01/20/2020,04:55:00 AM,x,1,12.42,12.3544375
01/20/2020,05:00:00 AM,x,0.99,12.31,12.297825
01/20/2020,05:05:00 AM,x,0.99,12.42,12.257825
01/20/2020,05:10:00 AM,x,0.99,12.56,12.21449167
01/20/2020,05:15:00 AM,x,0.99,12.43,12.162825
01/20/2020,05:20:00 AM,x,0.99,12.18,12.137825
01/20/2020,05:25:00 AM,x,0.99,12.08,12.157825
01/20/2020,05:30:00 AM,x,0.99,12.07,12.18438333
01/20/2020,05:35:00 AM,x,0.99,12.16,12.20092917
01/20/2020,05:40:00 AM,x,0.99,12.25,12.1859125
01/20/2020,05:45:00 AM,x,0.99,12.28,12.15785
01/20/2020,05:50:00 AM,x,0.99,12.3,12.14640833
01/20/2020,05:55:00 AM,x,1.01,12.24,12.163525
01/20/2020,06:00:00 AM,0,1.32,12.18,12.21477917
01/20/2020,06:05:00 AM,0.02,4.07,12.17,12.29485833
01/20/2020,06:10:00 AM,0.24,8.94,12.34,12.41229167
01/20/2020,06:15:00 AM,0.4,11.41,12.55,12.54827917
01/20/2020,06:20:00 AM,0.52,13.83,12.82,12.6790375
01/20/2020,06:25:00 AM,0.6,15.24,13.01,12.78602917
01/20/2020,06:30:00 AM,0.95,20.69,13.29,12.889625
01/20/2020,06:35:00 AM,1.1,22.39,13.47,12.99035417
01/20/2020,06:40:00 AM,1.25,24.45,13.66,13.0653125
01/20/2020,06:45:00 AM,1.72,31.27,13.98,13.131325
01/20/2020,06:50:00 AM,2.16,37.77,14.24,13.21384583
01/20/2020,06:55:00 AM,2.98,48.73,14.72,13.3848375
01/20/2020,07:00:00 AM,4.06,63.94,15.3,13.57212917
01/20/2020,07:05:00 AM,4.92,78.09,15.73,13.76795417
01/20/2020,07:10:00 AM,5.59,87.34,16.1,13.90762917
01/20/2020,07:15:00 AM,6.46,99.42,16.69,14.01132083
01/20/2020,07:20:00 AM,6.08,94.51,17.11,13.8950875
01/20/2020,07:25:00 AM,5.5,85.23,17.03,13.63376667
01/20/2020,07:30:00 AM,5.24,79.48,16.98,13.5539875
01/20/2020,07:35:00 AM,6.98,106.15,17.48,13.39688333
01/20/2020,07:40:00 AM,8.81,133.12,18.21,13.25290833
01/20/2020,07:45:00 AM,12.22,195.34,19.11,13.1489
01/20/2020,07:50:00 AM,14.06,236.6,20.16,13.2443625
01/20/2020,07:55:00 AM,11.27,174.42,19.45,13.32382083
01/20/2020,08:00:00 AM,10.87,158.33,18.6,13.2118
01/20/2020,08:05:00 AM,11.15,164.73,18.52,13.30466667
01/20/2020,08:10:00 AM,11.38,165.86,18.65,13.43835833
01/20/2020,08:15:00 AM,11.16,159.87,18.53,13.73565417
01/20/2020,08:20:00 AM,12.1,172.7,18.56,14.24576667
01/20/2020,08:25:00 AM,13.07,185.87,19.15,14.92965417
01/20/2020,08:30:00 AM,13.84,196.57,20.4,15.293625
01/20/2020,08:35:00 AM,15.19,222.51,21.2,15.27514583
01/20/2020,08:40:00 AM,16.09,239.59,22.83,15.4461125
01/20/2020,08:45:00 AM,16.21,245.08,24.36,15.43489167
01/20/2020,08:50:00 AM,16.75,252.29,25.25,15.02803333
01/20/2020,08:55:00 AM,18.22,270.06,24.07,14.36975
01/20/2020,09:00:00 AM,20.7,317.52,24.22,14.36587083
01/20/2020,09:05:00 AM,20.18,299.87,24.74,14.74682083
01/20/2020,09:10:00 AM,19.68,291.2,24.44,14.52382083
01/20/2020,09:15:00 AM,20.41,304.5,23.85,15.045825
01/20/2020,09:20:00 AM,27.43,427.05,26.98,15.40833333
01/20/2020,09:25:00 AM,22.73,356.93,26.87,15.95412083
01/20/2020,09:30:00 AM,20.88,317.96,26.52,17.1456375
01/20/2020,09:35:00 AM,27.29,430.27,27.64,17.94941667
01/20/2020,09:40:00 AM,20.1,306.83,28.08,18.9607625
01/20/2020,09:45:00 AM,23.74,372.96,28.25,18.5956375
01/20/2020,09:50:00 AM,29.51,503.52,32.74,18.8425375
01/20/2020,09:55:00 AM,22.06,336.65,33.36,19.44304583
01/20/2020,10:00:00 AM,21,309.57,31.07,19.455425
01/20/2020,10:05:00 AM,21.9,323.56,30.24,18.53864167
01/20/2020,10:10:00 AM,31,485.93,31.71,18.4893875
01/20/2020,10:15:00 AM,39.78,617.84,37.69,19.63707917
01/20/2020,10:20:00 AM,36.49,565.58,38.36,19.57810833
01/20/2020,10:25:00 AM,32.08,494.98,38.58,19.755575
01/20/2020,10:30:00 AM,49.8,783.13,40.96,20.02481667
01/20/2020,10:35:00 AM,50.33,803.73,45.55,20.72261667
01/20/2020,10:40:00 AM,42.67,672.51,44.66,20.3713125
01/20/2020,10:45:00 AM,53.35,857.65,45.13,19.93857083
01/20/2020,10:50:00 AM,50.52,817.74,47.62,20.18294583
01/20/2020,10:55:00 AM,41.23,643.12,45.01,20.29106667
01/20/2020,11:00:00 AM,40.4,617.69,39.77,19.85099583
01/20/2020,11:05:00 AM,47.1,722.74,40.81,20.41700833
01/20/2020,11:10:00 AM,45.26,691.17,42.67,20.94582917
01/20/2020,11:15:00 AM,52.63,809.15,45.02,20.92787917
01/20/2020,11:20:00 AM,44.09,663.01,43.24,20.70668333
01/20/2020,11:25:00 AM,45.31,682.21,43.64,20.21167917
01/20/2020,11:30:00 AM,36.34,532.58,40.4,19.89326667
01/20/2020,11:35:00 AM,38.17,562.65,38.78,19.40057917
01/20/2020,11:40:00 AM,35.59,516.33,36.88,19.20378333
01/20/2020,11:45:00 AM,39.24,572.14,35.99,19.01400417
01/20/2020,11:50:00 AM,37.7,549.78,36.59,19.2711
01/20/2020,11:55:00 AM,39.24,574.84,38.24,19.451025
01/20/2020,12:00:00 PM,40.9,603.23,39.74,19.3567625
01/20/2020,12:05:00 PM,41.82,616.52,39.35,19.05225833
01/20/2020,12:10:00 PM,43.79,645.52,39.94,18.66279583
01/20/2020,12:15:00 PM,42.18,618.83,39.05,18.53322917
01/20/2020,12:20:00 PM,40.27,591.64,39.03,18.760875
01/20/2020,12:25:00 PM,42.04,612.55,38.9,18.19394583
01/20/2020,12:30:00 PM,48.77,717.6,41.63,17.424025
01/20/2020,12:35:00 PM,48.2,711.19,40.09,17.5385875
01/20/2020,12:40:00 PM,49.61,733.44,42.02,18.08100833
01/20/2020,12:45:00 PM,42.29,619.88,40.45,18.02805833
01/20/2020,12:50:00 PM,43.93,638.15,37.14,17.46410417
01/20/2020,12:55:00 PM,51.08,747.92,38.68,17.69110833
01/20/2020,01:00:00 PM,48,700.45,41.76,18.40215417
01/20/2020,01:05:00 PM,40.7,585.82,39.27,18.3888125
01/20/2020,01:10:00 PM,40.62,578.6,36.67,18.01668333
01/20/2020,01:15:00 PM,41.09,580.61,35.79,18.05099167
01/20/2020,01:20:00 PM,37.87,529.78,34.98,18.1214375
01/20/2020,01:25:00 PM,34.84,484.65,34.39,17.98085
01/20/2020,01:30:00 PM,31.79,421.99,32.63,17.7292375
01/20/2020,01:35:00 PM,30.86,405.29,31.17,17.47667083
01/20/2020,01:40:00 PM,30.5,394.42,30.89,17.34221667
01/20/2020,01:45:00 PM,29.6,380.22,29.7,17.1384875
01/20/2020,01:50:00 PM,28.57,364.35,28.76,16.99711667
01/20/2020,01:55:00 PM,28.87,364.64,28.98,16.96385417
01/20/2020,02:00:00 PM,30.06,372.31,29.5,17.0207
01/20/2020,02:05:00 PM,28.46,358.42,28.84,16.81485
01/20/2020,02:10:00 PM,26.87,345.57,28.08,16.60060417
01/20/2020,02:15:00 PM,28.51,347.55,27.79,16.4856875
01/20/2020,02:20:00 PM,30.91,353.26,28.2,16.54029583
01/20/2020,02:25:00 PM,30.67,349.53,28.83,16.625225
01/20/2020,02:30:00 PM,31.01,341.39,27.26,16.5539125
01/20/2020,02:35:00 PM,28.94,329.05,26.6,16.5883
01/20/2020,02:40:00 PM,27.28,318.17,26.5,16.69424167
01/20/2020,02:45:00 PM,27.8,311.93,26.96,16.636975
01/20/2020,02:50:00 PM,26.62,308.35,27.25,16.3882625
01/20/2020,02:55:00 PM,24.25,298.08,26.73,16.14412917
01/20/2020,03:00:00 PM,22.9,288.58,25.75,15.99625
01/20/2020,03:05:00 PM,21.04,279.03,25.61,16.04873333
01/20/2020,03:10:00 PM,19.67,269.05,24.56,16.14589583
01/20/2020,03:15:00 PM,18.5,256,23.65,16.40745
01/20/2020,03:20:00 PM,17.66,244.19,23.7,16.796775
01/20/2020,03:25:00 PM,16.2,228.15,23.57,17.15795833
01/20/2020,03:30:00 PM,14.21,205.66,23.37,17.52898333
01/20/2020,03:35:00 PM,12.07,181.4,23.02,17.902
01/20/2020,03:40:00 PM,10.5,159.84,22.58,18.25689583
01/20/2020,03:45:00 PM,9.16,140.74,22.24,18.45974167
01/20/2020,03:50:00 PM,8.17,125.51,22.01,18.61137917
01/20/2020,03:55:00 PM,8.12,122.73,22.37,18.58211667
01/20/2020,04:00:00 PM,8.32,124.18,22.96,18.41567083
01/20/2020,04:05:00 PM,9.02,130.65,23.5,18.1150875
01/20/2020,04:10:00 PM,10.33,143.93,23.28,17.80253333
01/20/2020,04:15:00 PM,10.73,148.13,23.39,17.567075
01/20/2020,04:20:00 PM,9.11,127.22,21.89,17.32867083
01/20/2020,04:25:00 PM,8.53,111.92,21.02,17.22591667
01/20/2020,04:30:00 PM,8.87,111.98,20.76,17.18078333
01/20/2020,04:35:00 PM,8.29,100.66,20.65,17.12616667
01/20/2020,04:40:00 PM,8.62,96.63,20.33,17.08842083
01/20/2020,04:45:00 PM,8.74,99.22,20.37,17.12581667
01/20/2020,04:50:00 PM,8.86,102.19,20.46,17.1969875
01/20/2020,04:55:00 PM,8.27,100.56,20.38,17.26490833
01/20/2020,05:00:00 PM,7.56,97.14,19.95,17.32952917
01/20/2020,05:05:00 PM,6.11,86.09,19.95,17.41370833
01/20/2020,05:10:00 PM,4.37,67.88,19.62,17.4436375
01/20/2020,05:15:00 PM,3.22,52.85,19.29,17.40110417
01/20/2020,05:20:00 PM,2.53,44.42,18.99,17.32363333
01/20/2020,05:25:00 PM,1.73,32.63,18.56,17.25628333
01/20/2020,05:30:00 PM,1.33,26.83,18.17,17.18598333
01/20/2020,05:35:00 PM,0.95,21.18,18.02,17.152675
01/20/2020,05:40:00 PM,0.66,16.04,17.68,17.09315
01/20/2020,05:45:00 PM,0.35,11.46,17.48,17.06235417
01/20/2020,05:50:00 PM,0.1,6.7,17.36,17.03712917
01/20/2020,05:55:00 PM,0,4.07,17.21,16.99273333
01/20/2020,06:00:00 PM,0,2.21,17.17,16.94909167
01/20/2020,06:05:00 PM,0,1.4,17.02,16.90870833
01/20/2020,06:10:00 PM,0,1.11,17.01,16.90060417
01/20/2020,06:15:00 PM,0,1.04,16.99,16.91259583
01/20/2020,06:20:00 PM,0,1.05,16.91,16.945875
01/20/2020,06:25:00 PM,x,1.05,16.85,17.000875
01/20/2020,06:30:00 PM,x,1.05,16.89,17.07420833
01/20/2020,06:35:00 PM,x,1.05,16.96,17.140875
01/20/2020,06:40:00 PM,x,1.05,17.08,17.175875
01/20/2020,06:45:00 PM,x,1.05,17.19,17.15754167
01/20/2020,06:50:00 PM,x,1.05,17.24,17.0792625
01/20/2020,06:55:00 PM,x,1.05,17.29,16.96265
01/20/2020,07:00:00 PM,x,1.05,17.29,16.82937083
01/20/2020,07:05:00 PM,x,1.05,17.17,16.714425
01/20/2020,07:10:00 PM,x,1.05,16.97,16.6278125
01/20/2020,07:15:00 PM,x,1.04,16.72,16.58953333
01/20/2020,07:20:00 PM,x,1.04,16.54,16.59453333
01/20/2020,07:25:00 PM,x,1.04,16.49,16.6362
01/20/2020,07:30:00 PM,x,1.04,16.6,16.7012
01/20/2020,07:35:00 PM,x,1.04,16.65,16.75953333
01/20/2020,07:40:00 PM,x,1.04,16.74,16.79786667
01/20/2020,07:45:00 PM,x,1.04,16.75,16.77286667
01/20/2020,07:50:00 PM,x,1.04,16.79,16.69292083
01/20/2020,07:55:00 PM,x,1.04,16.88,16.57625417
01/20/2020,08:00:00 PM,x,1.04,16.95,16.43625417
01/20/2020,08:05:00 PM,x,1.04,16.88,16.28630833
01/20/2020,08:10:00 PM,x,1.04,16.59,16.15302917
01/20/2020,08:15:00 PM,x,1.03,16.27,16.06975
01/20/2020,08:20:00 PM,x,1.04,16.09,16.02969583
01/20/2020,08:25:00 PM,x,1.04,16.04,16.00308333
01/20/2020,08:30:00 PM,x,1.03,16.05,15.97147083
01/20/2020,08:35:00 PM,x,1.03,16.08,15.90980417
01/20/2020,08:40:00 PM,x,1.03,16.09,15.81647083
01/20/2020,08:45:00 PM,x,1.04,16.03,15.71480417
01/20/2020,08:50:00 PM,x,1.03,15.93,15.62319167
01/20/2020,08:55:00 PM,x,1.03,15.85,15.52819167
01/20/2020,09:00:00 PM,x,1.03,15.68,15.44819167
01/20/2020,09:05:00 PM,x,1.03,15.52,15.39819167
01/20/2020,09:10:00 PM,x,1.03,15.48,15.38157917
01/20/2020,09:15:00 PM,x,1.03,15.48,15.38496667
01/20/2020,09:20:00 PM,x,1.03,15.36,15.39163333
01/20/2020,09:25:00 PM,x,1.03,15.37,15.40663333
01/20/2020,09:30:00 PM,x,1.03,15.38,15.39663333
01/20/2020,09:35:00 PM,x,1.02,15.42,15.34835417
01/20/2020,09:40:00 PM,x,1.02,15.5,15.30163333
01/20/2020,09:45:00 PM,x,1.03,15.52,15.24996667
01/20/2020,09:50:00 PM,x,1.03,15.45,15.13502083
01/20/2020,09:55:00 PM,x,1.03,15.31,14.955075
01/20/2020,10:00:00 PM,x,1.02,15.09,14.7384625
01/20/2020,10:05:00 PM,x,1.03,15.14,14.51179583
01/20/2020,10:10:00 PM,x,1.02,15.19,14.2552375
01/20/2020,10:15:00 PM,x,1.02,14.83,14.028625
01/20/2020,10:20:00 PM,x,1.02,14.37,13.94029167
01/20/2020,10:25:00 PM,x,1.02,14.01,13.98029167
01/20/2020,10:30:00 PM,x,1.02,13.73,14.103625
01/20/2020,10:35:00 PM,x,1.01,13.6,14.273625
01/20/2020,10:40:00 PM,x,1.01,13.83,14.46690417
01/20/2020,10:45:00 PM,x,1.02,14.3,14.60851667
01/20/2020,10:50:00 PM,x,1.02,14.61,14.67185
01/20/2020,10:55:00 PM,x,1.02,14.75,14.68518333
01/20/2020,11:00:00 PM,x,1.02,14.75,14.67518333
01/20/2020,11:05:00 PM,x,1.02,14.76,14.65018333
01/20/2020,11:10:00 PM,x,1.02,14.68,14.59518333
01/20/2020,11:15:00 PM,x,1.02,14.68,14.53518333
01/20/2020,11:20:00 PM,x,1.02,14.69,14.43018333
01/20/2020,11:25:00 PM,x,1.02,14.69,14.27685
01/20/2020,11:30:00 PM,x,1.02,14.6,14.12018333
01/20/2020,11:35:00 PM,x,1.02,14.43,13.97685
01/20/2020,11:40:00 PM,x,1.02,14.32,13.85690417
01/20/2020,11:45:00 PM,x,1.02,14.05,13.75029167
01/20/2020,11:50:00 PM,x,1.02,13.77,13.69367917
01/20/2020,11:55:00 PM,x,1.02,13.75,13.64873333
01/21/2020,12:00:00 AM,x,1.02,13.74,13.5887875
01/21/2020,12:05:00 AM,x,1.01,13.71,13.54050833
01/21/2020,12:10:00 AM,x,1.01,13.68,13.4805625
01/21/2020,12:15:00 AM,x,1.01,13.71,13.4155625
01/21/2020,12:20:00 AM,x,1.01,13.5,13.33389583
01/21/2020,12:25:00 AM,x,1.01,13.39,13.28889583
01/21/2020,12:30:00 AM,x,1.01,13.45,13.2905625
01/21/2020,12:35:00 AM,x,1,13.35,13.2955625
01/21/2020,12:40:00 AM,x,1.01,13.29,13.34050833
01/21/2020,12:45:00 AM,x,1.01,13.22,13.41550833
01/21/2020,12:50:00 AM,x,1.01,13.23,13.50550833
01/21/2020,12:55:00 AM,x,1.01,13.4,13.597175
01/21/2020,01:00:00 AM,x,1.01,13.48,13.667175
01/21/2020,01:05:00 AM,x,1.01,13.62,13.72884167
01/21/2020,01:10:00 AM,x,1.01,13.74,13.757175
01/21/2020,01:15:00 AM,x,1.01,13.76,13.75212083
01/21/2020,01:20:00 AM,x,1.01,13.78,13.74545417
01/21/2020,01:25:00 AM,x,1.01,13.82,13.74712083
01/21/2020,01:30:00 AM,x,1.01,13.85,13.7504
01/21/2020,01:35:00 AM,x,1.01,13.79,13.74867917
01/21/2020,01:40:00 AM,x,1.02,13.71,13.76034583
01/21/2020,01:45:00 AM,x,1.01,13.72,13.8054
01/21/2020,01:50:00 AM,x,1.01,13.79,13.92367917
01/21/2020,01:55:00 AM,x,1.02,13.84,14.098625
01/21/2020,02:00:00 AM,x,1.02,13.84,14.288625
01/21/2020,02:05:00 AM,x,1.01,13.86,14.44029167
01/21/2020,02:10:00 AM,x,1.01,13.98,14.5402375
01/21/2020,02:15:00 AM,x,1.02,14.43,14.57690417
01/21/2020,02:20:00 AM,x,1.02,14.84,14.50029167
01/21/2020,02:25:00 AM,x,1.02,14.98,14.27706667
01/21/2020,02:30:00 AM,x,1.02,14.75,14.00212083
01/21/2020,02:35:00 AM,x,1.02,14.46,13.8105625
01/21/2020,02:40:00 AM,x,1.01,14.2,13.68561667
01/21/2020,02:45:00 AM,x,1.01,13.97,13.63561667
01/21/2020,02:50:00 AM,x,1,13.5,13.60228333
01/21/2020,02:55:00 AM,x,1.01,13.33,13.6255625
01/21/2020,03:00:00 AM,x,1,13.6,13.67395
01/21/2020,03:05:00 AM,x,1.01,13.71,13.71728333
01/21/2020,03:10:00 AM,x,1.01,13.9,13.75067083
01/21/2020,03:15:00 AM,x,1.01,13.77,13.76239167
01/21/2020,03:20:00 AM,x,1.01,13.64,13.795725
01/21/2020,03:25:00 AM,x,1,13.62,13.85239167
01/21/2020,03:30:00 AM,x,1,13.86,13.94067083
01/21/2020,03:35:00 AM,x,1,13.91,14.00561667
01/21/2020,03:40:00 AM,x,1,13.97,14.08722917
01/21/2020,03:45:00 AM,x,1.01,13.97,14.19050833
01/21/2020,03:50:00 AM,x,1.01,13.98,14.327175
01/21/2020,03:55:00 AM,x,1.01,14.15,14.462175
01/21/2020,04:00:00 AM,x,1.01,14.25,14.572175
01/21/2020,04:05:00 AM,x,1.01,14.4,14.61050833
01/21/2020,04:10:00 AM,x,1.01,14.59,14.58384167
01/21/2020,04:15:00 AM,x,1.01,14.79,14.512175
01/21/2020,04:20:00 AM,x,1.01,14.79,14.437175
01/21/2020,04:25:00 AM,x,1.01,14.81,14.342175
01/21/2020,04:30:00 AM,x,1.01,14.48,14.19384167
01/21/2020,04:35:00 AM,x,1.01,14.24,14.0255625
01/21/2020,04:40:00 AM,x,1.01,14.16,13.81728333
01/21/2020,04:45:00 AM,x,1.01,14.34,13.55739167
01/21/2020,04:50:00 AM,x,1.01,14.22,13.2375
01/21/2020,04:55:00 AM,x,1.01,13.92,12.97094167
01/21/2020,05:00:00 AM,x,1,13.47,12.74605
01/21/2020,05:05:00 AM,x,1,12.99,12.56610417
01/21/2020,05:10:00 AM,x,0.99,12.6,12.452825
01/21/2020,05:15:00 AM,x,0.99,12.42,12.447825
01/21/2020,05:20:00 AM,x,0.99,12.62,12.5644375
01/21/2020,05:25:00 AM,x,0.99,12.57,12.67605
01/21/2020,05:30:00 AM,x,0.99,12.39,12.799275
01/21/2020,05:35:00 AM,x,0.99,12.31,12.95077917
01/21/2020,05:40:00 AM,x,0.99,12.57,13.130075
01/21/2020,05:45:00 AM,x,1,13.12,13.2957
01/21/2020,05:50:00 AM,x,1,13.29,13.35617917
01/21/2020,05:55:00 AM,x,1.01,13.31,13.37398333
01/21/2020,06:00:00 AM,x,1.02,13.3,13.3863875
01/21/2020,06:05:00 AM,x,1.12,13.39,13.39815
01/21/2020,06:10:00 AM,0,1.49,13.58,13.43954583
01/21/2020,06:15:00 AM,0,2.45,13.53,13.46601667
01/21/2020,06:20:00 AM,0.02,4.79,13.52,13.49496667
01/21/2020,06:25:00 AM,0.1,6.72,13.57,13.51102083
01/21/2020,06:30:00 AM,0.22,9.31,13.64,13.57733333
01/21/2020,06:35:00 AM,0.48,13.17,14.03,13.65674583
01/21/2020,06:40:00 AM,0.96,19.68,14.33,13.80915
01/21/2020,06:45:00 AM,1.84,32.49,14.68,13.96124167
01/21/2020,06:50:00 AM,3.08,51.98,15.15,14.05825417
01/21/2020,06:55:00 AM,3.52,54.17,15.51,14.24365833
01/21/2020,07:00:00 AM,3.4,51.88,15.5,14.43649583
01/21/2020,07:05:00 AM,2.18,38.88,15.78,14.62345833
01/21/2020,07:10:00 AM,1.74,33.14,15.68,14.6663125
01/21/2020,07:15:00 AM,3.38,58.58,16.11,14.899625
01/21/2020,07:20:00 AM,4.25,71.29,16.89,15.22705417
01/21/2020,07:25:00 AM,4.57,75.8,17.37,15.33880833
01/21/2020,07:30:00 AM,4.86,79.21,17.51,15.16792917
01/21/2020,07:35:00 AM,7.3,113.43,18.46,15.1643
01/21/2020,07:40:00 AM,6.48,102.99,19.35,15.567625
01/21/2020,07:45:00 AM,6.55,103.67,19.54,16.08122083
01/21/2020,07:50:00 AM,9.54,153.12,20.22,16.84274167
01/21/2020,07:55:00 AM,15.62,268.27,22.6,17.59562083
01/21/2020,08:00:00 AM,17.63,339.88,25.96,18.83327917
01/21/2020,08:05:00 AM,20.06,374.97,29.38,20.1882125
01/21/2020,08:10:00 AM,20.33,372.48,31.19,20.63427917
01/21/2020,08:15:00 AM,18.79,348.62,32.07,21.27235
01/21/2020,08:20:00 AM,21.17,383.05,32.21,21.93482917
01/21/2020,08:25:00 AM,21.95,397.01,34.21,22.18515417
01/21/2020,08:30:00 AM,16.86,304.2,32.93,22.11304583
01/21/2020,08:35:00 AM,25.88,465.85,35.01,21.54384583
01/21/2020,08:40:00 AM,21.38,390.99,35.62,21.41093333
01/21/2020,08:45:00 AM,17.04,300.47,34.48,21.06326667
01/21/2020,08:50:00 AM,17.08,282.99,30.46,20.14659167
01/21/2020,08:55:00 AM,15.13,246.63,28.89,19.69865
01/21/2020,09:00:00 AM,13.34,212.36,26.53,19.1535125
01/21/2020,09:05:00 AM,13.91,234.08,26.68,18.61227917
01/21/2020,09:10:00 AM,9.34,135.79,25.24,17.4746375
01/21/2020,09:15:00 AM,9.36,130.01,23.44,16.48832083
01/21/2020,09:20:00 AM,8.06,114.61,22.3,17.2614125
01/21/2020,09:25:00 AM,9.01,134.04,21.96,17.15587917
01/21/2020,09:30:00 AM,13.31,208.28,23.15,17.72629167
01/21/2020,09:35:00 AM,29.03,490.26,28.18,18.85021667
01/21/2020,09:40:00 AM,40.18,651.11,36.07,20.97901667
01/21/2020,09:45:00 AM,32.21,510.67,40.45,22.93947083
01/21/2020,09:50:00 AM,44.23,733.17,41.77,23.82883333
01/21/2020,09:55:00 AM,48.12,807.81,47.28,25.89559167
01/21/2020,10:00:00 AM,51.79,878.94,51.69,26.48208333
01/21/2020,10:05:00 AM,51.17,868.02,53.23,26.18635833
01/21/2020,10:10:00 AM,48.6,841.18,54.01,24.3101125
01/21/2020,10:15:00 AM,30.53,550.48,47.08,22.31224167
01/21/2020,10:20:00 AM,8.09,128.23,34.51,19.94295417
01/21/2020,10:25:00 AM,9.19,136.15,28.97,17.48569167
01/21/2020,10:30:00 AM,13,188.92,27.49,15.80677083
01/21/2020,10:35:00 AM,30.78,504.25,30.15,14.53605417
01/21/2020,10:40:00 AM,48.13,753.71,39.18,14.62430417
01/21/2020,10:45:00 AM,53.22,860.81,42.95,16.4569875
01/21/2020,10:50:00 AM,56.8,928.34,45.77,18.19644583
01/21/2020,10:55:00 AM,58.52,946.72,45.24,18.73211667
01/21/2020,11:00:00 AM,60.89,993.36,46.01,19.94210833
01/21/2020,11:05:00 AM,58.31,939.65,44.83,21.3602375
01/21/2020,11:10:00 AM,35.02,533.83,43.03,22.7927
01/21/2020,11:15:00 AM,22.34,324.91,35.97,22.058675
01/21/2020,11:20:00 AM,31.69,466.37,33.97,21.39380833
01/21/2020,11:25:00 AM,26.7,392.26,34.48,21.56172083
01/21/2020,11:30:00 AM,25.87,373.09,34.36,20.8304125
01/21/2020,11:35:00 AM,25.38,362.58,34.67,20.10079583
01/21/2020,11:40:00 AM,25.76,365.65,33.16,20.3534125
01/21/2020,11:45:00 AM,24.62,348.27,32.74,21.28234167
01/21/2020,11:50:00 AM,30.24,434.14,33.93,22.22595417
01/21/2020,11:55:00 AM,40.49,598.04,36.78,23.12817917
01/21/2020,12:00:00 PM,46.5,702.25,40.68,23.95187083
01/21/2020,12:05:00 PM,31.86,495.02,40.49,24.32044583
01/21/2020,12:10:00 PM,13.85,225.54,34.18,23.13595833
01/21/2020,12:15:00 PM,3.79,70.68,29.38,21.28463333
01/21/2020,12:20:00 PM,0.67,18.96,25.85,19.30034167
01/21/2020,12:25:00 PM,0.13,7.82,22.54,17.59042083
01/21/2020,12:30:00 PM,0.06,5.59,20.25,16.33228333
01/21/2020,12:35:00 PM,0.1,6.31,17.5,15.35120417
01/21/2020,12:40:00 PM,0.11,6.4,15.95,14.82884583
01/21/2020,12:45:00 PM,0.19,7.78,15.43,14.53363333
01/21/2020,12:50:00 PM,0.61,14.33,15.44,14.255275
01/21/2020,12:55:00 PM,1.09,21.63,15.44,14.0586125
01/21/2020,01:00:00 PM,1.8,31.02,15.19,13.89025
01/21/2020,01:05:00 PM,1.67,30.13,15.14,13.79837917
01/21/2020,01:10:00 PM,1.12,23.67,14.74,13.66109167
01/21/2020,01:15:00 PM,1.16,24.4,14.3,13.5167
01/21/2020,01:20:00 PM,0.64,15.56,14.3,13.4792375
01/21/2020,01:25:00 PM,0.46,13.02,14.15,13.36422917
01/21/2020,01:30:00 PM,0.29,10.75,13.98,13.24972083
01/21/2020,01:35:00 PM,0.31,10.86,13.69,13.148425
01/21/2020,01:40:00 PM,0.61,15.25,13.6,13.05209583
01/21/2020,01:45:00 PM,0.46,13.47,13.72,13.00992917
01/21/2020,01:50:00 PM,0.43,13.1,13.53,12.87666667
01/21/2020,01:55:00 PM,0.77,18.16,13.63,12.63945417
01/21/2020,02:00:00 PM,1.63,28.22,13.94,12.33444167
01/21/2020,02:05:00 PM,3,46.49,14.27,12.05631667
01/21/2020,02:10:00 PM,4.48,63.65,14.92,12.11174167
01/21/2020,02:15:00 PM,6.73,94.38,15.55,12.2898
01/21/2020,02:20:00 PM,10.86,147.97,16.49,12.698625
01/21/2020,02:25:00 PM,15.66,206.47,17.92,13.2795875
01/21/2020,02:30:00 PM,22.27,265.72,19.99,14.1236875
01/21/2020,02:35:00 PM,28.07,287.95,22.45,15.0487
01/21/2020,02:40:00 PM,28.3,310.47,24.01,15.54659583
01/21/2020,02:45:00 PM,29.51,315.52,25.19,15.86489583
01/21/2020,02:50:00 PM,36.01,300.1,24.92,16.09908333
01/21/2020,02:55:00 PM,26.9,256.79,24.62,16.233675
01/21/2020,03:00:00 PM,21,237.41,24.62,15.7987
01/21/2020,03:05:00 PM,16.91,222.8,23.32,15.43065417
01/21/2020,03:10:00 PM,13.49,188.63,21.96,15.36953333
01/21/2020,03:15:00 PM,11.41,163.67,21.66,15.5775625
01/21/2020,03:20:00 PM,11.98,159.56,21.16,15.915425
01/21/2020,03:25:00 PM,22.82,240.17,21.47,16.41394167
01/21/2020,03:30:00 PM,26.51,266.28,23.35,17.2069625
01/21/2020,03:35:00 PM,25.16,259.93,24.16,17.72654583
01/21/2020,03:40:00 PM,22.26,246.84,25.1,17.91785833
01/21/2020,03:45:00 PM,16.81,196.68,24.76,17.848925
01/21/2020,03:50:00 PM,10.07,141.68,23.57,17.48592917
01/21/2020,03:55:00 PM,8.1,119.92,22.32,17.053875
01/21/2020,04:00:00 PM,8.16,119.28,21.69,16.87252083
01/21/2020,04:05:00 PM,7.85,115.38,20.61,16.79273333
01/21/2020,04:10:00 PM,7.19,105.72,20.1,16.81095
01/21/2020,04:15:00 PM,7.63,112.31,19.84,16.87440417
01/21/2020,04:20:00 PM,7.67,115.29,20.12,17.041275
01/21/2020,04:25:00 PM,5.36,84.17,20.07,17.13102917
01/21/2020,04:30:00 PM,4.46,70.01,19.61,17.0502125
01/21/2020,04:35:00 PM,4.42,68.94,19.21,16.96928333
01/21/2020,04:40:00 PM,4.61,69.39,19.3,16.89079583
01/21/2020,04:45:00 PM,4.52,64.58,19.29,16.84476667
01/21/2020,04:50:00 PM,5.34,70.72,19.21,16.761175
01/21/2020,04:55:00 PM,5.89,75.09,19.29,16.72447083
01/21/2020,05:00:00 PM,6.55,75.72,19.31,16.73163333
01/21/2020,05:05:00 PM,7.44,75.43,18.95,16.70882083
01/21/2020,05:10:00 PM,6.17,61.58,18.77,16.76112917
01/21/2020,05:15:00 PM,4.91,52.32,18.39,16.789825
01/21/2020,05:20:00 PM,4.26,51.65,18.37,16.78120417
01/21/2020,05:25:00 PM,2.44,33.46,17.98,16.71044167
01/21/2020,05:30:00 PM,1.33,21.47,17.41,16.59542917
01/21/2020,05:35:00 PM,0.65,12.85,17.23,16.5330375
01/21/2020,05:40:00 PM,0.35,8.59,17.22,16.47660417
01/21/2020,05:45:00 PM,0.24,7.45,16.88,16.3931375
01/21/2020,05:50:00 PM,0.14,6.56,16.48,16.34119167
01/21/2020,05:55:00 PM,0.11,5.77,16.39,16.36114583
01/21/2020,06:00:00 PM,0.01,3.45,16.45,16.36676667
01/21/2020,06:05:00 PM,0,1.73,16.53,16.28815417
01/21/2020,06:10:00 PM,0,1.23,16.48,16.12355833
01/21/2020,06:15:00 PM,0,1.04,16.36,15.96792083
01/21/2020,06:20:00 PM,0,1.03,16.42,15.87125417
01/21/2020,06:25:00 PM,x,1.04,16.27,15.80453333
01/21/2020,06:30:00 PM,x,1.04,15.9,15.7612
01/21/2020,06:35:00 PM,x,1.04,15.52,15.7662
01/21/2020,06:40:00 PM,x,1.04,15.54,15.81453333
01/21/2020,06:45:00 PM,x,1.04,15.78,15.8662
01/21/2020,06:50:00 PM,x,1.04,16.02,15.88625417
01/21/2020,06:55:00 PM,x,1.04,16.01,15.85792083
01/21/2020,07:00:00 PM,x,1.04,15.93,15.82292083
01/21/2020,07:05:00 PM,x,1.04,15.81,15.77964167
01/21/2020,07:10:00 PM,x,1.04,15.85,15.7013625
01/21/2020,07:15:00 PM,x,1.03,15.9,15.59141667
01/21/2020,07:20:00 PM,x,1.04,15.85,15.49641667
01/21/2020,07:25:00 PM,x,1.04,15.8,15.42980417
01/21/2020,07:30:00 PM,x,1.03,15.67,15.38485833
01/21/2020,07:35:00 PM,x,1.03,15.34,15.37485833
01/21/2020,07:40:00 PM,x,1.03,15.19,15.39319167
01/21/2020,07:45:00 PM,x,1.03,15.33,15.38985833
01/21/2020,07:50:00 PM,x,1.03,15.45,15.34824583
01/21/2020,07:55:00 PM,x,1.03,15.53,15.27996667
01/21/2020,08:00:00 PM,x,1.03,15.61,15.20835417
01/21/2020,08:05:00 PM,x,1.03,15.45,15.13840833
01/21/2020,08:10:00 PM,x,1.03,15.17,15.06012917
01/21/2020,08:15:00 PM,x,1.02,15.08,15.00679583
01/21/2020,08:20:00 PM,x,1.02,15.04,14.99512917
01/21/2020,08:25:00 PM,x,1.02,15.1,14.96679583
01/21/2020,08:30:00 PM,x,1.02,15.19,14.90512917
01/21/2020,08:35:00 PM,x,1.02,14.98,14.7834625
01/21/2020,08:40:00 PM,x,1.03,14.85,14.70679583
01/21/2020,08:45:00 PM,x,1.02,15.01,14.68851667
01/21/2020,08:50:00 PM,x,1.02,14.87,14.62518333
01/21/2020,08:55:00 PM,x,1.02,14.73,14.56351667
01/21/2020,09:00:00 PM,x,1.02,14.46,14.53351667
01/21/2020,09:05:00 PM,x,1.02,14.52,14.53851667
01/21/2020,09:10:00 PM,x,1.02,14.74,14.53851667
01/21/2020,09:15:00 PM,x,1.02,14.63,14.51351667
01/21/2020,09:20:00 PM,x,1.02,14.5,14.50018333
01/21/2020,09:25:00 PM,x,1.02,14.55,14.50518333
01/21/2020,09:30:00 PM,x,1.02,14.49,14.47518333
01/21/2020,09:35:00 PM,x,1.02,14.52,14.42018333
01/21/2020,09:40:00 PM,x,1.02,14.59,14.36018333
01/21/2020,09:45:00 PM,x,1.02,14.55,14.27851667
01/21/2020,09:50:00 PM,x,1.02,14.53,14.19351667
01/21/2020,09:55:00 PM,x,1.02,14.37,14.10518333
01/21/2020,10:00:00 PM,x,1.02,14.16,14.02690417
01/21/2020,10:05:00 PM,x,1.02,14.16,13.9752375
01/21/2020,10:10:00 PM,x,1.02,14.1,13.92690417
01/21/2020,10:15:00 PM,x,1.02,14.04,13.91190417
01/21/2020,10:20:00 PM,x,1.02,14,13.85695833
01/21/2020,10:25:00 PM,x,1.01,13.9,13.7020125
01/21/2020,10:30:00 PM,x,1.02,13.85,13.52534583
01/21/2020,10:35:00 PM,x,1.02,13.87,13.3554
01/21/2020,10:40:00 PM,x,1.02,14.01,13.21212083
01/21/2020,10:45:00 PM,x,1.01,13.71,13.05884167
01/21/2020,10:50:00 PM,x,1.01,13.07,12.96050833
01/21/2020,10:55:00 PM,x,1.01,12.84,12.97050833
01/21/2020,11:00:00 PM,x,1.01,12.83,12.93889583
01/21/2020,11:05:00 PM,x,1.01,13.01,12.85728333
01/21/2020,11:10:00 PM,x,1.01,13.09,12.7223375
01/21/2020,11:15:00 PM,x,1.01,13.12,12.560725
01/21/2020,11:20:00 PM,x,1.01,13.13,12.36577917
01/21/2020,11:25:00 PM,x,1,12.65,12.13416667
01/21/2020,11:30:00 PM,x,1,12.34,11.9575
01/21/2020,11:35:00 PM,x,1,12.2,11.8875
01/21/2020,11:40:00 PM,x,1,12.12,11.8175
01/21/2020,11:45:00 PM,x,1,11.95,11.7275
01/21/2020,11:50:00 PM,x,1,11.74,11.6325
01/21/2020,11:55:00 PM,x,1,11.59,11.5575
