Fecha,Hora,Potencia [kW],Insolaci¢n [W/mý],Temperatura de modulos [øC],Temperatura ambiente [øC]
02/19/2020,12:00:00 AM,x,1.01,15.04,15.03884167
02/19/2020,12:05:00 AM,x,1.01,15.07,14.997175
02/19/2020,12:10:00 AM,x,1.01,15.15,14.972175
02/19/2020,12:15:00 AM,x,1.01,15.18,14.96050833
02/19/2020,12:20:00 AM,x,1.01,15.11,14.950175
02/19/2020,12:25:00 AM,x,1.01,14.88,14.94353864
02/19/2020,12:30:00 AM,x,1.01,14.78,14.94172045
02/19/2020,12:35:00 AM,x,1.01,14.83,14.94987273
02/19/2020,12:40:00 AM,x,1.01,14.9,14.92078182
02/19/2020,12:45:00 AM,x,1.01,14.89,14.86169091
02/19/2020,12:50:00 AM,x,1.01,14.91,14.80987273
02/19/2020,12:55:00 AM,x,1.01,15.02,14.76896364
02/19/2020,01:00:00 AM,x,1.02,15.16,14.7226
02/19/2020,01:05:00 AM,x,1.01,14.83,14.69350909
02/19/2020,01:10:00 AM,x,1.01,14.53,14.68623636
02/19/2020,01:15:00 AM,x,1.01,14.54,14.70169091
02/19/2020,01:20:00 AM,x,1.01,14.43,14.72441818
02/19/2020,01:25:00 AM,x,1.01,14.27,14.74169091
02/19/2020,01:30:00 AM,x,1.01,14.51,14.747175
02/19/2020,01:35:00 AM,x,1.01,14.82,14.7926
02/19/2020,01:40:00 AM,x,1.01,15.06,14.868025
02/19/2020,01:45:00 AM,x,1.01,15.16,14.93617727
02/19/2020,01:50:00 AM,x,1.01,15.21,15.01981364
02/19/2020,01:55:00 AM,x,1.01,15.22,15.11254091
02/19/2020,02:00:00 AM,x,1.02,15.33,15.17254091
02/19/2020,02:05:00 AM,x,1.02,15.36,15.19254091
02/19/2020,02:10:00 AM,x,1.02,15.29,15.17799545
02/19/2020,02:15:00 AM,x,1.01,15.35,15.15617727
02/19/2020,02:20:00 AM,x,1.01,15.29,15.13345
02/19/2020,02:25:00 AM,x,1.01,15.17,15.11345
02/19/2020,02:30:00 AM,x,1.01,15.04,15.10347955
02/19/2020,02:35:00 AM,x,1.01,14.9,15.09623636
02/19/2020,02:40:00 AM,x,1.01,14.92,15.087175
02/19/2020,02:45:00 AM,x,1.01,14.96,15.06899318
02/19/2020,02:50:00 AM,x,1.01,15,15.05626591
02/19/2020,02:55:00 AM,x,1.01,15.22,15.06081136
02/19/2020,03:00:00 AM,x,1.01,15.28,15.06714545
02/19/2020,03:05:00 AM,x,1.01,15.19,15.07078182
02/19/2020,03:10:00 AM,x,1.01,15.15,15.07805455
02/19/2020,03:15:00 AM,x,1.01,15.15,15.06896364
02/19/2020,03:20:00 AM,x,1.01,15.22,15.05078182
02/19/2020,03:25:00 AM,x,1.02,15.11,15.02353864
02/19/2020,03:30:00 AM,x,1.01,14.94,15.00172045
02/19/2020,03:35:00 AM,x,1.01,15,14.98993182
02/19/2020,03:40:00 AM,x,1.01,14.86,14.97720455
02/19/2020,03:45:00 AM,x,1.01,14.8,14.96538636
02/19/2020,03:50:00 AM,x,1,14.92,14.93814318
02/19/2020,03:55:00 AM,x,1.01,15.04,14.91729318
02/19/2020,04:00:00 AM,x,1,15.06,14.90911136
02/19/2020,04:05:00 AM,x,1.01,15.01,14.89005
02/19/2020,04:10:00 AM,x,1.01,15.02,14.89098864
02/19/2020,04:15:00 AM,x,1,14.92,14.90192727
02/19/2020,04:20:00 AM,x,1,14.88,14.90738182
02/19/2020,04:25:00 AM,x,1.01,14.85,14.89195682
02/19/2020,04:30:00 AM,x,1,14.79,14.87559318
02/19/2020,04:35:00 AM,x,1,14.87,14.85744091
02/19/2020,04:40:00 AM,x,1,14.92,14.83110682
02/19/2020,04:45:00 AM,x,1,14.98,14.82837955
02/19/2020,04:50:00 AM,x,1,14.87,14.82565227
02/19/2020,04:55:00 AM,x,1,14.88,14.81840909
02/19/2020,05:00:00 AM,x,1,14.81,14.81477273
02/19/2020,05:05:00 AM,x,1,14.73,14.81568182
02/19/2020,05:10:00 AM,x,1,14.89,14.8075
02/19/2020,05:15:00 AM,x,1,14.85,14.7975
02/19/2020,05:20:00 AM,x,1,14.77,14.81113636
02/19/2020,05:25:00 AM,x,1,14.75,14.83019773
02/19/2020,05:30:00 AM,x,1,14.88,14.85198636
02/19/2020,05:35:00 AM,x,1,14.83,14.89104773
02/19/2020,05:40:00 AM,x,1,14.87,14.90450682
02/19/2020,05:45:00 AM,x,1,15.02,14.89576364
02/19/2020,05:50:00 AM,x,1.01,15.09,14.88212045
02/19/2020,05:55:00 AM,x,1.01,15.05,14.88503409
02/19/2020,06:00:00 AM,x,1.01,15.16,14.89968182
02/19/2020,06:05:00 AM,x,1.06,15.04,14.91864773
02/19/2020,06:10:00 AM,0,1.19,14.76,14.94908182
02/19/2020,06:15:00 AM,0,1.31,14.63,14.97553182
02/19/2020,06:20:00 AM,0,1.86,14.81,14.96519318
02/19/2020,06:25:00 AM,0.04,4.35,15.15,14.95471818
02/19/2020,06:30:00 AM,0.26,9.35,15.31,14.94144545
02/19/2020,06:35:00 AM,0.01,3.93,15.3,14.94921136
02/19/2020,06:40:00 AM,0,3.74,15.4,14.98486364
02/19/2020,06:45:00 AM,0.29,9.74,15.26,14.96754773
02/19/2020,06:50:00 AM,1.01,19.94,15.55,14.90978182
02/19/2020,06:55:00 AM,1.13,21.81,15.69,14.85157955
02/19/2020,07:00:00 AM,1.25,23.97,15.87,14.83013864
02/19/2020,07:05:00 AM,1.79,32.2,16.16,14.789575
02/19/2020,07:10:00 AM,4.13,65.94,16.54,14.518375
02/19/2020,07:15:00 AM,4.94,74.95,16.55,14.14953182
02/19/2020,07:20:00 AM,3.88,61.28,16.36,13.71210682
02/19/2020,07:25:00 AM,4.26,65.53,16.9,13.13106136
02/19/2020,07:30:00 AM,5.33,82.89,17.42,12.58768409
02/19/2020,07:35:00 AM,8.45,126.3,16.4,11.68387273
02/19/2020,07:40:00 AM,7.66,111.81,14.52,11.7244
02/19/2020,07:45:00 AM,7.21,121.53,14.04,12.22546818
02/19/2020,07:50:00 AM,13.01,228.01,16,12.83388409
02/19/2020,07:55:00 AM,15.28,272.19,17.96,13.03700682
02/19/2020,08:00:00 AM,33.8,645.49,26.15,13.88377727
02/19/2020,08:05:00 AM,30.68,575.3,33.54,14.88871591
02/19/2020,08:10:00 AM,24.11,429.05,33.57,16.10958864
02/19/2020,08:15:00 AM,22.66,395.97,33.93,17.09416591
02/19/2020,08:20:00 AM,32.71,591.55,36.23,18.10374318
02/19/2020,08:25:00 AM,26.41,451.06,38.7,19.06809773
02/19/2020,08:30:00 AM,24.58,411.09,36.71,20.23361591
02/19/2020,08:35:00 AM,12.97,208.13,31.08,20.44020227
02/19/2020,08:40:00 AM,11.71,174.75,26.6,20.09056818
02/19/2020,08:45:00 AM,11.53,171.23,25.26,19.44233864
02/19/2020,08:50:00 AM,9.55,140.87,24.3,18.17387273
02/19/2020,08:55:00 AM,10.02,151.93,22.93,15.93965
02/19/2020,09:00:00 AM,11.88,179.84,22.96,15.44282955
02/19/2020,09:05:00 AM,16.16,243.08,23.68,13.82388864
02/19/2020,09:10:00 AM,17.59,262.14,22.45,13.42929091
02/19/2020,09:15:00 AM,36.77,597.8,22.48,12.94987273
02/19/2020,09:20:00 AM,58.81,1005.72,32.15,12.986325
02/19/2020,09:25:00 AM,30.24,483.86,33.61,13.44675227
02/19/2020,09:30:00 AM,54.48,929.31,36.71,14.1871
02/19/2020,09:35:00 AM,38.98,650.46,37.72,14.74039773
02/19/2020,09:40:00 AM,50.15,842.11,41.79,15.30233409
02/19/2020,09:45:00 AM,39.32,668.84,41.86,16.903525
02/19/2020,09:50:00 AM,35.71,575.17,41.75,18.79088182
02/19/2020,09:55:00 AM,19.3,304.03,35.14,19.085575
02/19/2020,10:00:00 AM,14.05,219.81,29.01,20.48059318
02/19/2020,10:05:00 AM,14.88,230.1,27.59,20.81026364
02/19/2020,10:10:00 AM,13.9,202.32,27.24,21.33678409
02/19/2020,10:15:00 AM,13.6,203.23,26.83,21.41598182
02/19/2020,10:20:00 AM,11.82,167.81,26.58,21.12878409
02/19/2020,10:25:00 AM,6.86,101.15,25.14,20.64514091
02/19/2020,10:30:00 AM,8.57,132.11,24.5,20.41505682
02/19/2020,10:35:00 AM,8.66,130.98,24.47,20.39995
02/19/2020,10:40:00 AM,5.24,82.65,23.68,20.26985227
02/19/2020,10:45:00 AM,6.43,99.76,23.14,20.08767273
02/19/2020,10:50:00 AM,5.78,88.34,22.81,19.67813409
02/19/2020,10:55:00 AM,7.19,106.3,22.79,19.04852727
02/19/2020,11:00:00 AM,5.81,86.29,22.75,18.46446136
02/19/2020,11:05:00 AM,6.49,101.43,22.53,18.61758636
02/19/2020,11:10:00 AM,8.62,127.66,22.37,18.72865
02/19/2020,11:15:00 AM,12.38,185.5,22.65,18.91462727
02/19/2020,11:20:00 AM,22.13,317.94,25.26,18.81011364
02/19/2020,11:25:00 AM,33.96,491.64,29.76,18.64147273
02/19/2020,11:30:00 AM,17.8,258.23,30.29,18.5139
02/19/2020,11:35:00 AM,15.32,230.29,29.7,18.672225
02/19/2020,11:40:00 AM,11.93,182.66,27.88,18.72440227
02/19/2020,11:45:00 AM,16.66,249.56,26.9,18.75314545
02/19/2020,11:50:00 AM,21.88,333.84,28.33,18.47361136
02/19/2020,11:55:00 AM,26.05,375.93,30.76,18.07575227
02/19/2020,12:00:00 PM,23.93,342.92,32.12,17.09300455
02/19/2020,12:05:00 PM,22.13,314,29,16.36915227
02/19/2020,12:10:00 PM,16.38,233.31,24.52,15.67795227
02/19/2020,12:15:00 PM,19.24,290.09,21.28,15.19371136
02/19/2020,12:20:00 PM,18.28,270.3,18.19,14.90494091
02/19/2020,12:25:00 PM,18.42,255.16,19.38,14.661775
02/19/2020,12:30:00 PM,15.91,225.44,21.58,14.17678636
02/19/2020,12:35:00 PM,18.97,265.22,22.96,14.03515455
02/19/2020,12:40:00 PM,25.28,354.38,24.98,14.12307045
02/19/2020,12:45:00 PM,28.58,415.27,27.8,14.80957045
02/19/2020,12:50:00 PM,26.29,382.54,28.3,15.48745909
02/19/2020,12:55:00 PM,26.82,395.07,28.48,16.045175
02/19/2020,01:00:00 PM,27.55,406.86,30.46,16.35903636
02/19/2020,01:05:00 PM,27.44,397.4,30.82,16.69388182
02/19/2020,01:10:00 PM,21.26,307.89,29.41,17.14142955
02/19/2020,01:15:00 PM,19.68,299.63,26.6,17.28848182
02/19/2020,01:20:00 PM,22.37,327.01,27.85,17.32521591
02/19/2020,01:25:00 PM,24.19,367.21,29.64,17.85860682
02/19/2020,01:30:00 PM,28.99,431.58,32.05,18.44005227
02/19/2020,01:35:00 PM,30.44,447.21,32.92,18.80738409
02/19/2020,01:40:00 PM,27.94,403.96,29.05,18.78242045
02/19/2020,01:45:00 PM,30.23,439.03,30.54,18.78060909
02/19/2020,01:50:00 PM,23.41,338.23,32.5,18.67345682
02/19/2020,01:55:00 PM,15.76,229.14,31.08,18.53542955
02/19/2020,02:00:00 PM,13.64,201.38,28.49,18.31987045
02/19/2020,02:05:00 PM,13.84,197.57,25.55,18.23888864
02/19/2020,02:10:00 PM,16.87,247.32,24.88,18.05448864
02/19/2020,02:15:00 PM,19.72,288.2,25.41,17.59073182
02/19/2020,02:20:00 PM,21.07,310.85,26.29,16.75362727
02/19/2020,02:25:00 PM,23.8,339,26.67,15.97732955
02/19/2020,02:30:00 PM,18.6,259.85,25.94,15.32784773
02/19/2020,02:35:00 PM,20.08,278.68,22.95,14.90792273
02/19/2020,02:40:00 PM,33.11,389.84,23.84,14.80060909
02/19/2020,02:45:00 PM,24.37,333.25,23.13,14.76627727
02/19/2020,02:50:00 PM,20.52,236.81,22.79,14.58481818
02/19/2020,02:55:00 PM,16.8,213.82,21.75,14.45374091
02/19/2020,03:00:00 PM,15.14,226.16,21.86,14.23213864
02/19/2020,03:05:00 PM,12.73,189.18,21.81,14.37943636
02/19/2020,03:10:00 PM,9.77,151.82,20.6,14.7706
02/19/2020,03:15:00 PM,9,141.19,18.78,15.01601818
02/19/2020,03:20:00 PM,11.78,179.98,20.06,15.12930455
02/19/2020,03:25:00 PM,12.66,196.7,21.45,15.31840682
02/19/2020,03:30:00 PM,13.03,192.21,21.76,15.44819318
02/19/2020,03:35:00 PM,15,199.6,21.96,15.58213636
02/19/2020,03:40:00 PM,15.19,217.57,22.07,15.64953636
02/19/2020,03:45:00 PM,13.16,191.39,22.56,15.86598864
02/19/2020,03:50:00 PM,12.97,171.97,22.47,16.09017727
02/19/2020,03:55:00 PM,16.54,210.54,22.78,16.27360227
02/19/2020,04:00:00 PM,13.21,171.23,22.7,16.39852045
02/19/2020,04:05:00 PM,14.77,180.7,22.28,16.48993182
02/19/2020,04:10:00 PM,13.52,173.16,22.2,16.56051591
02/19/2020,04:15:00 PM,12.84,166.87,22.1,16.52523182
02/19/2020,04:20:00 PM,12.72,150.31,21.96,16.44304318
02/19/2020,04:25:00 PM,13.14,153.93,21.89,16.46409091
02/19/2020,04:30:00 PM,14.28,159.43,21.66,16.36960909
02/19/2020,04:35:00 PM,15.58,149.68,20.64,16.32926136
02/19/2020,04:40:00 PM,12.4,135.64,20.36,16.26216136
02/19/2020,04:45:00 PM,11.71,123.48,19.99,16.18537273
02/19/2020,04:50:00 PM,8.6,109.57,19.73,16.088775
02/19/2020,04:55:00 PM,7.82,101.67,19.4,16.01412727
02/19/2020,05:00:00 PM,7.61,100.51,19.23,15.96398409
02/19/2020,05:05:00 PM,6.95,94.64,18.91,15.97444091
02/19/2020,05:10:00 PM,6.71,88.86,18.72,15.96846364
02/19/2020,05:15:00 PM,6.36,83.62,18.73,15.95948182
02/19/2020,05:20:00 PM,5.04,70.58,18.36,15.91837045
02/19/2020,05:25:00 PM,4,57.94,17.81,15.87243636
02/19/2020,05:30:00 PM,3.42,48.91,17.48,15.84213864
02/19/2020,05:35:00 PM,2.86,40.74,17.21,15.85193409
02/19/2020,05:40:00 PM,2.4,34.52,17,15.85472727
02/19/2020,05:45:00 PM,2.22,32.1,16.76,15.82279545
02/19/2020,05:50:00 PM,1.97,30.14,16.57,15.76004318
02/19/2020,05:55:00 PM,2.17,31.38,16.65,15.70305682
02/19/2020,06:00:00 PM,1.2,19.94,16.59,15.64786136
02/19/2020,06:05:00 PM,0.62,12.53,16.27,15.58430682
02/19/2020,06:10:00 PM,0.22,6.12,15.86,15.49777045
02/19/2020,06:15:00 PM,0.1,5.05,15.54,15.40044773
02/19/2020,06:20:00 PM,0.11,4.92,15.46,15.30827273
02/19/2020,06:25:00 PM,0,1.13,15.32,15.20700455
02/19/2020,06:30:00 PM,0,1.02,15.22,15.07193636
02/19/2020,06:35:00 PM,0,1.04,14.96,14.95318636
02/19/2020,06:40:00 PM,x,1.04,14.68,14.85277045
02/19/2020,06:45:00 PM,x,1.03,14.61,14.76555682
02/19/2020,06:50:00 PM,x,1.04,14.55,14.67705
02/19/2020,06:55:00 PM,x,1.04,14.49,14.59189091
02/19/2020,07:00:00 PM,x,1.03,14.59,14.48277045
02/19/2020,07:05:00 PM,x,1.03,14.59,14.37734545
02/19/2020,07:10:00 PM,x,1.03,14.45,14.29467727
02/19/2020,07:15:00 PM,x,1.03,14.36,14.22104091
02/19/2020,07:20:00 PM,x,1.03,14.38,14.146525
02/19/2020,07:25:00 PM,x,1.03,14.02,14.03840227
02/19/2020,07:30:00 PM,x,1.03,13.8,13.89661364
02/19/2020,07:35:00 PM,x,1.02,13.77,13.73664318
02/19/2020,07:40:00 PM,x,1.03,13.8,13.57121818
02/19/2020,07:45:00 PM,x,1.03,13.73,13.40764091
02/19/2020,07:50:00 PM,x,1.02,13.3,13.24860909
02/19/2020,07:55:00 PM,x,1.02,13.03,13.12594091
02/19/2020,08:00:00 PM,x,1.02,12.83,13.01145455
02/19/2020,08:05:00 PM,x,1.02,12.63,12.89784773
02/19/2020,08:10:00 PM,x,1.01,12.56,12.78608864
02/19/2020,08:15:00 PM,x,1.01,12.63,12.67705682
02/19/2020,08:20:00 PM,x,1.01,12.67,12.60345
02/19/2020,08:25:00 PM,x,1.01,12.54,12.53893409
02/19/2020,08:30:00 PM,x,1.01,12.52,12.47714545
02/19/2020,08:35:00 PM,x,1.01,12.57,12.42172045
02/19/2020,08:40:00 PM,x,1.01,12.53,12.35990227
02/19/2020,08:45:00 PM,x,1.01,12.49,12.28626591
02/19/2020,08:50:00 PM,x,1.01,12.32,12.21175
02/19/2020,08:55:00 PM,x,1.01,12.15,12.14996136
02/19/2020,09:00:00 PM,x,1.01,12.02,12.08087045
02/19/2020,09:05:00 PM,x,1.01,11.88,11.98453636
02/19/2020,09:10:00 PM,x,1.01,11.82,11.88726364
02/19/2020,09:15:00 PM,x,1,11.85,11.78911136
02/19/2020,09:20:00 PM,x,1,11.86,11.69911136
02/19/2020,09:25:00 PM,x,1.01,11.76,11.61911136
02/19/2020,09:30:00 PM,x,1,11.51,11.55274773
02/19/2020,09:35:00 PM,x,1.01,11.46,11.505475
02/19/2020,09:40:00 PM,x,1,11.41,11.48274773
02/19/2020,09:45:00 PM,x,1.01,11.33,11.44999091
02/19/2020,09:50:00 PM,x,1.01,11.27,11.41905227
02/19/2020,09:55:00 PM,x,1.01,11.29,11.40087045
02/19/2020,10:00:00 PM,x,1.01,11.36,11.41356818
02/19/2020,10:05:00 PM,x,1.01,11.57,11.44087045
02/19/2020,10:10:00 PM,x,1.01,11.49,11.49084091
02/19/2020,10:15:00 PM,x,1.01,11.52,11.52538636
02/19/2020,10:20:00 PM,x,1.01,11.56,11.56720455
02/19/2020,10:25:00 PM,x,1.01,11.65,11.63084091
02/19/2020,10:30:00 PM,x,1,11.76,11.69993182
02/19/2020,10:35:00 PM,x,1.01,11.96,11.75175
02/19/2020,10:40:00 PM,x,1.01,11.71,11.79447727
02/19/2020,10:45:00 PM,x,1.01,11.73,11.80814318
02/19/2020,10:50:00 PM,x,1.01,11.99,11.80726364
02/19/2020,10:55:00 PM,x,1.01,12.12,11.80274773
02/19/2020,11:00:00 PM,x,1.01,12.14,11.79092955
02/19/2020,11:05:00 PM,x,1.01,11.96,11.75550455
02/19/2020,11:10:00 PM,x,1,11.67,11.74644318
02/19/2020,11:15:00 PM,x,1,11.55,11.71829091
02/19/2020,11:20:00 PM,x,1,11.6,11.66289545
02/19/2020,11:25:00 PM,x,1,11.63,11.61928864
02/19/2020,11:30:00 PM,x,1,11.57,11.60477273
02/19/2020,11:35:00 PM,x,1,11.61,11.63662045
02/19/2020,11:40:00 PM,x,1,11.42,11.72389318
02/19/2020,11:45:00 PM,x,0.99,11.38,11.82298409
02/19/2020,11:50:00 PM,x,1,11.64,11.902075
02/19/2020,11:55:00 PM,x,1,11.98,11.94571136
02/20/2020,12:00:00 AM,x,1,12.31,11.98662045
02/20/2020,12:05:00 AM,x,1,12.63,12.00846818
02/20/2020,12:10:00 AM,x,1,12.64,12.02849773
02/20/2020,12:15:00 AM,x,1,12.47,12.05758864
02/20/2020,12:20:00 AM,x,1,12.11,12.06216364
02/20/2020,12:25:00 AM,x,1,12.02,12.03128409
02/20/2020,12:30:00 AM,x,0.99,11.85,11.97767727
02/20/2020,12:35:00 AM,x,0.99,11.64,11.90770682
02/20/2020,12:40:00 AM,x,0.99,11.7,11.84046364
02/20/2020,12:45:00 AM,x,0.99,11.69,11.768675
02/20/2020,12:50:00 AM,x,0.99,11.64,11.76234091
02/20/2020,12:55:00 AM,x,0.99,11.72,11.80418864
02/20/2020,01:00:00 AM,x,0.99,11.86,11.87961364
02/20/2020,01:05:00 AM,x,0.99,11.9,11.95776591
02/20/2020,01:10:00 AM,x,0.99,11.68,12.02591818
02/20/2020,01:15:00 AM,x,0.99,12.04,12.09861591
02/20/2020,01:20:00 AM,x,0.99,12.48,12.18497955
02/20/2020,01:25:00 AM,x,1,12.68,12.28588864
02/20/2020,01:30:00 AM,x,1,12.5,12.38043409
02/20/2020,01:35:00 AM,x,1,12.45,12.45404091
02/20/2020,01:40:00 AM,x,1,12.49,12.53128409
02/20/2020,01:45:00 AM,x,0.99,12.59,12.56219318
02/20/2020,01:50:00 AM,x,0.99,12.83,12.55398182
02/20/2020,01:55:00 AM,x,0.99,12.9,12.51943636
02/20/2020,02:00:00 AM,x,1,12.71,12.4858
02/20/2020,02:05:00 AM,x,1,12.53,12.4558
02/20/2020,02:10:00 AM,x,0.99,12.38,12.41219318
02/20/2020,02:15:00 AM,x,1,12.39,12.36855682
02/20/2020,02:20:00 AM,x,1,12.3,12.29034545
02/20/2020,02:25:00 AM,x,1,12.13,12.19943636
02/20/2020,02:30:00 AM,x,1,12.12,12.13492045
02/20/2020,02:35:00 AM,x,0.99,12.01,12.07219318
02/20/2020,02:40:00 AM,x,0.99,12.11,12.02943636
02/20/2020,02:45:00 AM,x,1,11.97,11.97764773
02/20/2020,02:50:00 AM,x,0.99,11.9,11.91585909
02/20/2020,02:55:00 AM,x,0.99,12,11.85225227
02/20/2020,03:00:00 AM,x,1,11.84,11.7841
02/20/2020,03:05:00 AM,x,1,11.91,11.73228182
02/20/2020,03:10:00 AM,x,0.99,11.82,11.65864545
02/20/2020,03:15:00 AM,x,0.99,11.62,11.61140227
02/20/2020,03:20:00 AM,x,0.99,11.43,11.57955455
02/20/2020,03:25:00 AM,x,0.99,11.37,11.54770682
02/20/2020,03:30:00 AM,x,0.99,11.44,11.53588864
02/20/2020,03:35:00 AM,x,0.99,11.3,11.509525
02/20/2020,03:40:00 AM,x,0.99,11.45,11.47770682
02/20/2020,03:45:00 AM,x,1,11.55,11.45131364
02/20/2020,03:50:00 AM,x,1,11.65,11.42855682
02/20/2020,03:55:00 AM,x,1,11.71,11.40398182
02/20/2020,04:00:00 AM,x,1,11.62,11.37670909
02/20/2020,04:05:00 AM,x,0.99,11.47,11.36849773
02/20/2020,04:10:00 AM,x,1,11.33,11.35210455
02/20/2020,04:15:00 AM,x,1,11.18,11.34028636
02/20/2020,04:20:00 AM,x,1,11.1,11.34755909
02/20/2020,04:25:00 AM,x,0.99,11.14,11.38574091
02/20/2020,04:30:00 AM,x,1,11.21,11.46116591
02/20/2020,04:35:00 AM,x,1,11.27,11.57928864
02/20/2020,04:40:00 AM,x,1,11.42,11.72289545
02/20/2020,04:45:00 AM,x,1,11.73,11.88195682
02/20/2020,04:50:00 AM,x,1,12.13,12.04010909
02/20/2020,04:55:00 AM,x,1.01,12.45,12.20095909
02/20/2020,05:00:00 AM,x,1.01,12.77,12.35277727
02/20/2020,05:05:00 AM,x,1.01,12.91,12.49732273
02/20/2020,05:10:00 AM,x,1.01,12.93,12.62368636
02/20/2020,05:15:00 AM,x,1.01,12.84,12.70732273
02/20/2020,05:20:00 AM,x,1.01,12.91,12.73641364
02/20/2020,05:25:00 AM,x,1,12.88,12.71280682
02/20/2020,05:30:00 AM,x,1,12.86,12.63098864
02/20/2020,05:35:00 AM,x,1,12.81,12.49649545
02/20/2020,05:40:00 AM,x,1,12.65,12.33150227
02/20/2020,05:45:00 AM,x,1,12.45,12.16516136
02/20/2020,05:50:00 AM,x,1,12.19,12.00584545
02/20/2020,05:55:00 AM,x,1.01,11.87,11.84024773
02/20/2020,06:00:00 AM,0,1.3,11.44,11.67119091
02/20/2020,06:05:00 AM,0,2.7,11.17,11.51504545
02/20/2020,06:10:00 AM,0.02,5.31,11.15,11.37869318
02/20/2020,06:15:00 AM,0.12,7.24,11.36,11.26342045
02/20/2020,06:20:00 AM,0.31,11.51,11.4,11.17195909
02/20/2020,06:25:00 AM,0.52,15.45,11.47,11.12080682
02/20/2020,06:30:00 AM,0.74,19.08,11.68,11.114975
02/20/2020,06:35:00 AM,0.98,23.15,11.87,11.16819545
02/20/2020,06:40:00 AM,1.01,23.4,11.91,11.27022273
02/20/2020,06:45:00 AM,1.19,26.11,12,11.34504773
02/20/2020,06:50:00 AM,1.61,33.4,12.36,11.38858864
02/20/2020,06:55:00 AM,2.62,49.12,12.93,11.12197955
02/20/2020,07:00:00 AM,3.73,65.61,13.8,10.92755909
02/20/2020,07:05:00 AM,3.42,62.47,14.13,11.19381591
02/20/2020,07:10:00 AM,3.55,66.53,14.11,11.53158636
02/20/2020,07:15:00 AM,4.21,83.85,14.23,11.83876818
02/20/2020,07:20:00 AM,7.3,254.61,16.31,12.11409545
02/20/2020,07:25:00 AM,13,334.73,19.8,12.32280682
02/20/2020,07:30:00 AM,9.67,209.34,20.85,12.27566591
02/20/2020,07:35:00 AM,7.28,120.77,18.79,12.72393182
02/20/2020,07:40:00 AM,7.7,124.91,18.59,13.022275
02/20/2020,07:45:00 AM,7.99,136.52,18.74,13.31066591
02/20/2020,07:50:00 AM,9.01,159.71,18.82,13.34963864
02/20/2020,07:55:00 AM,18.06,328.95,21.84,13.48868409
02/20/2020,08:00:00 AM,8.24,131.98,21.32,13.63553409
02/20/2020,08:05:00 AM,7.88,125.86,19.32,13.43312955
02/20/2020,08:10:00 AM,8.04,137.01,19.13,13.48832727
02/20/2020,08:15:00 AM,18,350.65,19.86,13.73407955
02/20/2020,08:20:00 AM,24.84,466.13,25.6,14.2995
02/20/2020,08:25:00 AM,18.82,352.56,27.12,15.49584091
02/20/2020,08:30:00 AM,30.23,559.43,30.82,16.29177955
02/20/2020,08:35:00 AM,32.69,609.92,34.96,16.99027045
02/20/2020,08:40:00 AM,33.16,625.65,37.34,17.51265227
02/20/2020,08:45:00 AM,33.78,597.26,39.26,18.42131136
02/20/2020,08:50:00 AM,25.06,440.65,38.63,19.02448182
02/20/2020,08:55:00 AM,19.18,301.97,35.6,19.21337955
02/20/2020,09:00:00 AM,13.61,213.14,29.84,19.70778636
02/20/2020,09:05:00 AM,8.82,142.05,25.04,19.98940455
02/20/2020,09:10:00 AM,8.51,132.95,22.78,20.08880682
02/20/2020,09:15:00 AM,10.2,157.98,22.22,20.01233409
02/20/2020,09:20:00 AM,10.99,168.01,23.2,19.60053864
02/20/2020,09:25:00 AM,12.49,188.4,24.2,19.06834773
02/20/2020,09:30:00 AM,14.88,221.68,25.44,18.63227273
02/20/2020,09:35:00 AM,18.24,274.16,27.01,18.50076136
02/20/2020,09:40:00 AM,20.02,302.22,28.83,18.27044773
02/20/2020,09:45:00 AM,20.45,316.95,30.08,18.40934773
02/20/2020,09:50:00 AM,21.83,336.25,30.86,19.33280909
02/20/2020,09:55:00 AM,28.06,445.35,32.59,19.30576591
02/20/2020,10:00:00 AM,30.85,516.1,35.75,19.35645909
02/20/2020,10:05:00 AM,44.41,743.21,40.08,20.12905455
02/20/2020,10:10:00 AM,51.7,886.66,47.43,20.84990909
02/20/2020,10:15:00 AM,33.73,569.3,46.4,21.52273864
02/20/2020,10:20:00 AM,49.94,844.63,45.23,21.66829545
02/20/2020,10:25:00 AM,59.34,1032.83,52.36,22.12242955
02/20/2020,10:30:00 AM,50.87,862.82,54.64,22.87122727
02/20/2020,10:35:00 AM,46.64,796.7,52.83,24.243025
02/20/2020,10:40:00 AM,38.23,628.3,47.6,24.94760909
02/20/2020,10:45:00 AM,42.79,763.6,46.35,24.67852273
02/20/2020,10:50:00 AM,44.88,742.72,47.25,24.65196818
02/20/2020,10:55:00 AM,35.94,573.43,45.85,24.66207273
02/20/2020,11:00:00 AM,21.08,332.14,41.81,23.92659091
02/20/2020,11:05:00 AM,20.77,335.57,37.27,22.87457955
02/20/2020,11:10:00 AM,22.02,351.76,36.37,21.99593182
02/20/2020,11:15:00 AM,39.47,665.31,39.11,22.13002727
02/20/2020,11:20:00 AM,31.68,557.41,37.02,21.98852273
02/20/2020,11:25:00 AM,38.39,632.06,39.05,21.09649545
02/20/2020,11:30:00 AM,34.85,580.15,34.22,19.59906818
02/20/2020,11:35:00 AM,38.8,624.15,37.8,19.11020455
02/20/2020,11:40:00 AM,19.99,300.06,32.76,17.67758864
02/20/2020,11:45:00 AM,16.91,248.46,29.63,17.95925682
02/20/2020,11:50:00 AM,21.1,320.27,27.81,19.39370455
02/20/2020,11:55:00 AM,31.76,500.5,30.81,20.11134318
02/20/2020,12:00:00 PM,23.63,342.57,32.12,20.68895455
02/20/2020,12:05:00 PM,50.1,880.03,37.78,20.53335227
02/20/2020,12:10:00 PM,49.08,848.13,48.15,20.12225
02/20/2020,12:15:00 PM,19.13,292.52,44.19,20.48464318
02/20/2020,12:20:00 PM,19.34,294.09,35.96,21.20645682
02/20/2020,12:25:00 PM,25.22,367.42,33.66,22.23105455
02/20/2020,12:30:00 PM,41.4,652.2,37,22.45804318
02/20/2020,12:35:00 PM,45.68,727.51,42.13,23.60083864
02/20/2020,12:40:00 PM,26.28,391.65,38.27,23.79307273
02/20/2020,12:45:00 PM,19.4,277.81,34.37,23.08975455
02/20/2020,12:50:00 PM,15.96,232.79,33.38,23.08733409
02/20/2020,12:55:00 PM,21.14,316.82,33.78,23.779275
02/20/2020,01:00:00 PM,36.62,548.93,39.59,24.64187045
02/20/2020,01:05:00 PM,34.58,533.22,40.03,25.09501136
02/20/2020,01:10:00 PM,35.66,500.72,43.22,24.82285227
02/20/2020,01:15:00 PM,29.32,408.14,39.64,24.46449545
02/20/2020,01:20:00 PM,17.1,233.84,36.93,24.03770682
02/20/2020,01:25:00 PM,12.3,172.86,30.91,23.85817273
02/20/2020,01:30:00 PM,9.19,135.37,27.87,23.79376136
02/20/2020,01:35:00 PM,7.03,111.15,26.16,23.62808409
02/20/2020,01:40:00 PM,6.31,103.1,24.75,23.04292045
02/20/2020,01:45:00 PM,6.56,106.78,24.59,22.52301136
02/20/2020,01:50:00 PM,6.46,104.97,24.92,21.68761818
02/20/2020,01:55:00 PM,7.15,113.5,24.73,21.22571591
02/20/2020,02:00:00 PM,5.93,96.68,24.02,20.79575
02/20/2020,02:05:00 PM,3.42,58.16,22.4,20.35852273
02/20/2020,02:10:00 PM,2.23,37.34,21.87,19.96392273
02/20/2020,02:15:00 PM,2.5,39.05,21.41,19.42442273
02/20/2020,02:20:00 PM,2.34,35.35,21.36,18.92290682
02/20/2020,02:25:00 PM,3.12,45.82,20.23,18.58776364
02/20/2020,02:30:00 PM,2.71,39.75,19.03,18.33685
02/20/2020,02:35:00 PM,2.84,45.58,18.54,18.12072727
02/20/2020,02:40:00 PM,7.2,109.38,18.74,17.66705227
02/20/2020,02:45:00 PM,7.27,108.56,19.52,17.26912273
02/20/2020,02:50:00 PM,4.3,66.01,19.5,16.72028182
02/20/2020,02:55:00 PM,3.6,54.22,19.88,16.23732727
02/20/2020,03:00:00 PM,3.32,52.54,19.84,15.89423636
02/20/2020,03:05:00 PM,2.34,40.43,16.98,15.53327727
02/20/2020,03:10:00 PM,0.6,15.58,16.27,15.33886591
02/20/2020,03:15:00 PM,0.95,22.65,14.91,14.99160909
02/20/2020,03:20:00 PM,1.26,26.82,14.3,14.47564545
02/20/2020,03:25:00 PM,0.56,14.95,14.45,13.88075909
02/20/2020,03:30:00 PM,0.56,14.52,13.56,13.29359091
02/20/2020,03:35:00 PM,0.77,17.95,13.63,12.97871136
02/20/2020,03:40:00 PM,2.22,41.17,13.51,12.73163182
02/20/2020,03:45:00 PM,3.86,66.49,13.84,12.70036818
02/20/2020,03:50:00 PM,5.83,93.72,14.62,12.79063636
02/20/2020,03:55:00 PM,7.12,113.12,15.35,12.88152727
02/20/2020,04:00:00 PM,7.33,115.62,15.96,13.10976136
02/20/2020,04:05:00 PM,8.16,124.13,17.08,13.41684318
02/20/2020,04:10:00 PM,9.05,134.77,18.21,13.79282727
02/20/2020,04:15:00 PM,9.08,131.96,18.71,14.20148636
02/20/2020,04:20:00 PM,8.88,129.11,19.16,14.61769091
02/20/2020,04:25:00 PM,7.73,114.81,19.33,15.01121136
02/20/2020,04:30:00 PM,4.85,74.63,18.85,15.30651591
02/20/2020,04:35:00 PM,3.06,51.76,17.99,15.50893409
02/20/2020,04:40:00 PM,2.53,44.79,17.63,15.64133409
02/20/2020,04:45:00 PM,1.99,35.62,17.31,15.729375
02/20/2020,04:50:00 PM,2.05,34.39,17.12,15.789475
02/20/2020,04:55:00 PM,3.13,50.44,17.09,15.77848864
02/20/2020,05:00:00 PM,3.56,56.85,17.12,15.66293636
02/20/2020,05:05:00 PM,3.29,53.65,17.03,15.53838636
02/20/2020,05:10:00 PM,2.57,43.7,16.81,15.41544545
02/20/2020,05:15:00 PM,1.7,31.23,16.64,15.30178636
02/20/2020,05:20:00 PM,1.28,24.99,16.29,15.19101591
02/20/2020,05:25:00 PM,1.34,25.74,15.99,15.12955227
02/20/2020,05:30:00 PM,1.31,25.3,15.76,15.07302955
02/20/2020,05:35:00 PM,1.32,25.17,15.64,15.01290455
02/20/2020,05:40:00 PM,1.21,23.32,15.66,14.93796364
02/20/2020,05:45:00 PM,1.1,21.42,15.48,14.83316591
02/20/2020,05:50:00 PM,0.89,18.32,15.37,14.73368409
02/20/2020,05:55:00 PM,0.65,14.75,15.13,14.65560455
02/20/2020,06:00:00 PM,0.32,10,14.95,14.592825
02/20/2020,06:05:00 PM,0.07,5.68,14.75,14.536875
02/20/2020,06:10:00 PM,0,2.7,14.56,14.46818636
02/20/2020,06:15:00 PM,0,1.43,14.43,14.41024773
02/20/2020,06:20:00 PM,0,1.09,14.33,14.35860455
02/20/2020,06:25:00 PM,0,1.01,14.28,14.31007955
02/20/2020,06:30:00 PM,x,1.03,14.24,14.22842955
02/20/2020,06:35:00 PM,x,1.03,14.18,14.12219773
02/20/2020,06:40:00 PM,x,1.03,14.18,14.01079773
02/20/2020,06:45:00 PM,x,1.03,14.24,13.91291818
02/20/2020,06:50:00 PM,x,1.02,14.15,13.81588182
02/20/2020,06:55:00 PM,x,1.02,13.76,13.70585227
02/20/2020,07:00:00 PM,x,1.02,13.43,13.58591136
02/20/2020,07:05:00 PM,x,1.02,13.28,13.45687955
02/20/2020,07:10:00 PM,x,1.02,13.34,13.31602955
02/20/2020,07:15:00 PM,x,1.01,13.26,13.15154318
02/20/2020,07:20:00 PM,x,1.02,13.07,12.98251136
02/20/2020,07:25:00 PM,x,1.01,12.92,12.83526818
02/20/2020,07:30:00 PM,x,1.01,12.76,12.70984318
02/20/2020,07:35:00 PM,x,1.01,12.63,12.58535682
02/20/2020,07:40:00 PM,x,1.01,12.43,12.44177955
02/20/2020,07:45:00 PM,x,1,12.29,12.30180909
02/20/2020,07:50:00 PM,x,1.01,12.14,12.18005
02/20/2020,07:55:00 PM,x,1.01,12.05,12.08186818
02/20/2020,08:00:00 PM,x,1,11.91,11.99732273
02/20/2020,08:05:00 PM,x,1,11.76,11.93459545
02/20/2020,08:10:00 PM,x,1,11.72,11.89553409
02/20/2020,08:15:00 PM,x,1,11.73,11.90277727
02/20/2020,08:20:00 PM,x,1.01,11.84,11.95550455
02/20/2020,08:25:00 PM,x,1.01,11.83,12.02186818
02/20/2020,08:30:00 PM,x,1.01,11.94,12.11638409
02/20/2020,08:35:00 PM,x,1,12,12.22999091
02/20/2020,08:40:00 PM,x,1.01,12.37,12.35177955
02/20/2020,08:45:00 PM,x,1.01,12.72,12.47447727
02/20/2020,08:50:00 PM,x,1.01,12.78,12.58629545
02/20/2020,08:55:00 PM,x,1.01,12.95,12.72265909
02/20/2020,09:00:00 PM,x,1.01,13.01,12.89899318
02/20/2020,09:05:00 PM,x,1.01,13.06,13.08075227
02/20/2020,09:10:00 PM,x,1.01,13.08,13.23345
02/20/2020,09:15:00 PM,x,1.01,13.07,13.38432955
02/20/2020,09:20:00 PM,x,1.01,13.33,13.55702727
02/20/2020,09:25:00 PM,x,1.02,13.88,13.73881591
02/20/2020,09:30:00 PM,x,1.02,14,13.91878636
02/20/2020,09:35:00 PM,x,1.02,14.05,14.08239318
02/20/2020,09:40:00 PM,x,1.02,14.38,14.20784773
02/20/2020,09:45:00 PM,x,1.02,14.68,14.28421136
02/20/2020,09:50:00 PM,x,1.02,14.95,14.31784773
02/20/2020,09:55:00 PM,x,1.02,14.99,14.31515
02/20/2020,10:00:00 PM,x,1.02,14.86,14.28339091
02/20/2020,10:05:00 PM,x,1.01,14.46,14.22072273
02/20/2020,10:10:00 PM,x,1.01,13.91,14.11353864
02/20/2020,10:15:00 PM,x,1.01,13.7,14.01905227
02/20/2020,10:20:00 PM,x,1.01,13.85,13.96274773
02/20/2020,10:25:00 PM,x,1,13.65,13.93007955
02/20/2020,10:30:00 PM,x,1,13.36,13.91738182
02/20/2020,10:35:00 PM,x,0.99,13.2,13.95010909
02/20/2020,10:40:00 PM,x,1,13.64,14.00465455
02/20/2020,10:45:00 PM,x,1,14.33,14.04647273
02/20/2020,10:50:00 PM,x,1,14.63,14.00832045
02/20/2020,10:55:00 PM,x,1.01,14.72,13.94653182
02/20/2020,11:00:00 PM,x,1.01,14.82,13.90837955
02/20/2020,11:05:00 PM,x,1.01,14.51,13.87656136
02/20/2020,11:10:00 PM,x,1.01,14.16,13.79568182
02/20/2020,11:15:00 PM,x,1,13.43,13.65934773
02/20/2020,11:20:00 PM,x,0.99,12.97,13.49755909
02/20/2020,11:25:00 PM,x,0.99,12.94,13.3258
02/20/2020,11:30:00 PM,x,0.99,12.85,13.13949545
02/20/2020,11:35:00 PM,x,0.99,12.75,12.98591818
02/20/2020,11:40:00 PM,x,0.99,12.83,12.87234091
02/20/2020,11:45:00 PM,x,0.99,12.85,12.83146136
02/20/2020,11:50:00 PM,x,0.99,12.83,12.77964318
02/20/2020,11:55:00 PM,x,0.99,12.77,12.70600682
02/21/2020,12:00:00 AM,x,0.99,12.82,12.63149091
02/21/2020,12:05:00 AM,x,0.99,12.91,12.57242955
02/21/2020,12:10:00 AM,x,0.99,12.98,12.52879318
02/21/2020,12:15:00 AM,x,0.99,12.4,12.48152045
02/21/2020,12:20:00 AM,x,0.99,12.13,12.43606591
02/21/2020,12:25:00 AM,x,0.98,12.03,12.36970227
02/21/2020,12:30:00 AM,x,0.98,12.1,12.27879318
02/21/2020,12:35:00 AM,x,0.99,12.35,12.18606591
02/21/2020,12:40:00 AM,x,0.99,12.33,12.10149091
02/21/2020,12:45:00 AM,x,0.99,12.33,12.03785455
02/21/2020,12:50:00 AM,x,0.99,12.04,11.97058182
02/21/2020,12:55:00 AM,x,0.99,11.82,11.89327955
02/21/2020,01:00:00 AM,x,0.99,11.89,11.80870455
02/21/2020,01:05:00 AM,x,1,12.05,11.69052273
02/21/2020,01:10:00 AM,x,0.99,11.7,11.56961364
02/21/2020,01:15:00 AM,x,0.99,11.39,11.43779545
02/21/2020,01:20:00 AM,x,0.99,11.18,11.32415909
02/21/2020,01:25:00 AM,x,0.99,11.17,11.22415909
02/21/2020,01:30:00 AM,x,0.99,11.05,11.10870455
02/21/2020,01:35:00 AM,x,0.99,11,10.97506818
02/21/2020,01:40:00 AM,x,0.99,10.88,10.86594773
02/21/2020,01:45:00 AM,x,0.99,10.79,10.778675
02/21/2020,01:50:00 AM,x,0.99,10.72,10.708675
02/21/2020,01:55:00 AM,x,0.99,10.62,10.63503864
02/21/2020,02:00:00 AM,x,1,10.58,10.57140227
02/21/2020,02:05:00 AM,x,1,10.5,10.51412955
02/21/2020,02:10:00 AM,x,0.99,10.43,10.46594773
02/21/2020,02:15:00 AM,x,0.99,10.41,10.43140227
02/21/2020,02:20:00 AM,x,0.99,10.36,10.41591818
02/21/2020,02:25:00 AM,x,0.99,10.35,10.39500909
02/21/2020,02:30:00 AM,x,0.99,10.37,10.37412955
02/21/2020,02:35:00 AM,x,0.99,10.35,10.35688636
02/21/2020,02:40:00 AM,x,0.99,10.41,10.35052273
02/21/2020,02:45:00 AM,x,1,10.55,10.34325
02/21/2020,02:50:00 AM,x,0.99,10.39,10.34506818
02/21/2020,02:55:00 AM,x,0.99,10.35,10.36231136
02/21/2020,03:00:00 AM,x,0.99,10.31,10.38864545
02/21/2020,03:05:00 AM,x,0.99,10.36,10.42591818
02/21/2020,03:10:00 AM,x,0.99,10.33,10.48407045
02/21/2020,03:15:00 AM,x,0.99,10.38,10.52955455
02/21/2020,03:20:00 AM,x,1,10.54,10.56682727
02/21/2020,03:25:00 AM,x,1,10.66,10.60228182
02/21/2020,03:30:00 AM,x,0.99,10.76,10.65955455
02/21/2020,03:35:00 AM,x,1,11.05,10.71319091
02/21/2020,03:40:00 AM,x,0.99,11.05,10.75591818
02/21/2020,03:45:00 AM,x,0.99,10.8,10.78500909
02/21/2020,03:50:00 AM,x,0.99,10.74,10.80231136
02/21/2020,03:55:00 AM,x,0.99,10.94,10.81415909
02/21/2020,04:00:00 AM,x,0.99,10.95,10.81688636
02/21/2020,04:05:00 AM,x,0.99,10.8,10.77512727
02/21/2020,04:10:00 AM,x,0.99,10.7,10.72879318
02/21/2020,04:15:00 AM,x,0.99,10.73,10.70333864
02/21/2020,04:20:00 AM,x,0.99,10.79,10.70061136
02/21/2020,04:25:00 AM,x,0.99,10.79,10.66970227
02/21/2020,04:30:00 AM,x,0.98,10.59,10.60882273
02/21/2020,04:35:00 AM,x,0.98,10.54,10.56430682
02/21/2020,04:40:00 AM,x,0.99,10.52,10.52979091
02/21/2020,04:45:00 AM,x,0.99,10.71,10.48709318
02/21/2020,04:50:00 AM,x,0.99,10.6,10.42075909
02/21/2020,04:55:00 AM,x,0.98,10.28,10.344425
02/21/2020,05:00:00 AM,x,0.98,10.31,10.28169773
02/21/2020,05:05:00 AM,x,0.98,10.32,10.23715227
02/21/2020,05:10:00 AM,x,0.98,10.26,10.22354545
02/21/2020,05:15:00 AM,x,0.98,10.06,10.19627273
02/21/2020,05:20:00 AM,x,0.98,9.95,10.19445455
02/21/2020,05:25:00 AM,x,0.98,9.9,10.26533409
02/21/2020,05:30:00 AM,x,0.98,10.05,10.38348636
02/21/2020,05:35:00 AM,x,0.98,10.37,10.48330909
02/21/2020,05:40:00 AM,x,0.99,10.41,10.562675
02/21/2020,05:45:00 AM,x,0.99,10.58,10.62290909
02/21/2020,05:50:00 AM,x,0.99,11.06,10.69165682
02/21/2020,05:55:00 AM,x,0.99,11.61,10.80973409
02/21/2020,06:00:00 AM,x,1.04,11.42,10.93815
02/21/2020,06:05:00 AM,0,1.81,11.16,11.00678636
02/21/2020,06:10:00 AM,0,3.67,10.81,11.03429773
02/21/2020,06:15:00 AM,0.12,7.25,10.91,11.01406591
02/21/2020,06:20:00 AM,0.4,12.4,11.57,10.95789091
02/21/2020,06:25:00 AM,0.6,15.67,11.94,10.91393864
02/21/2020,06:30:00 AM,0.78,18.98,11.71,10.92326818
02/21/2020,06:35:00 AM,1.22,26.14,11.53,10.95645227
02/21/2020,06:40:00 AM,2.29,43.53,11.74,11.00012955
02/21/2020,06:45:00 AM,3.22,59.08,12.33,11.01122273
02/21/2020,06:50:00 AM,3.02,58.02,12.98,10.94945
02/21/2020,06:55:00 AM,2.06,42.19,12.86,10.56857727
02/21/2020,07:00:00 AM,1.74,37.04,12.67,10.3116
02/21/2020,07:05:00 AM,1.56,33.81,12.27,10.25295227
02/21/2020,07:10:00 AM,1.84,38.88,12.06,10.36285682
02/21/2020,07:15:00 AM,2.32,49,12.08,10.57378864
02/21/2020,07:20:00 AM,5.1,199.35,13.72,10.85505
02/21/2020,07:25:00 AM,10.14,286.88,17.59,11.23744091
02/21/2020,07:30:00 AM,12.67,301.99,19.85,11.70843864
02/21/2020,07:35:00 AM,14.08,327.87,22.19,12.21446136
02/21/2020,07:40:00 AM,16.03,355.38,24.28,12.71124091
02/21/2020,07:45:00 AM,17.54,372.67,26.3,13.14659091
02/21/2020,07:50:00 AM,19.2,396.15,28.57,13.90782955
02/21/2020,07:55:00 AM,20.87,421.01,30.33,14.71676136
02/21/2020,08:00:00 AM,22.03,437.31,30.95,15.38978409
02/21/2020,08:05:00 AM,23.65,459.97,31.21,15.87614318
02/21/2020,08:10:00 AM,25.58,492.42,31.28,16.21009545
02/21/2020,08:15:00 AM,27.89,525.7,32.7,16.32595
02/21/2020,08:20:00 AM,29.5,548.78,35,16.36598636
02/21/2020,08:25:00 AM,30.73,569.89,35.96,16.49613864
02/21/2020,08:30:00 AM,32.21,589.41,36.04,16.74015682
02/21/2020,08:35:00 AM,33.47,610.35,36.24,17.16058864
02/21/2020,08:40:00 AM,34.93,637.15,36.17,17.76663636
02/21/2020,08:45:00 AM,36.37,659.83,37.58,18.34575227
02/21/2020,08:50:00 AM,37.28,675.42,40.03,18.78113636
02/21/2020,08:55:00 AM,37.82,683.95,41.65,19.10193636
02/21/2020,09:00:00 AM,38.88,697.67,43.56,19.444175
02/21/2020,09:05:00 AM,40.51,725.45,45.52,20.02013636
02/21/2020,09:10:00 AM,41.03,735.23,45.88,20.43920682
02/21/2020,09:15:00 AM,41.88,742.65,46.09,20.87760682
02/21/2020,09:20:00 AM,43.03,758.85,45.63,20.90629545
02/21/2020,09:25:00 AM,44.6,784.96,46.16,20.88340909
02/21/2020,09:30:00 AM,45.5,792.64,48.5,20.74726591
02/21/2020,09:35:00 AM,45.74,790.08,45.75,20.78123636
02/21/2020,09:40:00 AM,46.37,805.91,47.15,20.92950909
02/21/2020,09:45:00 AM,49.49,849.71,46.01,21.10060909
02/21/2020,09:50:00 AM,50.86,869.85,47.44,21.09314773
02/21/2020,09:55:00 AM,52.25,896.98,48.54,21.15988182
02/21/2020,10:00:00 AM,52.81,906.26,51.77,21.03005909
02/21/2020,10:05:00 AM,51.52,868.43,51.84,21.18994545
02/21/2020,10:10:00 AM,51.9,893.97,52.89,21.41541818
02/21/2020,10:15:00 AM,52.1,876.76,49.38,21.95111364
02/21/2020,10:20:00 AM,47.81,809.45,47.69,22.25802045
02/21/2020,10:25:00 AM,48.6,840.58,48.63,22.65309545
02/21/2020,10:30:00 AM,54.74,936.58,52.27,22.85525682
02/21/2020,10:35:00 AM,54.22,927.75,53.59,23.07422955
02/21/2020,10:40:00 AM,55.34,952.09,55.23,24.27019318
02/21/2020,10:45:00 AM,57.54,975.82,54.26,25.11455682
02/21/2020,10:50:00 AM,58.38,999.57,56.22,25.40190455
02/21/2020,10:55:00 AM,58.51,999.99,57.04,25.651225
02/21/2020,11:00:00 AM,53.7,908.47,55.55,25.76558182
02/21/2020,11:05:00 AM,19.69,317.49,47.31,25.57696364
02/21/2020,11:10:00 AM,12.67,202.36,36.75,25.24297273
02/21/2020,11:15:00 AM,10.37,166.04,29.94,25.104525
02/21/2020,11:20:00 AM,8.95,132.81,28.37,24.94976818
02/21/2020,11:25:00 AM,10.51,154.49,28.11,24.78425455
02/21/2020,11:30:00 AM,13.34,191.59,27.59,24.42984091
02/21/2020,11:35:00 AM,12.96,184.21,26.6,23.06489318
02/21/2020,11:40:00 AM,13.06,191.91,27.26,22.36409091
02/21/2020,11:45:00 AM,10.97,157.18,27.14,22.11224091
02/21/2020,11:50:00 AM,8.93,116.01,26.49,21.80621818
02/21/2020,11:55:00 AM,9.41,123.81,26.15,21.81345682
02/21/2020,12:00:00 PM,10.66,139.78,26.52,21.722025
02/21/2020,12:05:00 PM,10.67,128.17,26.63,21.867475
02/21/2020,12:10:00 PM,11.71,144.82,26.48,22.07488182
02/21/2020,12:15:00 PM,16.7,217.31,27.75,22.01197273
02/21/2020,12:20:00 PM,9.3,124.04,27.2,21.67144773
02/21/2020,12:25:00 PM,15.98,208.69,27.14,21.22952955
02/21/2020,12:30:00 PM,15.16,201.75,28.77,20.78126818
02/21/2020,12:35:00 PM,8.93,112.48,26.96,20.38258636
02/21/2020,12:40:00 PM,10.07,138.78,25.85,20.17411136
02/21/2020,12:45:00 PM,18.08,243.88,26.9,20.355825
02/21/2020,12:50:00 PM,30.66,413.69,30.71,20.33370682
02/21/2020,12:55:00 PM,41.56,584.73,36.05,20.39026136
02/21/2020,01:00:00 PM,42.83,641.57,38.93,21.41812045
02/21/2020,01:05:00 PM,58.74,882.15,48.15,21.21028409
02/21/2020,01:10:00 PM,49.92,772.73,47.8,21.10755455
02/21/2020,01:15:00 PM,57.4,865.68,51.06,22.43272273
02/21/2020,01:20:00 PM,63.6,988.01,53.09,23.50803636
02/21/2020,01:25:00 PM,32.7,483.09,49.22,24.14672955
02/21/2020,01:30:00 PM,50.94,739.44,45.05,24.72999318
02/21/2020,01:35:00 PM,62.05,929.55,50.42,25.16402045
02/21/2020,01:40:00 PM,32.39,448.9,48.14,25.08756136
02/21/2020,01:45:00 PM,43.08,313.43,39.28,24.92624318
02/21/2020,01:50:00 PM,62.18,385.48,36.6,25.02486136
02/21/2020,01:55:00 PM,55.62,375.85,36.71,23.98037273
02/21/2020,02:00:00 PM,55.43,369.71,36.27,24.03845909
02/21/2020,02:05:00 PM,57.71,417.07,35.4,24.30325
02/21/2020,02:10:00 PM,39.43,312.28,31.3,23.32377273
02/21/2020,02:15:00 PM,24.01,224.17,29.35,22.82172955
02/21/2020,02:20:00 PM,16.16,217.84,29.11,22.71833636
02/21/2020,02:25:00 PM,31.5,255.78,29.97,22.60208864
02/21/2020,02:30:00 PM,28.25,230.39,30.61,22.46608182
02/21/2020,02:35:00 PM,14.03,179.8,28.62,22.49351364
02/21/2020,02:40:00 PM,9.55,131.66,27.85,22.23470455
02/21/2020,02:45:00 PM,7.06,97.09,26.09,21.42634318
02/21/2020,02:50:00 PM,3.37,54.58,24.99,20.43490455
02/21/2020,02:55:00 PM,2.02,34.82,23.89,19.42581818
02/21/2020,03:00:00 PM,1.24,23.17,22.9,18.23772273
02/21/2020,03:05:00 PM,1.55,28.8,19.24,17.04457273
02/21/2020,03:10:00 PM,2.28,39,14.44,15.75024773
02/21/2020,03:15:00 PM,2.56,43.25,12.53,14.50240909
02/21/2020,03:20:00 PM,3.04,50.24,12.19,13.25437727
02/21/2020,03:25:00 PM,3.26,53.13,11.78,12.17316818
02/21/2020,03:30:00 PM,3.58,59.02,11.57,11.19272273
02/21/2020,03:35:00 PM,3.9,62.97,11.38,10.57918409
02/21/2020,03:40:00 PM,4.99,74.82,11.64,10.44673636
02/21/2020,03:45:00 PM,5.36,79.76,12.08,10.44751591
02/21/2020,03:50:00 PM,4.42,64.46,12.96,10.61388636
02/21/2020,03:55:00 PM,4.57,70.09,13.64,10.84184318
02/21/2020,04:00:00 PM,5.28,81.69,14.21,11.12170455
02/21/2020,04:05:00 PM,7.56,102.29,15.04,11.42783409
02/21/2020,04:10:00 PM,11.27,145.14,15.85,11.79940682
02/21/2020,04:15:00 PM,9.56,125.93,16.48,12.16096364
02/21/2020,04:20:00 PM,8.42,119.36,16.44,12.47727727
02/21/2020,04:25:00 PM,7.8,115.99,16.5,12.83697727
02/21/2020,04:30:00 PM,8.54,124.28,16.74,13.226125
02/21/2020,04:35:00 PM,8.18,113.98,17,13.65186818
02/21/2020,04:40:00 PM,8.77,118.31,17.31,14.15382273
02/21/2020,04:45:00 PM,8.15,109.4,17.9,14.53214773
02/21/2020,04:50:00 PM,6.78,91.73,18.3,14.88411591
02/21/2020,04:55:00 PM,5.9,84.44,18.58,15.1309
02/21/2020,05:00:00 PM,3.53,54.5,18.17,15.33502273
02/21/2020,05:05:00 PM,1.39,26.94,17.53,15.46554545
02/21/2020,05:10:00 PM,1.24,23.42,17.31,15.59816136
02/21/2020,05:15:00 PM,1.3,20.54,17.1,15.67845909
02/21/2020,05:20:00 PM,2.45,35.54,16.6,15.68931136
02/21/2020,05:25:00 PM,3.23,43.5,16.36,15.64785682
02/21/2020,05:30:00 PM,3.46,44.88,16.19,15.55682955
02/21/2020,05:35:00 PM,3.68,46.04,16.42,15.43345
02/21/2020,05:40:00 PM,3.34,42.53,16.61,15.29608409
02/21/2020,05:45:00 PM,2.7,36.98,16.64,15.16316364
02/21/2020,05:50:00 PM,2.15,33.24,16.46,15.109975
02/21/2020,05:55:00 PM,1.2,22.54,16.13,15.05682955
02/21/2020,06:00:00 PM,0.59,13.93,15.75,14.98462727
02/21/2020,06:05:00 PM,0.3,8.99,15.33,14.87582273
02/21/2020,06:10:00 PM,0.02,3.99,15.1,14.72210227
02/21/2020,06:15:00 PM,0,1.85,14.92,14.52652955
02/21/2020,06:20:00 PM,0,1.18,14.4,14.31536136
02/21/2020,06:25:00 PM,0,1.01,13.97,14.09803409
02/21/2020,06:30:00 PM,0,1.02,13.76,13.88526818
02/21/2020,06:35:00 PM,x,1.02,13.57,13.68790682
02/21/2020,06:40:00 PM,x,1.02,13.32,13.4885
02/21/2020,06:45:00 PM,x,1.02,13.09,13.27825455
02/21/2020,06:50:00 PM,x,1.02,13.04,13.10330227
02/21/2020,06:55:00 PM,x,1.02,12.99,12.95875682
02/21/2020,07:00:00 PM,x,1.02,12.9,12.81878636
02/21/2020,07:05:00 PM,x,1.02,12.81,12.68608864
02/21/2020,07:10:00 PM,x,1.01,12.58,12.56793636
02/21/2020,07:15:00 PM,x,1.01,12.47,12.47523864
02/21/2020,07:20:00 PM,x,1.01,12.38,12.38345
02/21/2020,07:25:00 PM,x,1.01,12.22,12.288025
02/21/2020,07:30:00 PM,x,1.01,12.11,12.20078182
02/21/2020,07:35:00 PM,x,1.01,12.02,12.10626591
02/21/2020,07:40:00 PM,x,1.01,12.07,12.02356818
02/21/2020,07:45:00 PM,x,1.01,12.03,11.95084091
02/21/2020,07:50:00 PM,x,1.01,11.94,11.88447727
02/21/2020,07:55:00 PM,x,1.01,11.94,11.83811364
02/21/2020,08:00:00 PM,x,1.01,11.77,11.80175
02/21/2020,08:05:00 PM,x,1,11.67,11.75811364
02/21/2020,08:10:00 PM,x,1.01,11.67,11.73447727
02/21/2020,08:15:00 PM,x,1.01,11.65,11.71720455
02/21/2020,08:20:00 PM,x,1.01,11.71,11.70177955
02/21/2020,08:25:00 PM,x,1.01,11.71,11.68541591
02/21/2020,08:30:00 PM,x,1.01,11.54,11.6809
02/21/2020,08:35:00 PM,x,1.01,11.81,11.69362727
02/21/2020,08:40:00 PM,x,1.01,11.84,11.71638409
02/21/2020,08:45:00 PM,x,1,11.77,11.73914091
02/21/2020,08:50:00 PM,x,1.01,11.76,11.75095909
02/21/2020,08:55:00 PM,x,1,11.72,11.754625
02/21/2020,09:00:00 PM,x,1,11.81,11.7692
02/21/2020,09:05:00 PM,x,1,11.92,11.78738182
02/21/2020,09:10:00 PM,x,1,11.9,11.8292
02/21/2020,09:15:00 PM,x,1.01,11.84,11.87917045
02/21/2020,09:20:00 PM,x,1,11.75,11.90644318
02/21/2020,09:25:00 PM,x,1,11.7,11.91459545
02/21/2020,09:30:00 PM,x,1.01,12.01,11.89002045
02/21/2020,09:35:00 PM,x,1.01,12.3,11.84183864
02/21/2020,09:40:00 PM,x,1.01,12.32,11.79274773
02/21/2020,09:45:00 PM,x,1.01,12.06,11.74823182
02/21/2020,09:50:00 PM,x,1.01,11.81,11.70914091
02/21/2020,09:55:00 PM,x,1.01,11.54,11.66823182
02/21/2020,10:00:00 PM,x,1,11.39,11.61735227
02/21/2020,10:05:00 PM,x,1,11.36,11.55738182
02/21/2020,10:10:00 PM,x,1,11.35,11.50104773
02/21/2020,10:15:00 PM,x,1,11.32,11.47016818
02/21/2020,10:20:00 PM,x,1,11.25,11.45565227
02/21/2020,10:25:00 PM,x,1,11.45,11.45477273
02/21/2020,10:30:00 PM,x,1,11.64,11.46113636
02/21/2020,10:35:00 PM,x,1,11.7,11.47204545
02/21/2020,10:40:00 PM,x,1,11.72,11.48113636
02/21/2020,10:45:00 PM,x,1,11.65,11.50477273
02/21/2020,10:50:00 PM,x,1,11.53,11.57477273
02/21/2020,10:55:00 PM,x,1,11.46,11.65565227
02/21/2020,11:00:00 PM,x,1,11.48,11.73471364
02/21/2020,11:05:00 PM,x,1,11.45,11.79744091
02/21/2020,11:10:00 PM,x,1,11.58,11.85104773
02/21/2020,11:15:00 PM,x,1,12.02,11.91468409
02/21/2020,11:20:00 PM,x,1.01,12.34,11.99559318
02/21/2020,11:25:00 PM,x,1.01,12.51,12.06650227
02/21/2020,11:30:00 PM,x,1,12.39,12.10016818
02/21/2020,11:35:00 PM,x,1.01,12.31,12.15289545
02/21/2020,11:40:00 PM,x,1,12.35,12.20562273
02/21/2020,11:45:00 PM,x,1,12.42,12.20744091
02/21/2020,11:50:00 PM,x,1,12.24,12.16295455
02/21/2020,11:55:00 PM,x,0.99,11.85,12.11665
02/22/2020,12:00:00 AM,x,1,12.03,12.09304318
02/22/2020,12:05:00 AM,x,1,12.16,12.11125455
02/22/2020,12:10:00 AM,x,1,12.04,12.12852727
02/22/2020,12:15:00 AM,x,0.99,11.85,12.1358
02/22/2020,12:20:00 AM,x,0.99,12,12.15943636
02/22/2020,12:25:00 AM,x,0.99,12.13,12.20125455
02/22/2020,12:30:00 AM,x,1,12.51,12.25219318
02/22/2020,12:35:00 AM,x,1,12.54,12.30131364
02/22/2020,12:40:00 AM,x,1,12.5,12.34770682
02/22/2020,12:45:00 AM,x,1,12.5,12.41588864
02/22/2020,12:50:00 AM,x,0.99,12.31,12.48043409
02/22/2020,12:55:00 AM,x,0.99,12.59,12.57134318
02/22/2020,01:00:00 AM,x,0.99,12.7,12.64955455
02/22/2020,01:05:00 AM,x,0.99,12.55,12.75500909
02/22/2020,01:10:00 AM,x,0.99,12.6,12.8741
02/22/2020,01:15:00 AM,x,0.99,12.71,12.96773636
02/22/2020,01:20:00 AM,x,0.99,13.13,13.00861591
02/22/2020,01:25:00 AM,x,0.99,13.37,12.96679773
02/22/2020,01:30:00 AM,x,1,13.7,12.89225227
02/22/2020,01:35:00 AM,x,1,13.81,12.81497955
02/22/2020,01:40:00 AM,x,1,13.53,12.70228182
02/22/2020,01:45:00 AM,x,1,12.76,12.57322045
02/22/2020,01:50:00 AM,x,0.99,12.13,12.44234091
02/22/2020,01:55:00 AM,x,0.99,11.88,12.36415909
02/22/2020,02:00:00 AM,x,0.99,11.7,12.31146136
02/22/2020,02:05:00 AM,x,0.98,11.36,12.2824
02/22/2020,02:10:00 AM,x,0.98,11.29,12.30785455
02/22/2020,02:15:00 AM,x,0.98,11.69,12.41149091
02/22/2020,02:20:00 AM,x,0.99,12.51,12.57964318
02/22/2020,02:25:00 AM,x,0.99,13.12,12.76143182
02/22/2020,02:30:00 AM,x,0.99,13.49,12.94958409
02/22/2020,02:35:00 AM,x,1,13.81,13.16861591
02/22/2020,02:40:00 AM,x,1,13.9,13.390375
02/22/2020,02:45:00 AM,x,1,13.98,13.59213409
02/22/2020,02:50:00 AM,x,1,13.88,13.72210455
02/22/2020,02:55:00 AM,x,1,13.77,13.79389318
02/22/2020,03:00:00 AM,x,1,13.77,13.82386364
02/22/2020,03:05:00 AM,x,1,13.73,13.79840909
02/22/2020,03:10:00 AM,x,1,13.91,13.7775
02/22/2020,03:15:00 AM,x,1,13.94,13.76295455
02/22/2020,03:20:00 AM,x,1,13.91,13.75568182
02/22/2020,03:25:00 AM,x,1,13.82,13.77386364
02/22/2020,03:30:00 AM,x,1,13.53,13.79931818
02/22/2020,03:35:00 AM,x,1,13.67,13.8175
02/22/2020,03:40:00 AM,x,1,13.82,13.77477273
02/22/2020,03:45:00 AM,x,1,13.8,13.71116591
02/22/2020,03:50:00 AM,x,1,13.97,13.65392273
02/22/2020,03:55:00 AM,x,1,14.05,13.60667955
02/22/2020,04:00:00 AM,x,1,13.93,13.58489091
02/22/2020,04:05:00 AM,x,1,13.44,13.56128409
02/22/2020,04:10:00 AM,x,0.99,13.24,13.54582955
02/22/2020,04:15:00 AM,x,0.99,13.28,13.560375
02/22/2020,04:20:00 AM,x,0.99,13.3,13.57764773
02/22/2020,04:25:00 AM,x,0.99,13.29,13.59946591
02/22/2020,04:30:00 AM,x,0.99,13.41,13.63946591
02/22/2020,04:35:00 AM,x,1,13.65,13.72401136
02/22/2020,04:40:00 AM,x,1,13.96,13.78489091
02/22/2020,04:45:00 AM,x,1,14.16,13.81761818
02/22/2020,04:50:00 AM,x,1,14.29,13.83670909
02/22/2020,04:55:00 AM,x,1,14.37,13.87216364
02/22/2020,05:00:00 AM,x,1,14.37,13.90395227
02/22/2020,05:05:00 AM,x,1,13.91,13.91395227
02/22/2020,05:10:00 AM,x,0.99,13.64,13.88940682
02/22/2020,05:15:00 AM,x,0.99,13.51,13.85758864
02/22/2020,05:20:00 AM,x,0.99,13.68,13.80125455
02/22/2020,05:25:00 AM,x,1,13.76,13.75219318
02/22/2020,05:30:00 AM,x,1,13.76,13.69313182
02/22/2020,05:35:00 AM,x,1,13.69,13.65131364
02/22/2020,05:40:00 AM,x,1,13.81,13.62304318
02/22/2020,05:45:00 AM,x,0.99,13.67,13.6077
02/22/2020,05:50:00 AM,x,0.99,13.83,13.57163409
02/22/2020,05:55:00 AM,x,0.99,13.72,13.53625227
02/22/2020,06:00:00 AM,x,1,13.45,13.49956136
02/22/2020,06:05:00 AM,x,1.02,13.33,13.471275
02/22/2020,06:10:00 AM,0,1.26,13.35,13.46222045
02/22/2020,06:15:00 AM,0,2.12,13.32,13.51052955
02/22/2020,06:20:00 AM,0.02,4.36,13.48,13.57579318
02/22/2020,06:25:00 AM,0.18,7.88,13.58,13.63334545
02/22/2020,06:30:00 AM,0.44,12.42,13.75,13.67180909
02/22/2020,06:35:00 AM,0.47,12.68,14.09,13.68339773
02/22/2020,06:40:00 AM,0.28,9.87,14.49,13.64668864
02/22/2020,06:45:00 AM,0.28,9.67,14.83,13.59365
02/22/2020,06:50:00 AM,0.48,12.28,14.72,13.56350227
02/22/2020,06:55:00 AM,1.15,21.52,14.54,13.54189545
02/22/2020,07:00:00 AM,2.4,40.79,14.75,13.63357273
02/22/2020,07:05:00 AM,4.32,70.3,15.19,13.91867955
02/22/2020,07:10:00 AM,6.01,97.61,15.84,14.13536818
02/22/2020,07:15:00 AM,7.2,116.41,16.79,14.31433864
02/22/2020,07:20:00 AM,9.2,158.27,18.23,14.47610227
02/22/2020,07:25:00 AM,10.46,188.16,20.47,14.56705682
02/22/2020,07:30:00 AM,7.54,120.49,20.73,14.43103409
02/22/2020,07:35:00 AM,7.06,113.76,20.25,14.76965909
02/22/2020,07:40:00 AM,6.23,100.48,19.75,15.0772
02/22/2020,07:45:00 AM,6.62,106.76,19.57,15.23663409
02/22/2020,07:50:00 AM,8.98,150.12,19.72,15.287625
02/22/2020,07:55:00 AM,15.79,293.29,21.46,15.33192273
02/22/2020,08:00:00 AM,10.93,194.15,22.94,15.11400682
02/22/2020,08:05:00 AM,9.26,158.75,21.21,14.87068864
02/22/2020,08:10:00 AM,10.61,178.14,20.55,14.76978182
02/22/2020,08:15:00 AM,12,206.55,20.36,14.58197727
02/22/2020,08:20:00 AM,10.34,174.09,20.5,14.53845455
02/22/2020,08:25:00 AM,11.86,184.4,20.41,14.79178182
02/22/2020,08:30:00 AM,15.1,245.96,21.87,14.57408864
02/22/2020,08:35:00 AM,11.77,193.71,21.67,14.41776136
02/22/2020,08:40:00 AM,13.8,226.94,21.41,14.48636591
02/22/2020,08:45:00 AM,12.34,203.62,20.98,14.69201136
02/22/2020,08:50:00 AM,12.06,198.01,21.15,14.45939091
02/22/2020,08:55:00 AM,15.12,242.6,22.12,14.16691364
02/22/2020,09:00:00 AM,16.63,278.43,23.38,14.52478864
02/22/2020,09:05:00 AM,15.12,254.92,23.8,15.09930455
02/22/2020,09:10:00 AM,13.2,213.87,22.86,15.692775
02/22/2020,09:15:00 AM,20.47,387.9,24.89,16.32249318
02/22/2020,09:20:00 AM,40.07,683.7,33.42,17.05337273
02/22/2020,09:25:00 AM,38.08,655.91,39.13,17.60118182
02/22/2020,09:30:00 AM,30.08,521.72,38.65,18.30752955
02/22/2020,09:35:00 AM,33.53,585.15,39.58,18.71343864
02/22/2020,09:40:00 AM,37.61,635.1,41.93,19.78734773
02/22/2020,09:45:00 AM,34.06,566.02,41.15,20.96731591
02/22/2020,09:50:00 AM,35.05,568.88,38.75,22.02488864
02/22/2020,09:55:00 AM,28.88,473.82,37.5,22.36961364
02/22/2020,10:00:00 AM,33.49,548.92,37.82,22.23660682
02/22/2020,10:05:00 AM,16.67,245.47,35.7,22.08470682
02/22/2020,10:10:00 AM,13.02,186.68,31.33,21.92253409
02/22/2020,10:15:00 AM,12.65,178.06,28.62,21.66053409
02/22/2020,10:20:00 AM,11.54,161.08,26.84,20.74709318
02/22/2020,10:25:00 AM,12.55,170.43,25.77,19.79074773
02/22/2020,10:30:00 AM,15.53,212.87,25.81,19.79056818
02/22/2020,10:35:00 AM,15.97,223.22,26.76,18.62696364
02/22/2020,10:40:00 AM,16.28,223.62,27.14,17.88004545
02/22/2020,10:45:00 AM,39.61,622.66,30.45,18.75904091
02/22/2020,10:50:00 AM,61.94,983.66,43.55,19.20258636
02/22/2020,10:55:00 AM,46.33,739.75,44.02,19.35944318
02/22/2020,11:00:00 AM,55.3,922.69,44.91,19.43190909
02/22/2020,11:05:00 AM,60.77,1014.56,50.02,19.24893182
02/22/2020,11:10:00 AM,28.34,482.4,48.18,17.95518409
02/22/2020,11:15:00 AM,18.71,283.88,35.71,19.60749318
02/22/2020,11:20:00 AM,14.81,217.34,29.02,20.87435
02/22/2020,11:25:00 AM,15.58,223.42,26.95,21.17457045
02/22/2020,11:30:00 AM,20.42,303.92,27.37,22.04313182
02/22/2020,11:35:00 AM,63.06,999.35,38.12,22.39632045
02/22/2020,11:40:00 AM,32.14,480.34,44,21.52027955
02/22/2020,11:45:00 AM,26.3,382.57,37.95,21.26682955
02/22/2020,11:50:00 AM,30.97,459.06,38.2,21.39774545
02/22/2020,11:55:00 AM,24.65,372.1,36.57,21.63344091
02/22/2020,12:00:00 PM,22.64,356.25,32.51,21.98283636
02/22/2020,12:05:00 PM,14.16,229.06,30.31,23.28791591
02/22/2020,12:10:00 PM,5.88,100.74,26.97,22.36212727
02/22/2020,12:15:00 PM,1.91,37.03,24.6,21.56948409
02/22/2020,12:20:00 PM,1.01,21.8,22.99,20.92178636
02/22/2020,12:25:00 PM,0.79,16.74,21.88,20.10853409
02/22/2020,12:30:00 PM,0.78,16.4,20.53,19.54921818
02/22/2020,12:35:00 PM,0.67,15.53,18.71,18.77016818
02/22/2020,12:40:00 PM,0.7,16.08,17.32,17.92711364
02/22/2020,12:45:00 PM,0.8,17.05,16.71,17.06203636
02/22/2020,12:50:00 PM,1,19.97,16.18,16.28891136
02/22/2020,12:55:00 PM,1.08,22.48,15.51,15.57281136
02/22/2020,01:00:00 PM,1.36,27.2,15.18,14.94284318
02/22/2020,01:05:00 PM,1.45,27.62,15.32,14.48386591
02/22/2020,01:10:00 PM,1.87,33.21,14.96,14.18847727
02/22/2020,01:15:00 PM,2.75,46.55,15.29,14.00349773
02/22/2020,01:20:00 PM,3.59,59.42,15.39,13.92894091
02/22/2020,01:25:00 PM,5.1,81.62,15.72,13.99102273
02/22/2020,01:30:00 PM,5.27,85.03,15.92,14.08933409
02/22/2020,01:35:00 PM,5.16,83.75,16.27,14.18718182
02/22/2020,01:40:00 PM,5.04,82.12,16.79,14.30506591
02/22/2020,01:45:00 PM,4.32,69.82,16.98,14.421925
02/22/2020,01:50:00 PM,4.34,69.16,17.71,14.59416818
02/22/2020,01:55:00 PM,4.63,73.31,17.76,14.745225
02/22/2020,02:00:00 PM,4.24,66.81,17.67,14.76449545
02/22/2020,02:05:00 PM,4.48,72.08,17.52,14.66433864
02/22/2020,02:10:00 PM,4.72,74.69,17.49,14.55035455
02/22/2020,02:15:00 PM,4.13,65.43,17.48,14.31194318
02/22/2020,02:20:00 PM,5.08,77.57,17.25,13.92513409
02/22/2020,02:25:00 PM,8.11,118.2,17.21,13.56764773
02/22/2020,02:30:00 PM,9.38,138.88,16.96,13.27109091
02/22/2020,02:35:00 PM,10.03,149.93,17.74,13.05813182
02/22/2020,02:40:00 PM,10.79,157.59,17.21,12.88132045
02/22/2020,02:45:00 PM,13.2,188.08,17.32,12.81697727
02/22/2020,02:50:00 PM,14.94,213.69,18.39,13.08463409
02/22/2020,02:55:00 PM,14.84,214.26,19.2,13.52370682
02/22/2020,03:00:00 PM,17.39,234.62,20.46,13.93516364
02/22/2020,03:05:00 PM,22.79,284.38,22.36,14.31232955
02/22/2020,03:10:00 PM,20.81,274.9,23.58,14.82803409
02/22/2020,03:15:00 PM,11.69,181.44,23.57,15.44080227
02/22/2020,03:20:00 PM,6.68,108.36,21.72,16.019025
02/22/2020,03:25:00 PM,6.02,95.31,20.07,16.49504545
02/22/2020,03:30:00 PM,5.62,88.12,19.88,16.87429318
02/22/2020,03:35:00 PM,4.03,64.89,19.87,17.21766591
02/22/2020,03:40:00 PM,2.82,46.22,19.45,17.41353864
02/22/2020,03:45:00 PM,2.11,35.83,18.97,17.31802273
02/22/2020,03:50:00 PM,1.75,28.53,18.4,17.16716136
02/22/2020,03:55:00 PM,2.4,35.49,18.16,17.13541136
02/22/2020,04:00:00 PM,1.49,25.7,17.73,17.09250682
02/22/2020,04:05:00 PM,0.9,17.22,17.36,16.93933864
02/22/2020,04:10:00 PM,0.89,16.23,17.15,16.77957273
02/22/2020,04:15:00 PM,0.7,14.19,17,16.64043864
02/22/2020,04:20:00 PM,0.26,8.21,16.89,16.52377955
02/22/2020,04:25:00 PM,0.28,8.18,16.81,16.41986591
02/22/2020,04:30:00 PM,0.92,18.27,16.67,16.33496818
02/22/2020,04:35:00 PM,0.53,12.91,16.61,16.25774091
02/22/2020,04:40:00 PM,0.24,8.46,16.55,16.19495455
02/22/2020,04:45:00 PM,0.29,8.63,16.47,16.11233864
02/22/2020,04:50:00 PM,1.16,21.43,16.56,16.05175909
02/22/2020,04:55:00 PM,1.21,23.05,16.71,16.00511364
02/22/2020,05:00:00 PM,1.37,25.82,16.79,15.98511818
02/22/2020,05:05:00 PM,1,20.25,16.59,15.93393182
02/22/2020,05:10:00 PM,1.63,30.46,16.62,15.87791818
02/22/2020,05:15:00 PM,1.66,30.56,16.95,15.84668409
02/22/2020,05:20:00 PM,0.97,19.66,16.67,15.83797273
02/22/2020,05:25:00 PM,1.08,20.73,16.53,15.82842955
02/22/2020,05:30:00 PM,1.25,22.85,16.37,15.82293182
02/22/2020,05:35:00 PM,1.1,21.88,16.37,15.82838409
02/22/2020,05:40:00 PM,0.77,16.74,16.39,15.8587
02/22/2020,05:45:00 PM,0.64,14.84,16.25,15.85389318
02/22/2020,05:50:00 PM,0.35,10.28,16.19,15.83518182
02/22/2020,05:55:00 PM,0.12,6.45,16.1,15.83705227
02/22/2020,06:00:00 PM,0,3.02,16.09,15.84876364
02/22/2020,06:05:00 PM,0,1.43,16.01,15.84033636
02/22/2020,06:10:00 PM,0,1.11,15.94,15.80399545
02/22/2020,06:15:00 PM,0,1.07,15.86,15.77931364
02/22/2020,06:20:00 PM,0,1.02,15.91,15.76025
02/22/2020,06:25:00 PM,x,1.04,15.79,15.72805227
02/22/2020,06:30:00 PM,x,1.04,15.6,15.68208409
02/22/2020,06:35:00 PM,x,1.04,15.48,15.64141818
02/22/2020,06:40:00 PM,x,1.04,15.53,15.61529091
02/22/2020,06:45:00 PM,x,1.04,15.68,15.61540909
02/22/2020,06:50:00 PM,x,1.04,15.57,15.61353182
02/22/2020,06:55:00 PM,x,1.04,15.52,15.62989545
02/22/2020,07:00:00 PM,x,1.04,15.55,15.67807727
02/22/2020,07:05:00 PM,x,1.03,15.65,15.74080455
02/22/2020,07:10:00 PM,x,1.03,15.86,15.80353182
02/22/2020,07:15:00 PM,x,1.04,15.89,15.83625909
02/22/2020,07:20:00 PM,x,1.04,15.97,15.85083409
02/22/2020,07:25:00 PM,x,1.04,16.13,15.87268182
02/22/2020,07:30:00 PM,x,1.04,16.17,15.89634773
02/22/2020,07:35:00 PM,x,1.04,16.22,15.91543864
02/22/2020,07:40:00 PM,x,1.04,16.04,15.91816591
02/22/2020,07:45:00 PM,x,1.03,15.73,15.92546818
02/22/2020,07:50:00 PM,x,1.03,15.76,15.93095227
02/22/2020,07:55:00 PM,x,1.03,15.81,15.91098182
02/22/2020,08:00:00 PM,x,1.03,15.86,15.867375
02/22/2020,08:05:00 PM,x,1.03,15.89,15.81558636
02/22/2020,08:10:00 PM,x,1.03,15.97,15.79107045
02/22/2020,08:15:00 PM,x,1.03,16.03,15.78016136
02/22/2020,08:20:00 PM,x,1.03,15.91,15.69379773
02/22/2020,08:25:00 PM,x,1.03,15.69,15.53291818
02/22/2020,08:30:00 PM,x,1.03,15.65,15.36934091
02/22/2020,08:35:00 PM,x,1.03,15.77,15.20849091
02/22/2020,08:40:00 PM,x,1.03,15.61,15.04218636
02/22/2020,08:45:00 PM,x,1.03,14.81,14.87857955
02/22/2020,08:50:00 PM,x,1.02,14.04,14.71860909
02/22/2020,08:55:00 PM,x,1.01,14.06,14.54412273
02/22/2020,09:00:00 PM,x,1.01,14.12,14.35327273
02/22/2020,09:05:00 PM,x,1.01,14.14,14.15333182
02/22/2020,09:10:00 PM,x,1.02,14.23,13.99154318
02/22/2020,09:15:00 PM,x,1.02,14.15,13.89342045
02/22/2020,09:20:00 PM,x,1.01,13.77,13.87072273
02/22/2020,09:25:00 PM,x,1.01,13.55,13.85072273
02/22/2020,09:30:00 PM,x,1.01,13.57,13.83163182
02/22/2020,09:35:00 PM,x,1.02,13.83,13.80163182
02/22/2020,09:40:00 PM,x,1.01,13.73,13.75984318
02/22/2020,09:45:00 PM,x,1.01,13.79,13.72896364
02/22/2020,09:50:00 PM,x,1.01,13.84,13.73532727
02/22/2020,09:55:00 PM,x,1.01,13.91,13.76623636
02/22/2020,10:00:00 PM,x,1.01,13.81,13.79350909
02/22/2020,10:05:00 PM,x,1.01,13.77,13.80081136
02/22/2020,10:10:00 PM,x,1.01,13.81,13.81990227
02/22/2020,10:15:00 PM,x,1.01,13.84,13.83899318
02/22/2020,10:20:00 PM,x,1.01,13.89,13.85990227
02/22/2020,10:25:00 PM,x,1.01,13.87,13.867175
02/22/2020,10:30:00 PM,x,1.01,13.91,13.87353864
02/22/2020,10:35:00 PM,x,1.01,13.94,13.88444773
02/22/2020,10:40:00 PM,x,1.01,14,13.88444773
02/22/2020,10:45:00 PM,x,1.01,14.07,13.85538636
02/22/2020,10:50:00 PM,x,1.01,13.99,13.81268864
02/22/2020,10:55:00 PM,x,1.01,13.88,13.77268864
02/22/2020,11:00:00 PM,x,1.01,13.89,13.7209
02/22/2020,11:05:00 PM,x,1.01,13.81,13.66729318
02/22/2020,11:10:00 PM,x,1,13.52,13.61641364
02/22/2020,11:15:00 PM,x,1,13.42,13.55735227
02/22/2020,11:20:00 PM,x,1.01,13.43,13.5092
02/22/2020,11:25:00 PM,x,1,13.34,13.48192727
02/22/2020,11:30:00 PM,x,1,13.35,13.45374545
02/22/2020,11:35:00 PM,x,1,13.44,13.43556364
02/22/2020,11:40:00 PM,x,1,13.42,13.43738182
02/22/2020,11:45:00 PM,x,1,13.46,13.45283636
02/22/2020,11:50:00 PM,x,1.01,13.58,13.46195682
02/22/2020,11:55:00 PM,x,1.01,13.58,13.46650227
02/23/2020,12:00:00 AM,x,1.01,13.61,13.4692
02/23/2020,12:05:00 AM,x,1,13.54,13.47010909
02/23/2020,12:10:00 AM,x,1,13.59,13.47917045
02/23/2020,12:15:00 AM,x,1,13.53,13.47826136
02/23/2020,12:20:00 AM,x,1,13.39,13.44647273
02/23/2020,12:25:00 AM,x,1.01,13.38,13.40741136
02/23/2020,12:30:00 AM,x,1,13.45,13.36562273
02/23/2020,12:35:00 AM,x,1.01,13.52,13.33198636
02/23/2020,12:40:00 AM,x,1,13.45,13.27835
02/23/2020,12:45:00 AM,x,1,13.23,13.23922955
02/23/2020,12:50:00 AM,x,1,13.15,13.20922955
02/23/2020,12:55:00 AM,x,1,13.15,13.15835
02/23/2020,01:00:00 AM,x,1,13.17,13.10380455
02/23/2020,01:05:00 AM,x,1,13,13.04565227
02/23/2020,01:10:00 AM,x,1.01,13.1,13.00928864
02/23/2020,01:15:00 AM,x,1,13.06,12.99201591
02/23/2020,01:20:00 AM,x,1,12.82,12.972925
02/23/2020,01:25:00 AM,x,1,12.85,12.93837955
02/23/2020,01:30:00 AM,x,1,12.88,12.92474318
02/23/2020,01:35:00 AM,x,1,13.05,12.91383409
02/23/2020,01:40:00 AM,x,1,13.04,12.88931818
02/23/2020,01:45:00 AM,x,1,12.94,12.84204545
02/23/2020,01:50:00 AM,x,1,12.77,12.81022727
02/23/2020,01:55:00 AM,x,1,13.02,12.79022727
02/23/2020,02:00:00 AM,x,1,12.88,12.78386364
02/23/2020,02:05:00 AM,x,1,12.83,12.7575
02/23/2020,02:10:00 AM,x,1,12.54,12.73386364
02/23/2020,02:15:00 AM,x,1,12.47,12.72931818
02/23/2020,02:20:00 AM,x,1,12.63,12.7475
02/23/2020,02:25:00 AM,x,1,12.81,12.75386364
02/23/2020,02:30:00 AM,x,1,12.76,12.78840909
02/23/2020,02:35:00 AM,x,1,12.78,12.85477273
02/23/2020,02:40:00 AM,x,1,12.89,12.93931818
02/23/2020,02:45:00 AM,x,1,12.97,12.9975
02/23/2020,02:50:00 AM,x,1,13.09,13.0375
02/23/2020,02:55:00 AM,x,1,13.26,13.0375
02/23/2020,03:00:00 AM,x,1,13.56,13.03295455
02/23/2020,03:05:00 AM,x,1,13.47,13.02659091
02/23/2020,03:10:00 AM,x,1,13.11,13.01113636
02/23/2020,03:15:00 AM,x,1,13.07,12.98659091
02/23/2020,03:20:00 AM,x,1,12.81,12.95116591
02/23/2020,03:25:00 AM,x,1,12.71,12.90389318
02/23/2020,03:30:00 AM,x,1,12.71,12.82480227
02/23/2020,03:35:00 AM,x,1,12.72,12.75116591
02/23/2020,03:40:00 AM,x,1,12.7,12.72665
02/23/2020,03:45:00 AM,x,0.99,12.7,12.70395227
02/23/2020,03:50:00 AM,x,1,12.74,12.70492045
02/23/2020,03:55:00 AM,x,1,12.69,12.73770682
02/23/2020,04:00:00 AM,x,1,12.66,12.77319091
02/23/2020,04:05:00 AM,x,0.99,12.84,12.80688636
02/23/2020,04:10:00 AM,x,0.99,12.82,12.81876364
02/23/2020,04:15:00 AM,x,0.98,12.82,12.79970227
02/23/2020,04:20:00 AM,x,0.98,13.07,12.76157955
02/23/2020,04:25:00 AM,x,0.99,13.1,12.73166818
02/23/2020,04:30:00 AM,x,0.98,13.09,12.72081818
02/23/2020,04:35:00 AM,x,0.98,12.83,12.70175682
02/23/2020,04:40:00 AM,x,0.98,12.49,12.69905909
02/23/2020,04:45:00 AM,x,0.98,12.32,12.70633182
02/23/2020,04:50:00 AM,x,0.97,12.36,12.69815
02/23/2020,04:55:00 AM,x,0.98,12.54,12.68999773
02/23/2020,05:00:00 AM,x,0.98,12.63,12.68090682
02/23/2020,05:05:00 AM,x,0.98,12.79,12.69181591
02/23/2020,05:10:00 AM,x,0.98,12.9,12.74181591
02/23/2020,05:15:00 AM,x,0.98,12.98,12.81817955
02/23/2020,05:20:00 AM,x,0.98,13.01,12.90175682
02/23/2020,05:25:00 AM,x,0.98,12.99,12.98627273
02/23/2020,05:30:00 AM,x,0.98,12.95,13.05172727
02/23/2020,05:35:00 AM,x,0.98,13.04,13.09260682
02/23/2020,05:40:00 AM,x,0.98,13.16,13.1007
02/23/2020,05:45:00 AM,x,0.99,13.28,13.0892
02/23/2020,05:50:00 AM,x,0.99,13.47,13.06753864
02/23/2020,05:55:00 AM,x,0.98,13.35,13.04965
02/23/2020,06:00:00 AM,x,0.99,13.24,13.04018409
02/23/2020,06:05:00 AM,x,1.01,12.99,13.02603182
02/23/2020,06:10:00 AM,0,1.18,12.86,12.99885
02/23/2020,06:15:00 AM,0,1.85,12.8,12.98650682
02/23/2020,06:20:00 AM,0,3.65,12.88,12.97084773
02/23/2020,06:25:00 AM,0.07,6.03,13.01,12.960175
02/23/2020,06:30:00 AM,0.29,9.77,13.17,12.97431818
02/23/2020,06:35:00 AM,0.56,14.18,13.29,12.99883636
02/23/2020,06:40:00 AM,0.74,16.86,13.66,13.00193409
02/23/2020,06:45:00 AM,0.83,18.29,13.86,12.96846818
02/23/2020,06:50:00 AM,1,20.9,13.88,12.93596364
02/23/2020,06:55:00 AM,1.15,23.28,14.12,12.92683864
02/23/2020,07:00:00 AM,1.63,30.25,14.21,12.93480909
02/23/2020,07:05:00 AM,2.74,45.67,14.34,12.99775455
02/23/2020,07:10:00 AM,4.2,66.1,14.52,13.06506591
02/23/2020,07:15:00 AM,5.21,80.19,15.01,13.11346136
02/23/2020,07:20:00 AM,5.96,91.58,15.69,13.17670455
02/23/2020,07:25:00 AM,6.72,103.38,16.3,13.24776136
02/23/2020,07:30:00 AM,7.31,112.26,17.17,13.35188636
02/23/2020,07:35:00 AM,7.94,121.77,17.81,13.64630682
02/23/2020,07:40:00 AM,8.64,133.91,18.15,14.03336818
02/23/2020,07:45:00 AM,9.92,156.11,18.97,14.43830682
02/23/2020,07:50:00 AM,10.5,167.23,19.58,14.79260909
02/23/2020,07:55:00 AM,11.69,186.7,20.44,15.08704318
02/23/2020,08:00:00 AM,9.61,146.02,20.84,15.25754545
02/23/2020,08:05:00 AM,7.54,115.71,20.39,15.38740909
02/23/2020,08:10:00 AM,5.98,92.98,19.88,15.52801136
02/23/2020,08:15:00 AM,4.79,75.97,19.08,15.64795909
02/23/2020,08:20:00 AM,4.21,67.11,18.36,15.75704091
02/23/2020,08:25:00 AM,4.36,68.09,17.61,15.81821364
02/23/2020,08:30:00 AM,4.45,67.97,17.49,15.74395227
02/23/2020,08:35:00 AM,4.45,67.86,17.55,15.69587727
02/23/2020,08:40:00 AM,5.02,79.82,17.81,15.56507273
02/23/2020,08:45:00 AM,4.92,78.31,17.89,15.42764545
02/23/2020,08:50:00 AM,5.93,93.38,18.08,15.41099545
02/23/2020,08:55:00 AM,6.1,91.77,18.26,15.50643182
02/23/2020,09:00:00 AM,4.7,73.52,18.49,15.56049773
02/23/2020,09:05:00 AM,6.71,101.56,18.72,15.38323864
02/23/2020,09:10:00 AM,9.72,140.33,19.66,15.14387273
02/23/2020,09:15:00 AM,8.9,124.13,20.03,14.75217727
02/23/2020,09:20:00 AM,7.49,106.25,19.9,14.30613409
02/23/2020,09:25:00 AM,7,100.44,19.14,13.69393182
02/23/2020,09:30:00 AM,7.22,103.24,16.75,13.08274091
02/23/2020,09:35:00 AM,7.67,110.99,16.19,12.63380682
02/23/2020,09:40:00 AM,9.56,140.73,15.61,12.16911364
02/23/2020,09:45:00 AM,12.73,186.81,16.21,11.80503409
02/23/2020,09:50:00 AM,18.65,275.9,17.51,11.40274773
02/23/2020,09:55:00 AM,20.16,293,18.9,11.08166591
02/23/2020,10:00:00 AM,16.42,238.43,18.23,11.140025
02/23/2020,10:05:00 AM,15.96,232.38,17.54,11.34885909
02/23/2020,10:10:00 AM,14.24,208.28,18.76,11.68511818
02/23/2020,10:15:00 AM,17.18,252.87,20.24,12.17844318
02/23/2020,10:20:00 AM,19.18,286.96,21.67,12.86546136
02/23/2020,10:25:00 AM,16.24,243.18,21.94,13.54787045
02/23/2020,10:30:00 AM,14.5,216,21.9,14.10229091
02/23/2020,10:35:00 AM,16.99,248.15,22.8,14.79748409
02/23/2020,10:40:00 AM,17.93,258.3,23.96,15.33393636
02/23/2020,10:45:00 AM,17.96,258.14,24.49,15.95024091
02/23/2020,10:50:00 AM,18.17,256.8,25.23,16.54375
02/23/2020,10:55:00 AM,21.28,298.78,26.29,16.85929545
02/23/2020,11:00:00 AM,20.75,290.93,27.09,17.17951364
02/23/2020,11:05:00 AM,21.53,296.25,27.52,17.45305227
02/23/2020,11:10:00 AM,21.24,292.89,28.32,17.65821591
02/23/2020,11:15:00 AM,20.72,286.08,28.17,18.064325
02/23/2020,11:20:00 AM,22.99,316.38,27.79,18.32982727
02/23/2020,11:25:00 AM,22.24,302.08,28.22,18.67022273
02/23/2020,11:30:00 AM,24.17,331.26,28.51,18.68778636
02/23/2020,11:35:00 AM,27.71,388.86,30.46,18.53315682
02/23/2020,11:40:00 AM,23.05,320.38,30.98,18.27398409
02/23/2020,11:45:00 AM,25.73,350.63,31.2,18.00020909
02/23/2020,11:50:00 AM,26.08,356.8,31.92,18.25193409
02/23/2020,11:55:00 AM,30.78,424.37,31.62,18.59469318
02/23/2020,12:00:00 PM,33.29,474.74,31.62,18.927075
02/23/2020,12:05:00 PM,32.45,480.61,31.57,19.15468182
02/23/2020,12:10:00 PM,35.35,527.05,32.99,18.98941591
02/23/2020,12:15:00 PM,24.42,361.95,32.04,18.65196136
02/23/2020,12:20:00 PM,12.98,195.3,28.52,18.14607045
02/23/2020,12:25:00 PM,5.59,88.3,24.27,17.74880909
02/23/2020,12:30:00 PM,2.74,45.67,21.81,17.501025
02/23/2020,12:35:00 PM,3.01,46.47,20.26,17.31967273
02/23/2020,12:40:00 PM,4.68,72.23,18.44,17.18909318
02/23/2020,12:45:00 PM,4.67,68.64,16.99,16.53058182
02/23/2020,12:50:00 PM,7.08,94.52,16.53,15.87419545
02/23/2020,12:55:00 PM,8.81,109.99,17.04,15.53802045
02/23/2020,01:00:00 PM,7.82,100.76,17.23,15.32938636
02/23/2020,01:05:00 PM,7.4,93.4,17.46,15.19129545
02/23/2020,01:10:00 PM,14.2,171.6,18.61,15.26891364
02/23/2020,01:15:00 PM,14.16,183,20.9,15.44064318
02/23/2020,01:20:00 PM,8.59,114.39,21.42,15.71463182
02/23/2020,01:25:00 PM,4.88,68.9,20.27,15.96365455
02/23/2020,01:30:00 PM,4.81,63.67,19.3,16.19007045
02/23/2020,01:35:00 PM,3.67,51.19,18.61,16.39668409
02/23/2020,01:40:00 PM,3.91,56.67,18.49,16.73892955
02/23/2020,01:45:00 PM,4.19,61.17,18.46,16.89122273
02/23/2020,01:50:00 PM,3.88,57.09,18.06,16.77702955
02/23/2020,01:55:00 PM,3.32,49.05,18.04,16.55000682
02/23/2020,02:00:00 PM,2.54,36.7,17.89,16.24364545
02/23/2020,02:05:00 PM,1.69,26.84,17.67,15.87855227
02/23/2020,02:10:00 PM,1.33,24.07,17.41,15.55405682
02/23/2020,02:15:00 PM,1.16,21.04,17.13,15.27593182
02/23/2020,02:20:00 PM,1.1,20.2,16.19,15.04578409
02/23/2020,02:25:00 PM,1.66,28.9,14.8,14.78144091
02/23/2020,02:30:00 PM,1.9,34.76,14.06,14.47614091
02/23/2020,02:35:00 PM,1.15,23.73,13.85,14.17319091
02/23/2020,02:40:00 PM,0.65,15.92,13.93,13.89981591
02/23/2020,02:45:00 PM,0.48,13.14,14.1,13.62236136
02/23/2020,02:50:00 PM,0.59,14.52,14.01,13.41519091
02/23/2020,02:55:00 PM,0.94,20.34,14,13.35875909
02/23/2020,03:00:00 PM,1.01,22.3,14.19,13.39667273
02/23/2020,03:05:00 PM,0.95,21.52,14.32,13.43181364
02/23/2020,03:10:00 PM,0.77,18.64,14,13.43468409
02/23/2020,03:15:00 PM,0.61,15.55,13.76,13.40229545
02/23/2020,03:20:00 PM,0.67,16,13.76,13.39605
02/23/2020,03:25:00 PM,0.76,17.62,13.92,13.42070227
02/23/2020,03:30:00 PM,0.79,17.99,14.05,13.44337045
02/23/2020,03:35:00 PM,0.97,21.41,14.14,13.46763636
02/23/2020,03:40:00 PM,1.13,24.41,14.11,13.48449318
02/23/2020,03:45:00 PM,1.25,26.48,14.33,13.5
02/23/2020,03:50:00 PM,1.22,26.15,14.46,13.49531364
02/23/2020,03:55:00 PM,0.98,22.32,14.44,13.480475
02/23/2020,04:00:00 PM,0.74,18.23,14.48,13.45489545
02/23/2020,04:05:00 PM,0.82,17.55,14.15,13.44006136
02/23/2020,04:10:00 PM,1.48,27.84,14.33,13.45855909
02/23/2020,04:15:00 PM,2,35.74,14.35,13.45648182
02/23/2020,04:20:00 PM,2.32,38.95,14.45,13.45806364
02/23/2020,04:25:00 PM,2.9,46.34,14.69,13.42843409
02/23/2020,04:30:00 PM,3.49,53.2,15.01,13.412075
02/23/2020,04:35:00 PM,3.72,55.38,15.32,13.44350682
02/23/2020,04:40:00 PM,4.18,62.26,15.47,13.48631136
02/23/2020,04:45:00 PM,4.02,62.23,15.65,13.53916818
02/23/2020,04:50:00 PM,4.25,66.81,15.56,13.60205227
02/23/2020,04:55:00 PM,3.4,56.69,15.55,13.64953182
02/23/2020,05:00:00 PM,2.52,44.45,15.37,13.67408864
02/23/2020,05:05:00 PM,2.08,37.66,15.12,13.65573409
02/23/2020,05:10:00 PM,1.82,33.85,14.87,13.64444545
02/23/2020,05:15:00 PM,1.66,31.82,14.91,13.61767727
02/23/2020,05:20:00 PM,1.56,30.27,14.69,13.62094091
02/23/2020,05:25:00 PM,1.38,27.35,14.44,13.58765227
02/23/2020,05:30:00 PM,1.04,21.9,14.03,13.55712955
02/23/2020,05:35:00 PM,0.73,16.85,13.87,13.54499091
02/23/2020,05:40:00 PM,0.64,15.29,13.83,13.56064091
02/23/2020,05:45:00 PM,0.48,13.09,13.85,13.57042273
02/23/2020,05:50:00 PM,0.23,8.88,13.63,13.56933409
02/23/2020,05:55:00 PM,0.05,5.55,13.77,13.58355
02/23/2020,06:00:00 PM,0,4.23,13.9,13.61893636
02/23/2020,06:05:00 PM,0,3.63,14.06,13.647525
02/23/2020,06:10:00 PM,0,1.74,14.04,13.66605
02/23/2020,06:15:00 PM,0,1.1,13.73,13.67989318
02/23/2020,06:20:00 PM,0,1,13.74,13.69947955
02/23/2020,06:25:00 PM,0,1,13.74,13.69922727
02/23/2020,06:30:00 PM,x,1.02,13.67,13.68780227
02/23/2020,06:35:00 PM,x,1.02,13.57,13.63915
02/23/2020,06:40:00 PM,x,1.02,13.61,13.57676136
02/23/2020,06:45:00 PM,x,1.02,13.59,13.55248182
02/23/2020,06:50:00 PM,x,1.02,13.62,13.53790682
02/23/2020,06:55:00 PM,x,1.02,13.67,13.53060455
02/23/2020,07:00:00 PM,x,1.02,13.44,13.52699773
02/23/2020,07:05:00 PM,x,1.01,13.33,13.49339091
02/23/2020,07:10:00 PM,x,1.01,13.46,13.44072273
02/23/2020,07:15:00 PM,x,1.01,13.58,13.39441818
02/23/2020,07:20:00 PM,x,1.01,13.66,13.34353864
02/23/2020,07:25:00 PM,x,1.01,13.63,13.27902273
02/23/2020,07:30:00 PM,x,1.01,13.2,13.25905227
02/23/2020,07:35:00 PM,x,1,13.03,13.25817273
02/23/2020,07:40:00 PM,x,1,13.08,13.265475
02/23/2020,07:45:00 PM,x,1.01,13.06,13.275475
02/23/2020,07:50:00 PM,x,1.01,12.96,13.28638409
02/23/2020,07:55:00 PM,x,1.01,13.22,13.27183864
02/23/2020,08:00:00 PM,x,1,13.32,13.28274773
02/23/2020,08:05:00 PM,x,1,13.54,13.32271818
02/23/2020,08:10:00 PM,x,1.01,13.69,13.36817273
02/23/2020,08:15:00 PM,x,1.01,13.78,13.40908182
02/23/2020,08:20:00 PM,x,1.01,13.47,13.44999091
02/23/2020,08:25:00 PM,x,1.01,13.32,13.47544545
02/23/2020,08:30:00 PM,x,1.01,13.47,13.49450682
02/23/2020,08:35:00 PM,x,1,13.58,13.49629545
02/23/2020,08:40:00 PM,x,1.01,13.51,13.49447727
02/23/2020,08:45:00 PM,x,1.01,13.41,13.47538636
02/23/2020,08:50:00 PM,x,1.01,13.5,13.47629545
02/23/2020,08:55:00 PM,x,1.01,13.53,13.51356818
02/23/2020,09:00:00 PM,x,1.01,13.56,13.55538636
02/23/2020,09:05:00 PM,x,1.01,13.67,13.57899318
02/23/2020,09:10:00 PM,x,1.01,13.57,13.59535682
02/23/2020,09:15:00 PM,x,1.01,13.48,13.63081136
02/23/2020,09:20:00 PM,x,1.01,13.73,13.65626591
02/23/2020,09:25:00 PM,x,1.01,13.93,13.66444773
02/23/2020,09:30:00 PM,x,1.01,13.84,13.66538636
02/23/2020,09:35:00 PM,x,1.01,13.69,13.65538636
02/23/2020,09:40:00 PM,x,1.01,13.8,13.66265909
02/23/2020,09:45:00 PM,x,1.01,13.78,13.68993182
02/23/2020,09:50:00 PM,x,1.01,13.62,13.71265909
02/23/2020,09:55:00 PM,x,1,13.57,13.69447727
02/23/2020,10:00:00 PM,x,1.01,13.56,13.65265909
02/23/2020,10:05:00 PM,x,1.01,13.65,13.62175
02/23/2020,10:10:00 PM,x,1.01,13.78,13.56902273
02/23/2020,10:15:00 PM,x,1.01,13.98,13.50268864
02/23/2020,10:20:00 PM,x,1.01,13.73,13.4209
02/23/2020,10:25:00 PM,x,1.01,13.38,13.33908182
02/23/2020,10:30:00 PM,x,1.01,13.35,13.24092955
02/23/2020,10:35:00 PM,x,1.01,13.22,13.13186818
02/23/2020,10:40:00 PM,x,1,13.05,13.02371591
02/23/2020,10:45:00 PM,x,1,12.72,12.93010909
02/23/2020,10:50:00 PM,x,1,12.67,12.88832045
02/23/2020,10:55:00 PM,x,1,12.48,12.89013864
02/23/2020,11:00:00 PM,x,1,12.45,12.90650227
02/23/2020,11:05:00 PM,x,1,12.59,12.94741136
02/23/2020,11:10:00 PM,x,1,12.95,13.00283636
02/23/2020,11:15:00 PM,x,1,13.27,13.09007955
02/23/2020,11:20:00 PM,x,1.01,13.4,13.19641364
02/23/2020,11:25:00 PM,x,1.01,13.53,13.33456591
02/23/2020,11:30:00 PM,x,1.01,13.67,13.46908182
02/23/2020,11:35:00 PM,x,1.01,13.66,13.58905227
02/23/2020,11:40:00 PM,x,1.01,13.68,13.66450682
02/23/2020,11:45:00 PM,x,1.01,13.84,13.70905227
02/23/2020,11:50:00 PM,x,1.01,14,13.74268864
02/23/2020,11:55:00 PM,x,1.01,13.93,13.7609
02/24/2020,12:00:00 AM,x,1.01,13.91,13.765475
02/24/2020,12:05:00 AM,x,1,13.78,13.77823182
02/24/2020,12:10:00 AM,x,1,13.76,13.79007955
02/24/2020,12:15:00 AM,x,1.01,13.77,13.79644318
02/24/2020,12:20:00 AM,x,1,13.73,13.80007955
02/24/2020,12:25:00 AM,x,1,13.72,13.81101818
02/24/2020,12:30:00 AM,x,1,13.8,13.82556364
02/24/2020,12:35:00 AM,x,1,13.81,13.85010909
02/24/2020,12:40:00 AM,x,1.01,13.91,13.87647273
02/24/2020,12:45:00 AM,x,1.01,14.04,13.903775
02/24/2020,12:50:00 AM,x,1,14.05,13.93559318
02/24/2020,12:55:00 AM,x,1.01,14.07,13.96738182
02/24/2020,01:00:00 AM,x,1,14.05,13.98374545
02/24/2020,01:05:00 AM,x,1,14.05,13.98556364
02/24/2020,01:10:00 AM,x,1,14.07,13.96468409
02/24/2020,01:15:00 AM,x,1,14.08,13.93471364
02/24/2020,01:20:00 AM,x,1.01,14.07,13.88744091
02/24/2020,01:25:00 AM,x,1,13.98,13.84201591
02/24/2020,01:30:00 AM,x,1,13.83,13.792925
02/24/2020,01:35:00 AM,x,1,13.68,13.73656136
02/24/2020,01:40:00 AM,x,1,13.71,13.67931818
02/24/2020,01:45:00 AM,x,1,13.53,13.60389318
02/24/2020,01:50:00 AM,x,1,13.57,13.50577045
02/24/2020,01:55:00 AM,x,1,13.51,13.39761818
02/24/2020,02:00:00 AM,x,1,13.43,13.29855682
02/24/2020,02:05:00 AM,x,0.99,13.44,13.20404091
02/24/2020,02:10:00 AM,x,0.99,13.25,13.11316136
02/24/2020,02:15:00 AM,x,0.99,12.99,13.04682727
02/24/2020,02:20:00 AM,x,0.99,12.79,12.97412955
02/24/2020,02:25:00 AM,x,0.99,12.74,12.89052273
02/24/2020,02:30:00 AM,x,0.99,12.64,12.82055227
02/24/2020,02:35:00 AM,x,0.99,12.71,12.76055227
02/24/2020,02:40:00 AM,x,0.99,12.8,12.72509773
02/24/2020,02:45:00 AM,x,0.99,12.77,12.69691591
02/24/2020,02:50:00 AM,x,0.99,12.59,12.67327955
02/24/2020,02:55:00 AM,x,0.99,12.66,12.65873409
02/24/2020,03:00:00 AM,x,0.99,12.78,12.66237045
02/24/2020,03:05:00 AM,x,0.99,12.86,12.66327955
02/24/2020,03:10:00 AM,x,0.99,12.68,12.66055227
02/24/2020,03:15:00 AM,x,0.99,12.53,12.66691591
02/24/2020,03:20:00 AM,x,0.99,12.58,12.69415909
02/24/2020,03:25:00 AM,x,0.99,12.68,12.70231136
02/24/2020,03:30:00 AM,x,0.99,12.72,12.69591818
02/24/2020,03:35:00 AM,x,0.99,12.77,12.67316136
02/24/2020,03:40:00 AM,x,0.99,12.84,12.65585909
02/24/2020,03:45:00 AM,x,1,12.89,12.65767727
02/24/2020,03:50:00 AM,x,1,12.75,12.65131364
02/24/2020,03:55:00 AM,x,1,12.71,12.63131364
02/24/2020,04:00:00 AM,x,1,12.61,12.61222273
02/24/2020,04:05:00 AM,x,1,12.49,12.59764773
02/24/2020,04:10:00 AM,x,0.99,12.55,12.57492045
02/24/2020,04:15:00 AM,x,0.99,12.51,12.54401136
02/24/2020,04:20:00 AM,x,0.99,12.46,12.53673864
02/24/2020,04:25:00 AM,x,0.99,12.51,12.54585909
02/24/2020,04:30:00 AM,x,1,12.61,12.56404091
02/24/2020,04:35:00 AM,x,0.99,12.59,12.58407045
02/24/2020,04:40:00 AM,x,1,12.55,12.59676818
02/24/2020,04:45:00 AM,x,1,12.67,12.60673864
02/24/2020,04:50:00 AM,x,0.99,12.81,12.62398182
02/24/2020,04:55:00 AM,x,1,12.81,12.641225
02/24/2020,05:00:00 AM,x,0.99,12.71,12.62852727
02/24/2020,05:05:00 AM,x,1,12.69,12.61395227
02/24/2020,05:10:00 AM,x,1,12.62,12.60667955
02/24/2020,05:15:00 AM,x,1,12.65,12.58758864
02/24/2020,05:20:00 AM,x,1,12.7,12.55210455
02/24/2020,05:25:00 AM,x,0.99,12.47,12.52483182
02/24/2020,05:30:00 AM,x,1,12.43,12.51480227
02/24/2020,05:35:00 AM,x,1,12.47,12.50113636
02/24/2020,05:40:00 AM,x,1,12.46,12.48538636
02/24/2020,05:45:00 AM,x,1,12.42,12.45863182
02/24/2020,05:50:00 AM,x,1,12.51,12.42227045
02/24/2020,05:55:00 AM,x,1,12.6,12.41107045
02/24/2020,06:00:00 AM,x,1.01,12.54,12.40809545
02/24/2020,06:05:00 AM,x,1.1,12.45,12.39217045
02/24/2020,06:10:00 AM,0,1.44,12.37,12.36939091
02/24/2020,06:15:00 AM,0,2.23,12.34,12.34654545
02/24/2020,06:20:00 AM,0,3.55,12.43,12.31607955
02/24/2020,06:25:00 AM,0.11,6.93,12.59,12.284075
02/24/2020,06:30:00 AM,0.55,14.39,12.73,12.241975
02/24/2020,06:35:00 AM,0.98,20.71,12.85,12.21531818
02/24/2020,06:40:00 AM,1.26,25.04,12.95,12.19921364
02/24/2020,06:45:00 AM,1.5,28.85,13.08,12.19075
02/24/2020,06:50:00 AM,1.7,32.14,13.26,12.18088182
02/24/2020,06:55:00 AM,2.02,36.49,13.23,12.16705455
02/24/2020,07:00:00 AM,2.17,38.43,13.37,12.15235909
02/24/2020,07:05:00 AM,2.44,41.66,13.5,12.16621591
02/24/2020,07:10:00 AM,2.76,45.71,13.66,12.21755
02/24/2020,07:15:00 AM,3.17,50.89,13.86,12.28986136
02/24/2020,07:20:00 AM,3.85,59.61,14.15,12.39064091
02/24/2020,07:25:00 AM,4.86,73.21,14.48,12.57334091
02/24/2020,07:30:00 AM,5.86,88.02,15.19,12.47455
02/24/2020,07:35:00 AM,6.85,103.05,16.05,12.90325227
02/24/2020,07:40:00 AM,7.98,119.76,16.83,13.22553864
02/24/2020,07:45:00 AM,9.01,138.03,17.81,13.51266591
02/24/2020,07:50:00 AM,9.18,141.73,18.66,13.88391364
02/24/2020,07:55:00 AM,17.39,304.79,20.94,14.209075
02/24/2020,08:00:00 AM,11.3,179.33,22.69,14.529125
02/24/2020,08:05:00 AM,12.2,191.09,21.93,14.81616136
02/24/2020,08:10:00 AM,13.57,216.17,22.39,15.14419318
02/24/2020,08:15:00 AM,13.24,206.88,23.02,15.43372727
02/24/2020,08:20:00 AM,13.98,210.54,22.52,15.57796818
02/24/2020,08:25:00 AM,14.42,215.08,22.84,16.04564545
02/24/2020,08:30:00 AM,15.89,239.13,23.63,16.07203409
02/24/2020,08:35:00 AM,15.56,234.58,24.17,16.28209091
02/24/2020,08:40:00 AM,15.53,233.88,24.11,16.34995682
02/24/2020,08:45:00 AM,17.89,272.91,24.51,16.78257045
02/24/2020,08:50:00 AM,19.73,299.73,25.92,17.243825
02/24/2020,08:55:00 AM,19.61,296.86,26.8,17.58953636
02/24/2020,09:00:00 AM,19.19,293.84,27.58,17.94146364
02/24/2020,09:05:00 AM,24.55,401.2,29.15,18.25838636
02/24/2020,09:10:00 AM,19.09,285.38,30.33,18.61942273
02/24/2020,09:15:00 AM,17.47,257.5,29.12,19.05617727
02/24/2020,09:20:00 AM,17.6,258.07,28.04,19.41490227
02/24/2020,09:25:00 AM,17.54,254.17,27.99,19.81125682
02/24/2020,09:30:00 AM,17.83,257.16,28.39,20.07304318
02/24/2020,09:35:00 AM,17.6,254.76,28.76,20.37150909
02/24/2020,09:40:00 AM,18.68,272.47,29.3,20.09371136
02/24/2020,09:45:00 AM,20.64,305.7,30.06,19.65147955
02/24/2020,09:50:00 AM,19.6,287.94,30.87,19.45343636
02/24/2020,09:55:00 AM,19.3,280.62,30.03,19.39021364
02/24/2020,10:00:00 AM,19.45,278.95,28.46,19.24328636
02/24/2020,10:05:00 AM,20.62,293.25,27.53,19.03827727
02/24/2020,10:10:00 AM,23.08,329.64,26.6,18.72428182
02/24/2020,10:15:00 AM,21.01,293.1,27,18.37322045
02/24/2020,10:20:00 AM,17.08,238.03,26.77,17.89803182
02/24/2020,10:25:00 AM,15.32,216.12,25.44,17.54675227
02/24/2020,10:30:00 AM,15.74,219.84,25.37,17.45228636
02/24/2020,10:35:00 AM,19.4,270.13,25.77,17.81988864
02/24/2020,10:40:00 AM,25.02,351.29,27.68,18.42615455
02/24/2020,10:45:00 AM,31.67,459.85,31.23,18.72229091
02/24/2020,10:50:00 AM,37.45,556.13,35.12,18.933875
02/24/2020,10:55:00 AM,35.56,530,35.58,19.09366818
02/24/2020,11:00:00 AM,27.64,407.6,35.29,19.2012
02/24/2020,11:05:00 AM,21.95,316.75,32.85,19.436525
02/24/2020,11:10:00 AM,17.48,246.1,28.73,19.74297273
02/24/2020,11:15:00 AM,11.9,167.34,26.8,19.99454773
02/24/2020,11:20:00 AM,9.48,136.19,24.6,20.20946818
02/24/2020,11:25:00 AM,9.46,140.06,23.96,20.36951591
02/24/2020,11:30:00 AM,8.5,128.02,23.74,20.16952955
02/24/2020,11:35:00 AM,8.3,116.8,23.43,19.89399545
02/24/2020,11:40:00 AM,9.55,136.24,23.48,19.73774091
02/24/2020,11:45:00 AM,8.26,127.08,23.54,19.46485
02/24/2020,11:50:00 AM,6.73,103.83,23.49,19.31557955
02/24/2020,11:55:00 AM,5.98,94.98,22.93,19.26848182
02/24/2020,12:00:00 PM,6.26,97.7,22.7,19.24828864
02/24/2020,12:05:00 PM,7.98,117.14,22.82,19.28290227
02/24/2020,12:10:00 PM,10.61,150.78,23.26,19.50242273
02/24/2020,12:15:00 PM,12.23,175.02,24.22,19.66105
02/24/2020,12:20:00 PM,13.62,190.77,25.09,19.67538182
02/24/2020,12:25:00 PM,16.26,215.47,26.36,19.70224091
02/24/2020,12:30:00 PM,18.44,233.7,27.61,19.77244773
02/24/2020,12:35:00 PM,14.54,184.71,27.47,19.92304545
02/24/2020,12:40:00 PM,12.89,168.16,26.62,20.19293864
02/24/2020,12:45:00 PM,13.43,180.21,26.13,20.30390227
02/24/2020,12:50:00 PM,13.97,187.12,26.22,20.24312727
02/24/2020,12:55:00 PM,14.82,197.63,26.72,20.01226136
02/24/2020,01:00:00 PM,15.34,208.63,27.45,19.55712045
02/24/2020,01:05:00 PM,14.46,192.97,27.6,18.97101364
02/24/2020,01:10:00 PM,16.39,216.54,26.79,18.49441818
02/24/2020,01:15:00 PM,17.45,243.34,26.13,18.31525682
02/24/2020,01:20:00 PM,19.64,278.84,25.88,18.16299091
02/24/2020,01:25:00 PM,23.57,335.44,25.91,18.18866818
02/24/2020,01:30:00 PM,25.56,363.7,26.84,18.31939545
02/24/2020,01:35:00 PM,26.02,370.7,27.96,18.41673409
02/24/2020,01:40:00 PM,22.6,322.08,28.77,18.64952727
02/24/2020,01:45:00 PM,22.43,324.81,29.02,19.01296136
02/24/2020,01:50:00 PM,19.7,282.17,29.75,19.46614091
02/24/2020,01:55:00 PM,13.68,198.23,28.55,20.01649091
02/24/2020,02:00:00 PM,11.47,168.64,27.88,20.32750455
02/24/2020,02:05:00 PM,10.8,156.21,27.39,20.31716591
02/24/2020,02:10:00 PM,10.76,153.87,27.22,20.05701364
02/24/2020,02:15:00 PM,10.01,139.61,26.34,19.96525227
02/24/2020,02:20:00 PM,10.96,148.86,25.9,19.77834773
02/24/2020,02:25:00 PM,11.59,156.28,23.52,19.46072955
02/24/2020,02:30:00 PM,12.79,171.43,21.37,19.05041364
02/24/2020,02:35:00 PM,15.62,207.67,22.19,18.89011818
02/24/2020,02:40:00 PM,16.7,219.56,24.59,18.80407045
02/24/2020,02:45:00 PM,19.27,245.43,26.5,18.66872273
02/24/2020,02:50:00 PM,25.24,271.27,27.43,18.52458636
02/24/2020,02:55:00 PM,29.81,289.67,27.3,18.53033409
02/24/2020,03:00:00 PM,13.57,184.31,26.54,18.83055455
02/24/2020,03:05:00 PM,6.34,88.84,24.16,19.16104318
02/24/2020,03:10:00 PM,5,69.42,22.57,19.17029318
02/24/2020,03:15:00 PM,5.83,74.26,21.89,18.88432273
02/24/2020,03:20:00 PM,7.99,94.95,21.59,18.53685455
02/24/2020,03:25:00 PM,5.09,62.74,21.14,18.14098636
02/24/2020,03:30:00 PM,3.1,40.12,20.38,17.45450227
02/24/2020,03:35:00 PM,2.84,37.66,18.78,16.70160682
02/24/2020,03:40:00 PM,2.41,30.22,16.36,15.97008409
02/24/2020,03:45:00 PM,1.75,25.49,15.62,15.02058182
02/24/2020,03:50:00 PM,1.84,33.81,14.63,14.20800227
02/24/2020,03:55:00 PM,2.14,39.12,14.27,13.47614091
02/24/2020,04:00:00 PM,2.3,41.82,14.35,12.79506136
02/24/2020,04:05:00 PM,2.05,37.32,13.48,12.26001136
02/24/2020,04:10:00 PM,2,35.63,10.19,11.92149773
02/24/2020,04:15:00 PM,1.96,34.9,10.7,11.62496364
02/24/2020,04:20:00 PM,1.98,35.37,12.2,11.44850909
02/24/2020,04:25:00 PM,2.05,35.87,12.75,11.31881818
02/24/2020,04:30:00 PM,2.05,36.6,12.86,11.185625
02/24/2020,04:35:00 PM,2.21,38.64,12.91,11.11853409
02/24/2020,04:40:00 PM,2.4,41.24,12.87,11.39610909
02/24/2020,04:45:00 PM,2.66,44.61,13.04,11.68925455
02/24/2020,04:50:00 PM,3.24,50.4,13.21,11.90587727
02/24/2020,04:55:00 PM,4.06,61.67,13.53,12.09728636
02/24/2020,05:00:00 PM,4.58,63.72,13.6,12.26071136
02/24/2020,05:05:00 PM,5.1,63.22,14.14,12.43755
02/24/2020,05:10:00 PM,5.9,69.22,15.04,12.63942273
02/24/2020,05:15:00 PM,6.48,75.59,15.89,12.88869091
02/24/2020,05:20:00 PM,8.47,82.47,16.37,13.15693864
02/24/2020,05:25:00 PM,8.24,90.21,16.4,13.43262955
02/24/2020,05:30:00 PM,6.42,91.71,16.58,13.70916136
02/24/2020,05:35:00 PM,5.42,82.76,16.44,13.94435682
02/24/2020,05:40:00 PM,4.5,68.55,16.56,14.11942955
02/24/2020,05:45:00 PM,3.29,50.07,16.15,14.23304773
02/24/2020,05:50:00 PM,1.9,29.59,15.52,14.31277955
02/24/2020,05:55:00 PM,0.71,14.74,15.05,14.39608864
02/24/2020,06:00:00 PM,0.17,7,14.9,14.43864091
02/24/2020,06:05:00 PM,0,2.58,14.8,14.43469091
02/24/2020,06:10:00 PM,0,1.75,14.74,14.35602955
02/24/2020,06:15:00 PM,0,1.33,14.61,14.24640455
02/24/2020,06:20:00 PM,0,1.09,14.42,14.13717955
02/24/2020,06:25:00 PM,0,1,14.1,14.03865455
02/24/2020,06:30:00 PM,0,1.02,13.74,13.93632273
02/24/2020,06:35:00 PM,x,1.02,13.5,13.85005227
02/24/2020,06:40:00 PM,x,1.02,13.35,13.76857273
02/24/2020,06:45:00 PM,x,1.02,13.39,13.68860909
02/24/2020,06:50:00 PM,x,1.01,13.52,13.61336136
02/24/2020,06:55:00 PM,x,1.02,13.58,13.56330227
02/24/2020,07:00:00 PM,x,1.01,13.8,13.54693864
02/24/2020,07:05:00 PM,x,1.02,13.82,13.54605909
02/24/2020,07:10:00 PM,x,1.01,13.72,13.549725
02/24/2020,07:15:00 PM,x,1.02,13.59,13.5343
02/24/2020,07:20:00 PM,x,1.02,13.55,13.49339091
02/24/2020,07:25:00 PM,x,1.02,13.56,13.44069318
02/24/2020,07:30:00 PM,x,1.01,13.49,13.36160227
02/24/2020,07:35:00 PM,x,1.01,13.39,13.28435909
02/24/2020,07:40:00 PM,x,1.01,13.22,13.22890455
02/24/2020,07:45:00 PM,x,1.01,13.07,13.19347955
02/24/2020,07:50:00 PM,x,1.01,13,13.18532727
02/24/2020,07:55:00 PM,x,1.01,12.93,13.20444773
02/24/2020,08:00:00 PM,x,1.01,12.97,13.23535682
02/24/2020,08:05:00 PM,x,1.01,13.11,13.26990227
02/24/2020,08:10:00 PM,x,1.01,13.2,13.31262955
02/24/2020,08:15:00 PM,x,1.01,13.46,13.347175
02/24/2020,08:20:00 PM,x,1.01,13.77,13.37444773
02/24/2020,08:25:00 PM,x,1.01,13.83,13.40899318
02/24/2020,08:30:00 PM,x,1.01,13.77,13.44990227
02/24/2020,08:35:00 PM,x,1.01,13.69,13.50172045
02/24/2020,08:40:00 PM,x,1.01,13.45,13.58172045
02/24/2020,08:45:00 PM,x,1.01,13.3,13.62805455
02/24/2020,08:50:00 PM,x,1.01,13.31,13.62350909
02/24/2020,08:55:00 PM,x,1.01,13.42,13.59987273
02/24/2020,09:00:00 PM,x,1.01,13.68,13.57805455
02/24/2020,09:05:00 PM,x,1.01,14.08,13.56532727
02/24/2020,09:10:00 PM,x,1.02,13.97,13.58805455
02/24/2020,09:15:00 PM,x,1.01,13.72,13.6526
02/24/2020,09:20:00 PM,x,1.01,13.57,13.72078182
02/24/2020,09:25:00 PM,x,1.01,13.53,13.75805455
02/24/2020,09:30:00 PM,x,1.01,13.55,13.75714545
02/24/2020,09:35:00 PM,x,1.01,13.7,13.70899318
02/24/2020,09:40:00 PM,x,1.01,14.01,13.67541591
02/24/2020,09:45:00 PM,x,1.01,14.06,13.6709
02/24/2020,09:50:00 PM,x,1.01,13.83,13.67911136
02/24/2020,09:55:00 PM,x,1.01,13.67,13.68368636
02/24/2020,10:00:00 PM,x,1,13.55,13.70189773
02/24/2020,10:05:00 PM,x,1,13.6,13.72098864
02/24/2020,10:10:00 PM,x,1,13.67,13.71644318
02/24/2020,10:15:00 PM,x,1,13.66,13.70374545
02/24/2020,10:20:00 PM,x,1,13.58,13.70195682
02/24/2020,10:25:00 PM,x,1,13.75,13.70653182
02/24/2020,10:30:00 PM,x,1.01,13.91,13.72016818
02/24/2020,10:35:00 PM,x,1.01,13.96,13.73380455
02/24/2020,10:40:00 PM,x,1,13.92,13.74471364
02/24/2020,10:45:00 PM,x,1,13.81,13.77925909
02/24/2020,10:50:00 PM,x,1,13.72,13.84925909
02/24/2020,10:55:00 PM,x,1,13.7,13.91016818
02/24/2020,11:00:00 PM,x,1,13.75,13.93925909
02/24/2020,11:05:00 PM,x,1,13.79,13.95474318
02/24/2020,11:10:00 PM,x,1,14.04,13.96110682
02/24/2020,11:15:00 PM,x,1,14.35,13.97747045
02/24/2020,11:20:00 PM,x,1,14.42,14.00110682
02/24/2020,11:25:00 PM,x,1.01,14.23,14.02019773
02/24/2020,11:30:00 PM,x,1,14.13,14.01295455
02/24/2020,11:35:00 PM,x,1,13.99,13.97840909
02/24/2020,11:40:00 PM,x,1,13.99,13.912075
02/24/2020,11:45:00 PM,x,1,13.98,13.81665
02/24/2020,11:50:00 PM,x,1,13.91,13.71031591
02/24/2020,11:55:00 PM,x,0.99,13.67,13.62670909
02/25/2020,12:00:00 AM,x,1,13.41,13.55398182
02/25/2020,12:05:00 AM,x,0.99,13.31,13.51670909
02/25/2020,12:10:00 AM,x,0.99,13.3,13.5058
02/25/2020,12:15:00 AM,x,0.99,13.25,13.53125455
02/25/2020,12:20:00 AM,x,1,13.31,13.58489091
02/25/2020,12:25:00 AM,x,1,13.33,13.65758864
02/25/2020,12:30:00 AM,x,1,13.58,13.74210455
02/25/2020,12:35:00 AM,x,1,13.87,13.83025682
02/25/2020,12:40:00 AM,x,1,14.26,13.92113636
02/25/2020,12:45:00 AM,x,1,14.5,14.02837955
02/25/2020,12:50:00 AM,x,1,14.47,14.13016818
02/25/2020,12:55:00 AM,x,1.01,14.34,14.22562273
02/25/2020,01:00:00 AM,x,1,14.28,14.30289545
02/25/2020,01:05:00 AM,x,1,14.3,14.35016818
02/25/2020,01:10:00 AM,x,1,14.43,14.34653182
02/25/2020,01:15:00 AM,x,1.01,14.43,14.30471364
02/25/2020,01:20:00 AM,x,1,14.38,14.26653182
02/25/2020,01:25:00 AM,x,1,14.43,14.24474318
02/25/2020,01:30:00 AM,x,1,14.39,14.22019773
02/25/2020,01:35:00 AM,x,1,14.22,14.19474318
02/25/2020,01:40:00 AM,x,1,14.04,14.14565227
02/25/2020,01:45:00 AM,x,1,14.05,14.082075
02/25/2020,01:50:00 AM,x,1,14.1,14.05119545
02/25/2020,01:55:00 AM,x,1,14.01,14.01940682
02/25/2020,02:00:00 AM,x,1,14.02,13.97307273
02/25/2020,02:05:00 AM,x,1,13.89,13.94946591
02/25/2020,02:10:00 AM,x,0.99,13.73,13.96492045
02/25/2020,02:15:00 AM,x,0.99,14.04,13.95949545
02/25/2020,02:20:00 AM,x,0.99,14.08,13.94861591
02/25/2020,02:25:00 AM,x,0.99,13.88,13.93500909
02/25/2020,02:30:00 AM,x,0.99,13.96,13.898675
02/25/2020,02:35:00 AM,x,1,14.21,13.86688636
02/25/2020,02:40:00 AM,x,0.99,13.99,13.85052273
02/25/2020,02:45:00 AM,x,0.99,13.98,13.82322045
02/25/2020,02:50:00 AM,x,0.99,13.86,13.78682727
02/25/2020,02:55:00 AM,x,0.99,13.62,13.75861591
02/25/2020,03:00:00 AM,x,0.99,13.54,13.70407045
02/25/2020,03:05:00 AM,x,0.99,13.55,13.60861591
02/25/2020,03:10:00 AM,x,1,13.74,13.51770682
02/25/2020,03:15:00 AM,x,1,13.68,13.42770682
02/25/2020,03:20:00 AM,x,1,13.57,13.33588864
02/25/2020,03:25:00 AM,x,0.99,13.36,13.23497955
02/25/2020,03:30:00 AM,x,1,13.16,13.10861591
02/25/2020,03:35:00 AM,x,0.99,12.99,12.95861591
02/25/2020,03:40:00 AM,x,0.99,12.99,12.79228182
02/25/2020,03:45:00 AM,x,0.99,12.85,12.63140227
02/25/2020,03:50:00 AM,x,0.99,12.51,12.47688636
02/25/2020,03:55:00 AM,x,0.99,12.15,12.33325
02/25/2020,04:00:00 AM,x,0.99,11.9,12.19509773
02/25/2020,04:05:00 AM,x,0.99,11.91,12.047825
02/25/2020,04:10:00 AM,x,0.99,11.91,11.88052273
02/25/2020,04:15:00 AM,x,0.99,11.87,11.72143182
02/25/2020,04:20:00 AM,x,0.99,11.78,11.60049318
02/25/2020,04:25:00 AM,x,0.99,11.64,11.50955455
02/25/2020,04:30:00 AM,x,0.99,11.37,11.44588864
02/25/2020,04:35:00 AM,x,1,11.15,11.38949545
02/25/2020,04:40:00 AM,x,0.99,11.1,11.32767727
02/25/2020,04:45:00 AM,x,1,11.18,11.24949545
02/25/2020,04:50:00 AM,x,1,11.15,11.18495
02/25/2020,04:55:00 AM,x,1,11.2,11.14673864
02/25/2020,05:00:00 AM,x,1,11.29,11.18670909
02/25/2020,05:05:00 AM,x,0.99,11.23,11.28489091
02/25/2020,05:10:00 AM,x,0.99,11.01,11.39395227
02/25/2020,05:15:00 AM,x,0.99,11.07,11.48577045
02/25/2020,05:20:00 AM,x,1,11.22,11.58667955
02/25/2020,05:25:00 AM,x,1,11.81,11.68758864
02/25/2020,05:30:00 AM,x,1,12.23,11.78395227
02/25/2020,05:35:00 AM,x,1,12.3,11.88662045
02/25/2020,05:40:00 AM,x,1,12.19,12.01177955
02/25/2020,05:45:00 AM,x,1,12.26,12.13080455
02/25/2020,05:50:00 AM,x,1,12.31,12.23560227
02/25/2020,05:55:00 AM,x,1,12.35,12.30546364
02/25/2020,06:00:00 AM,x,1.01,12.36,12.35405455
02/25/2020,06:05:00 AM,x,1.09,12.39,12.39045227
02/25/2020,06:10:00 AM,0,1.32,12.39,12.43735682
02/25/2020,06:15:00 AM,0,1.53,12.39,12.47320227
02/25/2020,06:20:00 AM,0,1.97,12.61,12.49821591
02/25/2020,06:25:00 AM,0,2.4,12.81,12.52237273
02/25/2020,06:30:00 AM,0,3.45,12.78,12.54783864
02/25/2020,06:35:00 AM,0.04,5.74,12.86,12.57655227
02/25/2020,06:40:00 AM,0.16,8.56,12.9,12.60644091
02/25/2020,06:45:00 AM,0.28,10.38,12.89,12.64468864
02/25/2020,06:50:00 AM,0.55,14.67,13.06,12.67313182
02/25/2020,06:55:00 AM,0.82,19.16,13.23,12.72926591
02/25/2020,07:00:00 AM,1.2,24.91,13.48,12.82002273
02/25/2020,07:05:00 AM,2.28,41.05,14.01,12.95667727
02/25/2020,07:10:00 AM,3.38,57.2,14.62,13.13041591
02/25/2020,07:15:00 AM,4.07,67.42,15.05,13.31309545
02/25/2020,07:20:00 AM,4.24,70.17,15.63,13.51051364
02/25/2020,07:25:00 AM,4.38,73.04,16.04,13.74793409
02/25/2020,07:30:00 AM,4.28,71.18,16.49,13.99495909
02/25/2020,07:35:00 AM,4.46,71.91,16.87,14.21552045
02/25/2020,07:40:00 AM,5.45,84.55,17.31,14.31790909
02/25/2020,07:45:00 AM,6.31,97.39,17.92,14.36854318
02/25/2020,07:50:00 AM,6.65,103.11,18.57,14.4578
02/25/2020,07:55:00 AM,7.01,106.84,18.86,14.28646364
02/25/2020,08:00:00 AM,7.8,116.86,18.9,14.36848636
02/25/2020,08:05:00 AM,9.7,149.93,18.76,14.86146136
02/25/2020,08:10:00 AM,12.66,202.59,20,15.20550682
02/25/2020,08:15:00 AM,13.33,211.96,21.22,15.37521364
02/25/2020,08:20:00 AM,21.31,361.8,23.54,15.49660227
02/25/2020,08:25:00 AM,21.3,385.88,27.62,15.69163409
02/25/2020,08:30:00 AM,13.42,221.98,27.17,15.94295682
02/25/2020,08:35:00 AM,12.25,197.95,24.78,16.28361364
02/25/2020,08:40:00 AM,14.68,242.72,24.51,16.70640682
02/25/2020,08:45:00 AM,16.5,266.64,25.22,17.16437955
02/25/2020,08:50:00 AM,15.95,254.06,25.79,18.050975
02/25/2020,08:55:00 AM,13.87,220.72,25.04,18.51626364
02/25/2020,09:00:00 AM,15.66,245.4,25.61,17.83897273
02/25/2020,09:05:00 AM,19.4,302.26,27.89,17.60091818
02/25/2020,09:10:00 AM,19.55,326.8,29.99,18.12387045
02/25/2020,09:15:00 AM,15.56,251.26,29.7,19.23908182
02/25/2020,09:20:00 AM,14.94,248.09,28.26,19.40625227
02/25/2020,09:25:00 AM,36.5,624.14,32.79,19.32032273
02/25/2020,09:30:00 AM,43.87,786.83,41.3,19.63032045
02/25/2020,09:35:00 AM,39.83,724.49,45.92,19.76333864
02/25/2020,09:40:00 AM,20.5,351.03,40.23,19.94411364
02/25/2020,09:45:00 AM,28.33,514.71,36.1,20.10494318
02/25/2020,09:50:00 AM,38.88,691.65,39.4,20.61475682
02/25/2020,09:55:00 AM,40.49,692.17,43.54,21.98769318
02/25/2020,10:00:00 AM,53.14,923.7,49.55,22.44077727
02/25/2020,10:05:00 AM,50.24,886.23,50.16,22.05362955
02/25/2020,10:10:00 AM,53.27,968.21,54.77,21.17847727
02/25/2020,10:15:00 AM,39.1,747.23,50.09,21.12613409
02/25/2020,10:20:00 AM,21.01,337.3,38.57,21.44038409
02/25/2020,10:25:00 AM,24.49,379.94,33.06,21.30050909
02/25/2020,10:30:00 AM,25,376.14,30.34,21.34767273
02/25/2020,10:35:00 AM,26.08,390.62,31.89,21.29475
02/25/2020,10:40:00 AM,27.05,402.58,31.88,21.09273864
02/25/2020,10:45:00 AM,23.57,335.75,31.29,20.64967045
02/25/2020,10:50:00 AM,22.14,315.82,29.77,19.88038182
02/25/2020,10:55:00 AM,20.59,292.66,29.56,19.75266136
02/25/2020,11:00:00 AM,18.71,264.45,29.37,20.36925909
02/25/2020,11:05:00 AM,19.21,275.66,30.04,20.48228182
02/25/2020,11:10:00 AM,21.17,294.73,30.51,19.73360455
02/25/2020,11:15:00 AM,27.91,390.29,31.83,19.78190227
02/25/2020,11:20:00 AM,37.09,565.63,37.69,20.15213636
02/25/2020,11:25:00 AM,27.46,390.83,37.6,20.540275
02/25/2020,11:30:00 AM,35.04,494.52,36.51,20.84248182
02/25/2020,11:35:00 AM,70.81,1150.44,47.95,21.79740682
02/25/2020,11:40:00 AM,67.31,1110.48,57,22.78712727
02/25/2020,11:45:00 AM,66.42,1114.51,59.8,24.5353
02/25/2020,11:50:00 AM,66.59,1121.29,60.76,25.63940455
02/25/2020,11:55:00 AM,66.61,1122.78,60.59,25.95516364
02/25/2020,12:00:00 PM,57.64,941.07,62.17,26.39909773
02/25/2020,12:05:00 PM,45.52,731.44,55.59,27.53818864
02/25/2020,12:10:00 PM,16.49,253.37,46.61,26.85640227
02/25/2020,12:15:00 PM,13.44,203.01,38.05,26.220825
02/25/2020,12:20:00 PM,12.38,179.65,34.21,27.46531136
02/25/2020,12:25:00 PM,15.5,219.65,32.46,27.82401818
02/25/2020,12:30:00 PM,18.26,258.44,31.49,26.76251591
02/25/2020,12:35:00 PM,42.68,643.7,34.33,26.65048864
02/25/2020,12:40:00 PM,60,956.09,47.66,25.64383182
02/25/2020,12:45:00 PM,17.42,249.31,46.11,25.14870682
02/25/2020,12:50:00 PM,22.03,310.91,38.15,24.86054318
02/25/2020,12:55:00 PM,47.76,696.04,42.53,24.75551364
02/25/2020,01:00:00 PM,14.34,202.28,37.16,24.82906818
02/25/2020,01:05:00 PM,12.4,166.7,32.72,25.72200909
02/25/2020,01:10:00 PM,11.11,137.36,30.47,26.27383636
02/25/2020,01:15:00 PM,7.01,97.49,28.37,24.85845682
02/25/2020,01:20:00 PM,5.26,69.66,26.43,24.22092273
02/25/2020,01:25:00 PM,4.54,50.16,25.53,24.07048182
02/25/2020,01:30:00 PM,3.49,43.32,24.64,22.737275
02/25/2020,01:35:00 PM,2.9,37.01,23.86,21.55158182
02/25/2020,01:40:00 PM,2.18,25.9,23.28,20.43919318
02/25/2020,01:45:00 PM,1.97,25.46,21.86,19.35237955
02/25/2020,01:50:00 PM,1.99,25.42,19.08,18.26694318
02/25/2020,01:55:00 PM,2.96,38.75,17.18,17.26624773
02/25/2020,02:00:00 PM,1.81,25.55,15.09,16.34448182
02/25/2020,02:05:00 PM,1.03,16.63,14.31,15.42414318
02/25/2020,02:10:00 PM,0.76,13.95,13.7,14.47059545
02/25/2020,02:15:00 PM,0.74,15.5,12.73,13.62919318
02/25/2020,02:20:00 PM,1.15,21.78,13.6,13.097925
02/25/2020,02:25:00 PM,2.17,35.61,14.25,12.81992273
02/25/2020,02:30:00 PM,3.18,49.74,14.15,12.67688182
02/25/2020,02:35:00 PM,2.6,41.87,13.31,12.59341591
02/25/2020,02:40:00 PM,2.34,38.55,13.03,12.52749773
02/25/2020,02:45:00 PM,1.54,27.08,13.29,12.54960455
02/25/2020,02:50:00 PM,1.87,31.92,13.9,12.47593409
02/25/2020,02:55:00 PM,2.78,43.81,14.11,12.32457955
02/25/2020,03:00:00 PM,3.84,56.88,14.7,12.22405909
02/25/2020,03:05:00 PM,4.26,63.03,14.57,12.25430227
02/25/2020,03:10:00 PM,4.38,63.71,14.54,12.32070909
02/25/2020,03:15:00 PM,5.4,79.33,14.66,12.27235227
02/25/2020,03:20:00 PM,7.02,102.53,14.76,12.23295455
02/25/2020,03:25:00 PM,9.53,136.07,15.85,12.23202273
02/25/2020,03:30:00 PM,9.36,133.48,16.62,12.23821136
02/25/2020,03:35:00 PM,10.58,141.92,17.12,12.30060682
02/25/2020,03:40:00 PM,12.72,168.37,17.35,12.46681818
02/25/2020,03:45:00 PM,8.63,121.87,16.39,12.70441818
02/25/2020,03:50:00 PM,5.23,75.51,15.13,12.99319545
02/25/2020,03:55:00 PM,3.79,58.17,14.81,13.29323636
02/25/2020,04:00:00 PM,4.64,67.45,15.4,13.49836591
02/25/2020,04:05:00 PM,2.42,41.3,15.64,13.61386818
02/25/2020,04:10:00 PM,1.01,20.45,15.36,13.7343
02/25/2020,04:15:00 PM,0.52,12.79,15.02,13.76228864
02/25/2020,04:20:00 PM,0.31,10.21,15.06,13.72304318
02/25/2020,04:25:00 PM,0.2,9.59,14.85,13.61771591
02/25/2020,04:30:00 PM,0,3.75,13.9,13.50865227
02/25/2020,04:35:00 PM,0.07,6.07,13.4,13.17690227
02/25/2020,04:40:00 PM,0.29,9.32,13.04,12.82581591
02/25/2020,04:45:00 PM,0.19,7.87,12.5,12.44379318
02/25/2020,04:50:00 PM,0,3.05,11.86,12.02740909
02/25/2020,04:55:00 PM,0,2.21,12.08,11.63131818
02/25/2020,05:00:00 PM,0.06,6.2,10.85,11.32942045
02/25/2020,05:05:00 PM,0.18,8.51,11.11,11.07601591
02/25/2020,05:10:00 PM,0.32,10.09,10.73,10.86175455
02/25/2020,05:15:00 PM,0.41,11.14,10.51,10.70091591
02/25/2020,05:20:00 PM,0.55,13.19,10.61,10.59836136
02/25/2020,05:25:00 PM,0.55,12.7,10.87,10.5048
02/25/2020,05:30:00 PM,0.47,11.53,10.79,10.53652045
02/25/2020,05:35:00 PM,0.4,11.07,10.74,10.55132273
02/25/2020,05:40:00 PM,0.34,10,10.8,10.603
02/25/2020,05:45:00 PM,0.23,8.53,10.91,10.69134091
02/25/2020,05:50:00 PM,0.11,6.8,11.2,10.78248636
02/25/2020,05:55:00 PM,0.05,5.31,11.17,10.85890227
02/25/2020,06:00:00 PM,0,3.5,11.11,10.96637727
02/25/2020,06:05:00 PM,0,1.83,11.03,11.10246364
02/25/2020,06:10:00 PM,0,1.24,11.16,11.26175227
02/25/2020,06:15:00 PM,0,1.11,11.22,11.43760682
02/25/2020,06:20:00 PM,0,0.99,11.33,11.59925909
02/25/2020,06:25:00 PM,0,1,11.63,11.77738864
02/25/2020,06:30:00 PM,x,1.01,11.91,11.95926136
02/25/2020,06:35:00 PM,x,1.01,12.26,12.14529091
02/25/2020,06:40:00 PM,x,1.01,12.6,12.32506136
02/25/2020,06:45:00 PM,x,1.01,12.79,12.50172045
02/25/2020,06:50:00 PM,x,1.02,12.99,12.66075227
02/25/2020,06:55:00 PM,x,1.02,13.03,12.77345
02/25/2020,07:00:00 PM,x,1.02,13.05,12.85526818
02/25/2020,07:05:00 PM,x,1.01,13.13,12.91890455
02/25/2020,07:10:00 PM,x,1.01,13.16,12.96435909
02/25/2020,07:15:00 PM,x,1.01,13.08,12.99163182
02/25/2020,07:20:00 PM,x,1.01,12.87,12.99987273
02/25/2020,07:25:00 PM,x,1.01,12.81,12.98993182
02/25/2020,07:30:00 PM,x,1.01,12.96,12.95450682
02/25/2020,07:35:00 PM,x,1.01,13.1,12.89817273
02/25/2020,07:40:00 PM,x,1.01,13.09,12.875475
02/25/2020,07:45:00 PM,x,1,13.08,12.89550455
02/25/2020,07:50:00 PM,x,1,12.92,12.96186818
02/25/2020,07:55:00 PM,x,1.01,12.66,13.07095909
02/25/2020,08:00:00 PM,x,1,12.51,13.19095909
02/25/2020,08:05:00 PM,x,1,12.91,13.30186818
02/25/2020,08:10:00 PM,x,1,13.3,13.37914091
02/25/2020,08:15:00 PM,x,1.01,13.6,13.44183864
02/25/2020,08:20:00 PM,x,1.01,14.01,13.50638409
02/25/2020,08:25:00 PM,x,1.01,14.28,13.57914091
02/25/2020,08:30:00 PM,x,1.01,14.32,13.66914091
02/25/2020,08:35:00 PM,x,1.01,13.94,13.72095909
02/25/2020,08:40:00 PM,x,1.01,13.77,13.71732273
02/25/2020,08:45:00 PM,x,1,13.63,13.67553409
02/25/2020,08:50:00 PM,x,1,13.46,13.59374545
02/25/2020,08:55:00 PM,x,1,13.5,13.47559318
02/25/2020,09:00:00 PM,x,1,13.48,13.34110682
02/25/2020,09:05:00 PM,x,1,13.26,13.23659091
02/25/2020,09:10:00 PM,x,1,13.14,13.16934773
02/25/2020,09:15:00 PM,x,1,13.11,13.15116591
02/25/2020,09:20:00 PM,x,1,12.98,13.16480227
02/25/2020,09:25:00 PM,x,0.99,12.84,13.17843864
02/25/2020,09:30:00 PM,x,1,12.79,13.20025682
02/25/2020,09:35:00 PM,x,1,13.03,13.21025682
02/25/2020,09:40:00 PM,x,1,13.43,13.20571136
02/25/2020,09:45:00 PM,x,1,13.61,13.19392273
02/25/2020,09:50:00 PM,x,1,13.65,13.21395227
02/25/2020,09:55:00 PM,x,1,13.72,13.26849773
02/25/2020,10:00:00 PM,x,1,13.37,13.34577045
02/25/2020,10:05:00 PM,x,1,13.09,13.43486136
02/25/2020,10:10:00 PM,x,0.99,12.98,13.50304318
02/25/2020,10:15:00 PM,x,0.99,13.2,13.56213409
02/25/2020,10:20:00 PM,x,0.99,13.44,13.621225
02/25/2020,10:25:00 PM,x,1,13.64,13.66940682
02/25/2020,10:30:00 PM,x,1,14.01,13.75758864
02/25/2020,10:35:00 PM,x,1,14.18,13.85031591
02/25/2020,10:40:00 PM,x,1,14.26,13.92119545
02/25/2020,10:45:00 PM,x,1,14.3,13.96301364
02/25/2020,10:50:00 PM,x,1,14.25,13.98028636
02/25/2020,10:55:00 PM,x,1,14.34,13.98486136
02/25/2020,11:00:00 PM,x,1,14.11,13.97940682
02/25/2020,11:05:00 PM,x,1,13.76,13.98213409
02/25/2020,11:10:00 PM,x,0.99,13.66,13.99395227
02/25/2020,11:15:00 PM,x,0.99,13.63,13.98213409
02/25/2020,11:20:00 PM,x,0.99,13.69,13.94213409
02/25/2020,11:25:00 PM,x,1,13.95,13.881225
02/25/2020,11:30:00 PM,x,1,14.21,13.84034545
02/25/2020,11:35:00 PM,x,1,14.39,13.85163
02/25/2020,11:40:00 PM,x,1,14.17,13.87649722
02/25/2020,11:45:00 PM,x,1,13.81,13.91133125
02/25/2020,11:50:00 PM,x,1,13.67,13.94754643
02/25/2020,11:55:00 PM,x,0.99,13.66,13.95255417
